# Blender v2.93.18 OBJ File: ''
# www.blender.org
mtllib normal_ico_0.mtl
o normal_ico#0_Mesh_(normal_ico#0)
v -0.989746 0.830322 0.393066
v -0.624268 0.565430 0.393311
v -0.629150 0.765381 0.735107
v -0.629150 0.765381 0.735107
v -0.798096 0.887695 0.735107
v -0.989746 0.830322 0.393066
v -1.362549 1.343994 -0.004883
v -1.223877 1.152832 -0.384277
v -1.110107 0.922119 -0.081787
v -1.110107 0.922119 -0.081787
v -1.173828 1.009766 0.090576
v -1.362549 1.343994 -0.004883
v -1.110107 0.922119 -0.081787
v -0.850586 0.639404 0.013672
v -0.989746 0.830322 0.393066
v -0.989746 0.830322 0.393066
v -1.173828 1.009766 0.090576
v -1.110107 0.922119 -0.081787
v -1.406494 1.835449 -0.081787
v -1.362793 1.582031 -0.384521
v -1.362549 1.343994 -0.004883
v -1.362549 1.343994 -0.004883
v -1.406494 1.725586 0.090576
v -1.406494 1.835449 -0.081787
v -1.362793 1.979004 0.393311
v -1.362549 2.216797 0.013672
v -1.406494 1.835449 -0.081787
v -1.406494 1.835449 -0.081787
v -1.406494 1.725586 0.090576
v -1.362793 1.979004 0.393311
v -0.989746 1.703857 -1.017822
v -0.850098 1.273438 -1.018066
v -1.110107 1.317383 -0.726562
v -1.110107 1.317383 -0.726562
v -1.174316 1.515625 -0.726562
v -0.989746 1.703857 -1.017822
v -1.110107 1.317383 -0.726562
v -1.223877 1.152832 -0.384277
v -1.362793 1.582031 -0.384521
v -1.362793 1.582031 -0.384521
v -1.174316 1.515625 -0.726562
v -1.110107 1.317383 -0.726562
v -0.989746 1.703857 -1.017822
v -0.800049 2.033691 -1.116455
v -0.631836 1.979492 -1.230469
v -0.631836 1.979492 -1.230469
v -0.625732 1.583496 -1.258301
v -0.989746 1.703857 -1.017822
v -0.631836 1.979492 -1.230469
v -0.800049 2.033691 -1.116455
v -0.759521 2.412354 -1.018066
v -0.759521 2.412354 -1.018066
v -0.394287 2.296875 -1.258301
v -0.631836 1.979492 -1.230469
v -0.502930 1.117920 -1.116455
v -0.850098 1.273438 -1.018066
v -0.625732 1.583496 -1.258301
v -0.625732 1.583496 -1.258301
v -0.397949 1.259766 -1.230469
v -0.502930 1.117920 -1.116455
v 0.358887 1.259521 -1.229980
v 0.587646 1.583496 -1.257812
v 0.807373 1.272949 -1.018066
v 0.807373 1.272949 -1.018066
v 0.459717 1.117432 -1.116455
v 0.358887 1.259521 -1.229980
v 0.593018 1.979980 -1.229736
v 0.757812 2.033447 -1.116211
v 0.947510 1.703369 -1.018066
v 0.947510 1.703369 -1.018066
v 0.587646 1.583496 -1.257812
v 0.593018 1.979980 -1.229736
v 0.593018 1.979980 -1.229736
v 0.355469 2.297119 -1.258057
v 0.717529 2.411621 -1.018066
v 0.717529 2.411621 -1.018066
v 0.757812 2.033447 -1.116211
v 0.593018 1.979980 -1.229736
v -0.019775 2.424805 -1.229980
v -0.394287 2.296875 -1.258301
v -0.393066 2.677979 -1.018066
v -0.393066 2.677979 -1.018066
v -0.020996 2.599609 -1.116455
v -0.019775 2.424805 -1.229980
v -0.019775 2.424805 -1.229980
v -0.020996 2.599609 -1.116455
v 0.351318 2.677979 -1.018066
v 0.351318 2.677979 -1.018066
v 0.355469 2.297119 -1.258057
v -0.019775 2.424805 -1.229980
v 0.807373 1.272949 -1.018066
v 0.947510 1.703369 -1.018066
v 1.132324 1.514893 -0.726562
v 1.132324 1.514893 -0.726562
v 1.067627 1.316895 -0.726562
v 0.807373 1.272949 -1.018066
v 0.717529 2.411621 -1.018066
v 0.351318 2.677979 -1.018066
v 0.587891 2.795410 -0.726562
v 0.587891 2.795410 -0.726562
v 0.756348 2.672607 -0.726562
v 0.717529 2.411621 -1.018066
v 0.587891 2.795410 -0.726562
v 0.583252 2.995361 -0.384277
v 0.947998 2.729736 -0.384521
v 0.947998 2.729736 -0.384521
v 0.756348 2.672607 -0.726562
v 0.587891 2.795410 -0.726562
v 0.947998 2.729736 -0.384521
v 0.807861 2.922119 -0.004883
v 1.067627 2.639404 0.090576
v 1.067627 2.639404 0.090576
v 1.132080 2.550537 -0.081787
v 0.947998 2.729736 -0.384521
v 0.807617 2.287842 1.027100
v 0.947754 1.857910 1.027100
v 1.132324 2.046143 0.735107
v 1.132324 2.046143 0.735107
v 1.067627 2.244141 0.735107
v 0.807617 2.287842 1.027100
v 0.355957 2.299316 1.237549
v 0.583740 1.976807 1.264160
v 0.807617 2.287842 1.027100
v 0.807617 2.287842 1.027100
v 0.459717 2.442871 1.126465
v 0.355957 2.299316 1.237549
v 0.757324 1.527832 1.126465
v 0.947754 1.857910 1.027100
v 0.583740 1.976807 1.264160
v 0.583740 1.976807 1.264160
v 0.588867 1.582275 1.237549
v 0.757324 1.527832 1.126465
v -1.223877 2.408203 0.393066
v -1.362793 1.979004 0.393311
v -1.174316 2.045410 0.735107
v -1.174316 2.045410 0.735107
v -1.110352 2.243652 0.735107
v -1.223877 2.408203 0.393066
v -0.850586 2.921631 -0.004883
v -0.989502 2.730713 -0.384277
v -1.173828 2.551025 -0.081787
v -1.173828 2.551025 -0.081787
v -1.110107 2.638916 0.090576
v -0.850586 2.921631 -0.004883
v -1.173828 2.551025 -0.081787
v -1.362549 2.216797 0.013672
v -1.223877 2.408203 0.393066
v -1.223877 2.408203 0.393066
v -1.110107 2.638916 0.090576
v -1.173828 2.551025 -0.081787
v -0.629150 2.795410 -0.726562
v -0.393066 2.677979 -1.018066
v -0.759521 2.412354 -1.018066
v -0.759521 2.412354 -1.018066
v -0.798096 2.673340 -0.726562
v -0.629150 2.795410 -0.726562
v -0.989502 2.730713 -0.384277
v -0.624268 2.995361 -0.384521
v -0.629150 2.795410 -0.726562
v -0.629150 2.795410 -0.726562
v -0.798096 2.673340 -0.726562
v -0.989502 2.730713 -0.384277
v -0.396729 3.115234 -0.081787
v -0.624268 2.995361 -0.384521
v -0.850586 2.921631 -0.004883
v -0.850586 2.921631 -0.004883
v -0.501221 3.081299 0.090576
v -0.396729 3.115234 -0.081787
v -0.246826 3.118164 0.393311
v -0.020508 3.191406 0.013672
v -0.396729 3.115234 -0.081787
v -0.396729 3.115234 -0.081787
v -0.501221 3.081299 0.090576
v -0.246826 3.118164 0.393311
v 0.458740 3.081543 0.090576
v 0.807861 2.922119 -0.004883
v 0.583252 2.995361 -0.384277
v 0.583252 2.995361 -0.384277
v 0.355469 3.115234 -0.081787
v 0.458740 3.081543 0.090576
v -0.020508 3.191406 0.013672
v 0.204102 3.118652 0.393066
v 0.458740 3.081543 0.090576
v 0.458740 3.081543 0.090576
v 0.355469 3.115234 -0.081787
v -0.020508 3.191406 0.013672
v 0.204102 3.118652 0.393066
v -0.246826 3.118164 0.393311
v -0.125488 2.959229 0.735107
v -0.125488 2.959229 0.735107
v 0.082764 2.959717 0.735107
v 0.204102 3.118652 0.393066
v -0.396729 0.445801 0.090576
v -0.624268 0.565430 0.393311
v -0.850586 0.639404 0.013672
v -0.850586 0.639404 0.013672
v -0.501221 0.479736 -0.081787
v -0.396729 0.445801 0.090576
v 0.947998 0.831055 0.393311
v 0.756348 0.888184 0.735107
v 0.587891 0.765381 0.735107
v 0.587891 0.765381 0.735107
v 0.583252 0.565430 0.393066
v 0.947998 0.831055 0.393311
v 0.583252 0.565430 0.393066
v 0.355469 0.445801 0.090576
v 0.458740 0.479248 -0.081787
v 0.458740 0.479248 -0.081787
v 0.807861 0.638916 0.013672
v 0.583252 0.565430 0.393066
v 0.807861 0.638916 0.013672
v 1.067627 0.921631 -0.081787
v 1.132080 1.010498 0.090576
v 1.132080 1.010498 0.090576
v 0.947998 0.831055 0.393311
v 0.807861 0.638916 0.013672
v 1.320801 1.344971 -0.004883
v 1.132080 1.010498 0.090576
v 1.067627 0.921631 -0.081787
v 1.067627 0.921631 -0.081787
v 1.181152 1.152344 -0.384521
v 1.320801 1.344971 -0.004883
v 1.181152 1.152344 -0.384521
v 1.067627 1.316895 -0.726562
v 1.132324 1.514893 -0.726562
v 1.132324 1.514893 -0.726562
v 1.321045 1.581299 -0.384277
v 1.181152 1.152344 -0.384521
v 1.321045 1.581299 -0.384277
v 1.364502 1.834717 -0.081787
v 1.364502 1.726318 0.090576
v 1.364502 1.726318 0.090576
v 1.320801 1.344971 -0.004883
v 1.321045 1.581299 -0.384277
v 1.321045 1.979736 0.393066
v 1.364502 1.726318 0.090576
v 1.364502 1.834717 -0.081787
v 1.364502 1.834717 -0.081787
v 1.320801 2.216064 0.013672
v 1.321045 1.979736 0.393066
v 1.320801 2.216064 0.013672
v 1.132080 2.550537 -0.081787
v 1.067627 2.639404 0.090576
v 1.067627 2.639404 0.090576
v 1.181152 2.408691 0.393311
v 1.320801 2.216064 0.013672
v 1.181152 2.408691 0.393311
v 1.067627 2.244141 0.735107
v 1.132324 2.046143 0.735107
v 1.132324 2.046143 0.735107
v 1.321045 1.979736 0.393066
v 1.181152 2.408691 0.393311
v 0.717529 1.148926 1.027100
v 0.757324 1.527832 1.126465
v 0.588867 1.582275 1.237549
v 0.588867 1.582275 1.237549
v 0.352539 1.265869 1.264160
v 0.717529 1.148926 1.027100
v 0.352539 1.265869 1.264160
v -0.020996 1.139160 1.237549
v -0.020752 0.961914 1.126465
v -0.020752 0.961914 1.126465
v 0.351807 0.883057 1.027100
v 0.352539 1.265869 1.264160
v 0.351807 0.883057 1.027100
v 0.587891 0.765381 0.735107
v 0.756348 0.888184 0.735107
v 0.756348 0.888184 0.735107
v 0.717529 1.148926 1.027100
v 0.351807 0.883057 1.027100
v -0.393311 0.882812 1.027100
v -0.020752 0.961914 1.126465
v -0.020996 1.139160 1.237549
v -0.020996 1.139160 1.237549
v -0.394775 1.266113 1.264160
v -0.393311 0.882812 1.027100
v -0.394775 1.266113 1.264160
v -0.630859 1.582275 1.237549
v -0.799316 1.527344 1.126465
v -0.799316 1.527344 1.126465
v -0.759277 1.148438 1.027100
v -0.394775 1.266113 1.264160
v -0.759277 1.148438 1.027100
v -0.798096 0.887695 0.735107
v -0.629150 0.765381 0.735107
v -0.629150 0.765381 0.735107
v -0.393311 0.882812 1.027100
v -0.759277 1.148438 1.027100
v -0.850342 2.287354 1.027100
v -1.110352 2.243652 0.735107
v -1.174316 2.045410 0.735107
v -1.174316 2.045410 0.735107
v -0.989502 1.857178 1.027100
v -0.850342 2.287354 1.027100
v -0.989502 1.857178 1.027100
v -0.799316 1.527344 1.126465
v -0.630859 1.582275 1.237549
v -0.630859 1.582275 1.237549
v -0.625732 1.977051 1.264160
v -0.989502 1.857178 1.027100
v -0.625732 1.977051 1.264160
v -0.397705 2.299316 1.237549
v -0.502197 2.442627 1.126465
v -0.502197 2.442627 1.126465
v -0.850342 2.287354 1.027100
v -0.625732 1.977051 1.264160
v -0.247314 2.725586 1.027100
v -0.502197 2.442627 1.126465
v -0.397705 2.299316 1.237549
v -0.397705 2.299316 1.237549
v -0.020752 2.416504 1.264160
v -0.247314 2.725586 1.027100
v -0.020752 2.416504 1.264160
v 0.355957 2.299316 1.237549
v 0.459717 2.442871 1.126465
v 0.459717 2.442871 1.126465
v 0.204590 2.725830 1.027100
v -0.020752 2.416504 1.264160
v 0.204590 2.725830 1.027100
v 0.082764 2.959717 0.735107
v -0.125488 2.959229 0.735107
v -0.125488 2.959229 0.735107
v -0.247314 2.725586 1.027100
v 0.204590 2.725830 1.027100
v -0.019287 1.142822 -1.258301
v 0.358887 1.259521 -1.229980
v 0.459717 1.117432 -1.116455
v 0.459717 1.117432 -1.116455
v 0.204834 0.835205 -1.018066
v -0.019287 1.142822 -1.258301
v 0.204834 0.835205 -1.018066
v 0.082764 0.601318 -0.726562
v -0.125488 0.601807 -0.726562
v -0.125488 0.601807 -0.726562
v -0.247559 0.835693 -1.018066
v 0.204834 0.835205 -1.018066
v -0.397949 1.259766 -1.230469
v -0.019287 1.142822 -1.258301
v -0.247559 0.835693 -1.018066
v -0.247559 0.835693 -1.018066
v -0.502930 1.117920 -1.116455
v -0.397949 1.259766 -1.230469
v 0.204102 0.442383 -0.384277
v 0.458740 0.479248 -0.081787
v 0.355469 0.445801 0.090576
v 0.355469 0.445801 0.090576
v -0.020508 0.369629 -0.004883
v 0.204102 0.442383 -0.384277
v -0.020508 0.369629 -0.004883
v -0.396729 0.445801 0.090576
v -0.501221 0.479736 -0.081787
v -0.501221 0.479736 -0.081787
v -0.246826 0.442871 -0.384521
v -0.020508 0.369629 -0.004883
v -0.246826 0.442871 -0.384521
v -0.125488 0.601807 -0.726562
v 0.082764 0.601318 -0.726562
v 0.082764 0.601318 -0.726562
v 0.204102 0.442383 -0.384277
v -0.246826 0.442871 -0.384521
v 0.807617 2.287842 1.027100
v 0.583740 1.976807 1.264160
v 0.947754 1.857910 1.027100
v 0.717529 1.148926 1.027100
v 0.352539 1.265869 1.264160
v 0.351807 0.883057 1.027100
v 0.947998 0.831055 0.393311
v 0.583252 0.565430 0.393066
v 0.807861 0.638916 0.013672
v 1.321045 1.581299 -0.384277
v 1.320801 1.344971 -0.004883
v 1.181152 1.152344 -0.384521
v 1.320801 2.216064 0.013672
v 1.181152 2.408691 0.393311
v 1.321045 1.979736 0.393066
v 0.583252 2.995361 -0.384277
v 0.807861 2.922119 -0.004883
v 0.947998 2.729736 -0.384521
v -0.020508 3.191406 0.013672
v -0.246826 3.118164 0.393311
v 0.204102 3.118652 0.393066
v 0.204590 2.725830 1.027100
v -0.247314 2.725586 1.027100
v -0.020752 2.416504 1.264160
v -0.625732 1.977051 1.264160
v -0.850342 2.287354 1.027100
v -0.989502 1.857178 1.027100
v -0.394775 1.266113 1.264160
v -0.759277 1.148438 1.027100
v -0.393311 0.882812 1.027100
v -0.624268 0.565430 0.393311
v -0.989746 0.830322 0.393066
v -0.850586 0.639404 0.013672
v -0.020508 0.369629 -0.004883
v -0.246826 0.442871 -0.384521
v 0.204102 0.442383 -0.384277
v -1.223877 2.408203 0.393066
v -1.362549 2.216797 0.013672
v -1.362793 1.979004 0.393311
v -1.362549 1.343994 -0.004883
v -1.362793 1.582031 -0.384521
v -1.223877 1.152832 -0.384277
v -0.989746 1.703857 -1.017822
v -0.625732 1.583496 -1.258301
v -0.850098 1.273438 -1.018066
v -0.247559 0.835693 -1.018066
v -0.019287 1.142822 -1.258301
v 0.204834 0.835205 -1.018066
v 0.587646 1.583496 -1.257812
v 0.947510 1.703369 -1.018066
v 0.807373 1.272949 -1.018066
v 0.355469 2.297119 -1.258057
v 0.351318 2.677979 -1.018066
v 0.717529 2.411621 -1.018066
v -0.393066 2.677979 -1.018066
v -0.394287 2.296875 -1.258301
v -0.759521 2.412354 -1.018066
v -0.850586 2.921631 -0.004883
v -0.624268 2.995361 -0.384521
v -0.989502 2.730713 -0.384277
v 0.204834 0.835205 -1.018066
v 0.459717 1.117432 -1.116455
v 0.718506 0.761230 -1.086670
v 0.807373 1.272949 -1.018066
v 0.718506 0.761230 -1.086670
v 0.459717 1.117432 -1.116455
v 0.807373 1.272949 -1.018066
v 1.067627 1.316895 -0.726562
v 1.112305 0.889404 -0.833008
v 1.181152 1.152344 -0.384521
v 1.112305 0.889404 -0.833008
v 1.067627 1.316895 -0.726562
v 1.181152 1.152344 -0.384521
v 1.067627 0.921631 -0.081787
v 1.113037 0.633789 -0.414795
v 0.807861 0.638916 0.013672
v 1.113037 0.633789 -0.414795
v 1.067627 0.921631 -0.081787
v 0.807861 0.638916 0.013672
v 0.458740 0.479248 -0.081787
v 0.718262 0.346924 -0.414795
v 0.204102 0.442383 -0.384277
v 0.718262 0.346924 -0.414795
v 0.458740 0.479248 -0.081787
v 0.204102 0.442383 -0.384277
v 0.082764 0.601318 -0.726562
v 0.475342 0.426758 -0.833008
v 0.204834 0.835205 -1.018066
v 0.475342 0.426758 -0.833008
v 0.082764 0.601318 -0.726562
v -0.625732 1.583496 -1.258301
v -0.631836 1.979492 -1.230469
v -0.417236 1.909912 -1.611084
v -0.394287 2.296875 -1.258301
v -0.417236 1.909912 -1.611084
v -0.631836 1.979492 -1.230469
v -0.394287 2.296875 -1.258301
v -0.019775 2.424805 -1.229980
v -0.019287 2.199707 -1.610840
v 0.355469 2.297119 -1.258057
v -0.019287 2.199707 -1.610840
v -0.019775 2.424805 -1.229980
v 0.355469 2.297119 -1.258057
v 0.593018 1.979980 -1.229736
v 0.379150 1.910400 -1.610596
v 0.587646 1.583496 -1.257812
v 0.379150 1.910400 -1.610596
v 0.593018 1.979980 -1.229736
v 0.587646 1.583496 -1.257812
v 0.358887 1.259521 -1.229980
v 0.226807 1.441895 -1.610596
v -0.019287 1.142822 -1.258301
v 0.226807 1.441895 -1.610596
v 0.358887 1.259521 -1.229980
v -0.019287 1.142822 -1.258301
v -0.397949 1.259766 -1.230469
v -0.265137 1.442139 -1.611084
v -0.625732 1.583496 -1.258301
v -0.265137 1.442139 -1.611084
v -0.397949 1.259766 -1.230469
v -0.850586 0.639404 0.013672
v -1.110107 0.922119 -0.081787
v -1.155762 0.634277 -0.414795
v -1.223877 1.152832 -0.384277
v -1.155762 0.634277 -0.414795
v -1.110107 0.922119 -0.081787
v -1.223877 1.152832 -0.384277
v -1.110107 1.317383 -0.726562
v -1.155029 0.889893 -0.833008
v -0.850098 1.273438 -1.018066
v -1.155029 0.889893 -0.833008
v -1.110107 1.317383 -0.726562
v -0.850098 1.273438 -1.018066
v -0.502930 1.117920 -1.116455
v -0.761719 0.761719 -1.086670
v -0.247559 0.835693 -1.018066
v -0.761719 0.761719 -1.086670
v -0.502930 1.117920 -1.116455
v -0.247559 0.835693 -1.018066
v -0.125488 0.601807 -0.726562
v -0.518066 0.427002 -0.833008
v -0.246826 0.442871 -0.384521
v -0.518066 0.427002 -0.833008
v -0.125488 0.601807 -0.726562
v -0.246826 0.442871 -0.384521
v -0.501221 0.479736 -0.081787
v -0.760986 0.347412 -0.414795
v -0.850586 0.639404 0.013672
v -0.760986 0.347412 -0.414795
v -0.501221 0.479736 -0.081787
v -1.362793 1.582031 -0.384521
v -1.406494 1.835449 -0.081787
v -1.612549 2.041504 -0.414795
v -1.362549 2.216797 0.013672
v -1.612549 2.041504 -0.414795
v -1.406494 1.835449 -0.081787
v -1.362549 2.216797 0.013672
v -1.173828 2.551025 -0.081787
v -1.461670 2.505615 -0.414795
v -0.989502 2.730713 -0.384277
v -1.461670 2.505615 -0.414795
v -1.173828 2.551025 -0.081787
v -0.989502 2.730713 -0.384277
v -0.798096 2.673340 -0.726562
v -1.218262 2.583984 -0.833008
v -0.759521 2.412354 -1.018066
v -1.218262 2.583984 -0.833008
v -0.798096 2.673340 -0.726562
v -0.759521 2.412354 -1.018066
v -0.800049 2.033691 -1.116455
v -1.218750 2.169922 -1.086670
v -0.989746 1.703857 -1.017822
v -1.218750 2.169922 -1.086670
v -0.800049 2.033691 -1.116455
v -0.989746 1.703857 -1.017822
v -1.174316 1.515625 -0.726562
v -1.461670 1.834961 -0.833008
v -1.362793 1.582031 -0.384521
v -1.461670 1.834961 -0.833008
v -1.174316 1.515625 -0.726562
v -0.759277 1.148438 1.027100
v -1.218262 0.977051 0.841797
v -0.798096 0.887695 0.735107
v -0.759277 1.148438 1.027100
v -0.799316 1.527344 1.126465
v -1.218262 1.391113 1.095947
v -0.989502 1.857178 1.027100
v -1.218262 1.391113 1.095947
v -0.799316 1.527344 1.126465
v -0.989502 1.857178 1.027100
v -1.174316 2.045410 0.735107
v -1.461670 1.725830 0.841797
v -1.362793 1.979004 0.393311
v -1.461670 1.725830 0.841797
v -1.174316 2.045410 0.735107
v -1.362793 1.979004 0.393311
v -1.406494 1.725586 0.090576
v -1.612549 1.519287 0.423584
v -1.362549 1.343994 -0.004883
v -1.612549 1.519287 0.423584
v -1.406494 1.725586 0.090576
v -1.362549 1.343994 -0.004883
v -1.173828 1.009766 0.090576
v -1.461670 1.055420 0.423584
v -0.989746 0.830322 0.393066
v -1.461670 1.055420 0.423584
v -1.173828 1.009766 0.090576
v -0.989746 0.830322 0.393066
v -0.798096 0.887695 0.735107
v -1.218262 0.977051 0.841797
v -0.624268 0.565430 0.393311
v -0.396729 0.445801 0.090576
v -0.264404 0.186035 0.423584
v -0.020508 0.369629 -0.004883
v -0.264404 0.186035 0.423584
v -0.396729 0.445801 0.090576
v -0.020508 0.369629 -0.004883
v 0.355469 0.445801 0.090576
v 0.223145 0.186279 0.423584
v 0.583252 0.565430 0.393066
v 0.223145 0.186279 0.423584
v 0.355469 0.445801 0.090576
v 0.583252 0.565430 0.393066
v 0.587891 0.765381 0.735107
v 0.373047 0.393311 0.841797
v 0.351807 0.883057 1.027100
v 0.373047 0.393311 0.841797
v 0.587891 0.765381 0.735107
v 0.351807 0.883057 1.027100
v -0.020752 0.961914 1.126465
v -0.020508 0.521240 1.095947
v -0.393311 0.882812 1.027100
v -0.020508 0.521240 1.095947
v -0.020752 0.961914 1.126465
v -0.393311 0.882812 1.027100
v -0.629150 0.765381 0.735107
v -0.414307 0.393311 0.841797
v -0.624268 0.565430 0.393311
v -0.414307 0.393311 0.841797
v -0.629150 0.765381 0.735107
v 0.947754 1.857910 1.027100
v 1.419922 1.726807 0.841797
v 1.132324 2.046143 0.735107
v 0.947754 1.857910 1.027100
v 0.757324 1.527832 1.126465
v 1.176514 1.391602 1.095947
v 0.717529 1.148926 1.027100
v 1.176514 1.391602 1.095947
v 0.757324 1.527832 1.126465
v 0.717529 1.148926 1.027100
v 0.756348 0.888184 0.735107
v 1.176514 0.977783 0.841797
v 0.947998 0.831055 0.393311
v 1.176514 0.977783 0.841797
v 0.756348 0.888184 0.735107
v 0.947998 0.831055 0.393311
v 1.132080 1.010498 0.090576
v 1.419922 1.056152 0.423584
v 1.320801 1.344971 -0.004883
v 1.419922 1.056152 0.423584
v 1.132080 1.010498 0.090576
v 1.320801 1.344971 -0.004883
v 1.364502 1.726318 0.090576
v 1.570557 1.520264 0.423584
v 1.321045 1.979736 0.393066
v 1.570557 1.520264 0.423584
v 1.364502 1.726318 0.090576
v 1.321045 1.979736 0.393066
v 1.132324 2.046143 0.735107
v 1.419922 1.726807 0.841797
v 0.947510 1.703369 -1.018066
v 0.757812 2.033447 -1.116211
v 1.176514 2.169434 -1.086670
v 0.717529 2.411621 -1.018066
v 1.176514 2.169434 -1.086670
v 0.757812 2.033447 -1.116211
v 0.717529 2.411621 -1.018066
v 0.756348 2.672607 -0.726562
v 1.176514 2.583008 -0.833008
v 0.947998 2.729736 -0.384521
v 1.176514 2.583008 -0.833008
v 0.756348 2.672607 -0.726562
v 0.947998 2.729736 -0.384521
v 1.132080 2.550537 -0.081787
v 1.419922 2.504639 -0.414795
v 1.320801 2.216064 0.013672
v 1.419922 2.504639 -0.414795
v 1.132080 2.550537 -0.081787
v 1.320801 2.216064 0.013672
v 1.364502 1.834717 -0.081787
v 1.570557 2.040771 -0.414795
v 1.321045 1.581299 -0.384277
v 1.570557 2.040771 -0.414795
v 1.364502 1.834717 -0.081787
v 1.321045 1.581299 -0.384277
v 1.132324 1.514893 -0.726562
v 1.419922 1.834473 -0.833008
v 0.947510 1.703369 -1.018066
v 1.419922 1.834473 -0.833008
v 1.132324 1.514893 -0.726562
v 1.181152 2.408691 0.393311
v 1.067627 2.639404 0.090576
v 1.113037 2.927246 0.423584
v 0.807861 2.922119 -0.004883
v 1.113037 2.927246 0.423584
v 1.067627 2.639404 0.090576
v 0.807861 2.922119 -0.004883
v 0.458740 3.081543 0.090576
v 0.718262 3.213867 0.423584
v 0.204102 3.118652 0.393066
v 0.718262 3.213867 0.423584
v 0.458740 3.081543 0.090576
v 0.204102 3.118652 0.393066
v 0.082764 2.959717 0.735107
v 0.475342 3.134277 0.841797
v 0.204590 2.725830 1.027100
v 0.475342 3.134277 0.841797
v 0.082764 2.959717 0.735107
v 0.204590 2.725830 1.027100
v 0.459717 2.442871 1.126465
v 0.718750 2.799316 1.095947
v 0.807617 2.287842 1.027100
v 0.718750 2.799316 1.095947
v 0.459717 2.442871 1.126465
v 0.807617 2.287842 1.027100
v 1.067627 2.244141 0.735107
v 1.112305 2.671387 0.841797
v 1.181152 2.408691 0.393311
v 1.112305 2.671387 0.841797
v 1.067627 2.244141 0.735107
v 0.583740 1.976807 1.264160
v 0.355957 2.299316 1.237549
v 0.223389 2.116943 1.618408
v -0.020752 2.416504 1.264160
v 0.223389 2.116943 1.618408
v 0.355957 2.299316 1.237549
v -0.020752 2.416504 1.264160
v -0.397705 2.299316 1.237549
v -0.265381 2.116943 1.618408
v -0.625732 1.977051 1.264160
v -0.265381 2.116943 1.618408
v -0.397705 2.299316 1.237549
v -0.625732 1.977051 1.264160
v -0.630859 1.582275 1.237549
v -0.416504 1.652100 1.618408
v -0.394775 1.266113 1.264160
v -0.416504 1.652100 1.618408
v -0.630859 1.582275 1.237549
v -0.394775 1.266113 1.264160
v -0.020996 1.139160 1.237549
v -0.020996 1.364746 1.618408
v 0.352539 1.265869 1.264160
v -0.020996 1.364746 1.618408
v -0.020996 1.139160 1.237549
v 0.352539 1.265869 1.264160
v 0.588867 1.582275 1.237549
v 0.374268 1.651855 1.618408
v 0.583740 1.976807 1.264160
v 0.374268 1.651855 1.618408
v 0.588867 1.582275 1.237549
v -0.624268 2.995361 -0.384521
v -0.414062 3.167725 -0.833008
v -0.629150 2.795410 -0.726562
v -0.624268 2.995361 -0.384521
v -0.396729 3.115234 -0.081787
v -0.264404 3.374756 -0.414795
v -0.020508 3.191406 0.013672
v -0.264404 3.374756 -0.414795
v -0.396729 3.115234 -0.081787
v -0.020508 3.191406 0.013672
v 0.355469 3.115234 -0.081787
v 0.223145 3.374756 -0.414795
v 0.583252 2.995361 -0.384277
v 0.223145 3.374756 -0.414795
v 0.355469 3.115234 -0.081787
v 0.583252 2.995361 -0.384277
v 0.587891 2.795410 -0.726562
v 0.372803 3.167480 -0.833008
v 0.351318 2.677979 -1.018066
v 0.372803 3.167480 -0.833008
v 0.587891 2.795410 -0.726562
v -0.393066 2.677979 -1.018066
v -0.020752 3.039795 -1.086670
v -0.020996 2.599609 -1.116455
v -0.761230 2.799072 1.095947
v -0.955322 3.065918 0.797607
v -1.155029 2.670898 0.841797
v -0.761230 2.799072 1.095947
v -0.518066 3.133789 0.841797
v -0.955322 3.065918 0.797607
v -0.518066 3.133789 0.841797
v -0.760986 3.213379 0.423584
v -0.955322 3.065918 0.797607
v -0.760986 3.213379 0.423584
v -1.155762 2.926758 0.423584
v -0.955322 3.065918 0.797607
v -1.155762 2.926758 0.423584
v -1.155029 2.670898 0.841797
v -0.955322 3.065918 0.797607
v -0.393066 2.677979 -1.018066
v -0.629150 2.795410 -0.726562
v -0.414062 3.167725 -0.833008
v 0.351318 2.677979 -1.018066
v -0.020996 2.599609 -1.116455
v -0.020752 3.039795 -1.086670
v -0.264404 3.374756 -0.414795
v -0.020508 3.369873 -0.788574
v -0.414062 3.167725 -0.833008
v -0.414062 3.167725 -0.833008
v -0.020508 3.369873 -0.788574
v -0.020752 3.039795 -1.086670
v -0.020752 3.039795 -1.086670
v -0.020508 3.369873 -0.788574
v 0.372803 3.167480 -0.833008
v 0.372803 3.167480 -0.833008
v -0.020508 3.369873 -0.788574
v 0.223145 3.374756 -0.414795
v 0.223145 3.374756 -0.414795
v -0.020508 3.369873 -0.788574
v -0.264404 3.374756 -0.414795
v -1.155029 2.670898 0.841797
v -1.110352 2.243652 0.735107
v -0.850342 2.287354 1.027100
v -0.850342 2.287354 1.027100
v -0.502197 2.442627 1.126465
v -0.761230 2.799072 1.095947
v -0.761230 2.799072 1.095947
v -0.502197 2.442627 1.126465
v -0.247314 2.725586 1.027100
v -0.247314 2.725586 1.027100
v -0.125488 2.959229 0.735107
v -0.518066 3.133789 0.841797
v -0.518066 3.133789 0.841797
v -0.125488 2.959229 0.735107
v -0.246826 3.118164 0.393311
v -0.246826 3.118164 0.393311
v -0.501221 3.081299 0.090576
v -0.760986 3.213379 0.423584
v -0.760986 3.213379 0.423584
v -0.501221 3.081299 0.090576
v -0.850586 2.921631 -0.004883
v -0.850586 2.921631 -0.004883
v -1.110107 2.638916 0.090576
v -1.155762 2.926758 0.423584
v -1.155762 2.926758 0.423584
v -1.110107 2.638916 0.090576
v -1.223877 2.408203 0.393066
v -1.223877 2.408203 0.393066
v -1.110352 2.243652 0.735107
v -1.155029 2.670898 0.841797
v 0.475342 3.134277 0.841797
v 0.912598 3.066406 0.797607
v 0.718262 3.213867 0.423584
v 0.718262 3.213867 0.423584
v 0.912598 3.066406 0.797607
v 1.113037 2.927246 0.423584
v 1.113037 2.927246 0.423584
v 0.912598 3.066406 0.797607
v 1.112305 2.671387 0.841797
v 1.112305 2.671387 0.841797
v 0.912598 3.066406 0.797607
v 0.718750 2.799316 1.095947
v 0.718750 2.799316 1.095947
v 0.912598 3.066406 0.797607
v 0.475342 3.134277 0.841797
v 1.419922 2.504639 -0.414795
v 1.490479 2.271240 -0.788574
v 1.176514 2.583008 -0.833008
v 1.176514 2.583008 -0.833008
v 1.490479 2.271240 -0.788574
v 1.176514 2.169434 -1.086670
v 1.176514 2.169434 -1.086670
v 1.490479 2.271240 -0.788574
v 1.419922 1.834473 -0.833008
v 1.419922 1.834473 -0.833008
v 1.490479 2.271240 -0.788574
v 1.570557 2.040771 -0.414795
v 1.570557 2.040771 -0.414795
v 1.490479 2.271240 -0.788574
v 1.419922 2.504639 -0.414795
v 0.379150 1.910400 -1.610596
v -0.018799 1.780762 -1.773193
v -0.019287 2.199707 -1.610840
v -0.019287 2.199707 -1.610840
v -0.018799 1.780762 -1.773193
v -0.417236 1.909912 -1.611084
v -0.417236 1.909912 -1.611084
v -0.018799 1.780762 -1.773193
v -0.265137 1.442139 -1.611084
v -0.265137 1.442139 -1.611084
v -0.018799 1.780762 -1.773193
v 0.226807 1.441895 -1.610596
v 0.226807 1.441895 -1.610596
v -0.018799 1.780762 -1.773193
v 0.379150 1.910400 -1.610596
v -1.218750 2.169922 -1.086670
v -1.532471 2.271973 -0.788574
v -1.218262 2.583984 -0.833008
v -1.218262 2.583984 -0.833008
v -1.532471 2.271973 -0.788574
v -1.461670 2.505615 -0.414795
v -1.461670 2.505615 -0.414795
v -1.532471 2.271973 -0.788574
v -1.612549 2.041504 -0.414795
v -1.612549 2.041504 -0.414795
v -1.532471 2.271973 -0.788574
v -1.461670 1.834961 -0.833008
v -1.461670 1.834961 -0.833008
v -1.532471 2.271973 -0.788574
v -1.218750 2.169922 -1.086670
v -1.612549 1.519287 0.423584
v -1.532227 1.288818 0.797607
v -1.461670 1.725830 0.841797
v -1.461670 1.725830 0.841797
v -1.532227 1.288818 0.797607
v -1.218262 1.391113 1.095947
v -1.218262 1.391113 1.095947
v -1.532227 1.288818 0.797607
v -1.218262 0.977051 0.841797
v -1.218262 0.977051 0.841797
v -1.532227 1.288818 0.797607
v -1.461670 1.055420 0.423584
v -1.461670 1.055420 0.423584
v -1.532227 1.288818 0.797607
v -1.612549 1.519287 0.423584
v -0.265381 2.116943 1.618408
v -0.020996 1.780518 1.780273
v 0.223389 2.116943 1.618408
v 0.223389 2.116943 1.618408
v -0.020996 1.780518 1.780273
v 0.374268 1.651855 1.618408
v 0.374268 1.651855 1.618408
v -0.020996 1.780518 1.780273
v -0.020996 1.364746 1.618408
v -0.020996 1.364746 1.618408
v -0.020996 1.780518 1.780273
v -0.416504 1.652100 1.618408
v -0.416504 1.652100 1.618408
v -0.020996 1.780518 1.780273
v -0.265381 2.116943 1.618408
v 1.176514 1.391602 1.095947
v 1.490479 1.289795 0.797607
v 1.419922 1.726807 0.841797
v 1.419922 1.726807 0.841797
v 1.490479 1.289795 0.797607
v 1.570557 1.520264 0.423584
v 1.570557 1.520264 0.423584
v 1.490479 1.289795 0.797607
v 1.419922 1.056152 0.423584
v 1.419922 1.056152 0.423584
v 1.490479 1.289795 0.797607
v 1.176514 0.977783 0.841797
v 1.176514 0.977783 0.841797
v 1.490479 1.289795 0.797607
v 1.176514 1.391602 1.095947
v 1.113037 0.633789 -0.414795
v 0.912598 0.494385 -0.788574
v 1.112305 0.889404 -0.833008
v 1.112305 0.889404 -0.833008
v 0.912598 0.494385 -0.788574
v 0.718506 0.761230 -1.086670
v 0.718506 0.761230 -1.086670
v 0.912598 0.494385 -0.788574
v 0.475342 0.426758 -0.833008
v 0.475342 0.426758 -0.833008
v 0.912598 0.494385 -0.788574
v 0.718262 0.346924 -0.414795
v 0.718262 0.346924 -0.414795
v 0.912598 0.494385 -0.788574
v 1.113037 0.633789 -0.414795
v -0.761719 0.761719 -1.086670
v -0.955566 0.494873 -0.788574
v -1.155029 0.889893 -0.833008
v -1.155029 0.889893 -0.833008
v -0.955566 0.494873 -0.788574
v -1.155762 0.634277 -0.414795
v -1.155762 0.634277 -0.414795
v -0.955566 0.494873 -0.788574
v -0.760986 0.347412 -0.414795
v -0.760986 0.347412 -0.414795
v -0.955566 0.494873 -0.788574
v -0.518066 0.427002 -0.833008
v -0.518066 0.427002 -0.833008
v -0.955566 0.494873 -0.788574
v -0.761719 0.761719 -1.086670
v -0.414307 0.393311 0.841797
v -0.020508 0.191162 0.797607
v -0.020508 0.521240 1.095947
v -0.020508 0.521240 1.095947
v -0.020508 0.191162 0.797607
v 0.373047 0.393311 0.841797
v 0.373047 0.393311 0.841797
v -0.020508 0.191162 0.797607
v 0.223145 0.186279 0.423584
v 0.223145 0.186279 0.423584
v -0.020508 0.191162 0.797607
v -0.264404 0.186035 0.423584
v -0.264404 0.186035 0.423584
v -0.020508 0.191162 0.797607
v -0.414307 0.393311 0.841797
v -1.218750 2.169922 -1.086670
v -0.989746 1.703857 -1.017822
v -1.461670 1.834961 -0.833008
v -1.461670 1.834961 -0.833008
v -1.362793 1.582031 -0.384521
v -1.612549 2.041504 -0.414795
v -1.461670 2.505615 -0.414795
v -1.612549 2.041504 -0.414795
v -1.362549 2.216797 0.013672
v -0.989502 2.730713 -0.384277
v -1.218262 2.583984 -0.833008
v -1.461670 2.505615 -0.414795
v -1.218262 2.583984 -0.833008
v -0.759521 2.412354 -1.018066
v -1.218750 2.169922 -1.086670
v -0.394287 2.296875 -1.258301
v -0.019287 2.199707 -1.610840
v -0.417236 1.909912 -1.611084
v -0.019287 2.199707 -1.610840
v 0.355469 2.297119 -1.258057
v 0.379150 1.910400 -1.610596
v 0.379150 1.910400 -1.610596
v 0.587646 1.583496 -1.257812
v 0.226807 1.441895 -1.610596
v 0.226807 1.441895 -1.610596
v -0.019287 1.142822 -1.258301
v -0.265137 1.442139 -1.611084
v -0.417236 1.909912 -1.611084
v -0.265137 1.442139 -1.611084
v -0.625732 1.583496 -1.258301
v 1.176514 2.169434 -1.086670
v 1.419922 1.834473 -0.833008
v 0.947510 1.703369 -1.018066
v 1.419922 1.834473 -0.833008
v 1.570557 2.040771 -0.414795
v 1.321045 1.581299 -0.384277
v 1.570557 2.040771 -0.414795
v 1.419922 2.504639 -0.414795
v 1.320801 2.216064 0.013672
v 0.947998 2.729736 -0.384521
v 1.419922 2.504639 -0.414795
v 1.176514 2.583008 -0.833008
v 1.176514 2.583008 -0.833008
v 1.176514 2.169434 -1.086670
v 0.717529 2.411621 -1.018066
v 0.372803 3.167480 -0.833008
v 0.351318 2.677979 -1.018066
v -0.020752 3.039795 -1.086670
v -0.020752 3.039795 -1.086670
v -0.393066 2.677979 -1.018066
v -0.414062 3.167725 -0.833008
v -0.414062 3.167725 -0.833008
v -0.624268 2.995361 -0.384521
v -0.264404 3.374756 -0.414795
v -0.264404 3.374756 -0.414795
v -0.020508 3.191406 0.013672
v 0.223145 3.374756 -0.414795
v 0.223145 3.374756 -0.414795
v 0.583252 2.995361 -0.384277
v 0.372803 3.167480 -0.833008
v -0.760986 3.213379 0.423584
v -0.850586 2.921631 -0.004883
v -1.155762 2.926758 0.423584
v -1.155762 2.926758 0.423584
v -1.223877 2.408203 0.393066
v -1.155029 2.670898 0.841797
v -1.155029 2.670898 0.841797
v -0.850342 2.287354 1.027100
v -0.761230 2.799072 1.095947
v -0.761230 2.799072 1.095947
v -0.247314 2.725586 1.027100
v -0.518066 3.133789 0.841797
v -0.518066 3.133789 0.841797
v -0.246826 3.118164 0.393311
v -0.760986 3.213379 0.423584
v 0.475342 3.134277 0.841797
v 0.204590 2.725830 1.027100
v 0.718750 2.799316 1.095947
v 0.718750 2.799316 1.095947
v 0.807617 2.287842 1.027100
v 1.112305 2.671387 0.841797
v 1.112305 2.671387 0.841797
v 1.181152 2.408691 0.393311
v 1.113037 2.927246 0.423584
v 1.113037 2.927246 0.423584
v 0.807861 2.922119 -0.004883
v 0.718262 3.213867 0.423584
v 0.718262 3.213867 0.423584
v 0.204102 3.118652 0.393066
v 0.475342 3.134277 0.841797
v 1.419922 1.726807 0.841797
v 0.947754 1.857910 1.027100
v 1.176514 1.391602 1.095947
v 1.176514 1.391602 1.095947
v 0.717529 1.148926 1.027100
v 1.176514 0.977783 0.841797
v 1.419922 1.726807 0.841797
v 1.570557 1.520264 0.423584
v 1.321045 1.979736 0.393066
v 1.419922 1.056152 0.423584
v 1.176514 0.977783 0.841797
v 0.947998 0.831055 0.393311
v 1.419922 1.056152 0.423584
v 1.320801 1.344971 -0.004883
v 1.570557 1.520264 0.423584
v 1.112305 0.889404 -0.833008
v 1.181152 1.152344 -0.384521
v 1.113037 0.633789 -0.414795
v 1.113037 0.633789 -0.414795
v 0.807861 0.638916 0.013672
v 0.718262 0.346924 -0.414795
v 0.475342 0.426758 -0.833008
v 0.718262 0.346924 -0.414795
v 0.204102 0.442383 -0.384277
v 0.204834 0.835205 -1.018066
v 0.718506 0.761230 -1.086670
v 0.475342 0.426758 -0.833008
v 0.807373 1.272949 -1.018066
v 1.112305 0.889404 -0.833008
v 0.718506 0.761230 -1.086670
v 0.373047 0.393311 0.841797
v 0.351807 0.883057 1.027100
v -0.020508 0.521240 1.095947
v -0.393311 0.882812 1.027100
v -0.414307 0.393311 0.841797
v -0.020508 0.521240 1.095947
v 0.223145 0.186279 0.423584
v 0.583252 0.565430 0.393066
v 0.373047 0.393311 0.841797
v 0.223145 0.186279 0.423584
v -0.264404 0.186035 0.423584
v -0.020508 0.369629 -0.004883
v -0.264404 0.186035 0.423584
v -0.414307 0.393311 0.841797
v -0.624268 0.565430 0.393311
v -1.155762 0.634277 -0.414795
v -0.760986 0.347412 -0.414795
v -0.850586 0.639404 0.013672
v -1.155762 0.634277 -0.414795
v -1.223877 1.152832 -0.384277
v -1.155029 0.889893 -0.833008
v -0.850098 1.273438 -1.018066
v -0.761719 0.761719 -1.086670
v -1.155029 0.889893 -0.833008
v -0.761719 0.761719 -1.086670
v -0.247559 0.835693 -1.018066
v -0.518066 0.427002 -0.833008
v -0.246826 0.442871 -0.384521
v -0.760986 0.347412 -0.414795
v -0.518066 0.427002 -0.833008
v -1.218262 0.977051 0.841797
v -1.461670 1.055420 0.423584
v -0.989746 0.830322 0.393066
v -1.218262 1.391113 1.095947
v -1.218262 0.977051 0.841797
v -0.759277 1.148438 1.027100
v -0.989502 1.857178 1.027100
v -1.461670 1.725830 0.841797
v -1.218262 1.391113 1.095947
v -1.461670 1.725830 0.841797
v -1.362793 1.979004 0.393311
v -1.612549 1.519287 0.423584
v -1.612549 1.519287 0.423584
v -1.362549 1.343994 -0.004883
v -1.461670 1.055420 0.423584
v 0.223389 2.116943 1.618408
v -0.020752 2.416504 1.264160
v -0.265381 2.116943 1.618408
v 0.374268 1.651855 1.618408
v 0.583740 1.976807 1.264160
v 0.223389 2.116943 1.618408
v -0.020996 1.364746 1.618408
v 0.352539 1.265869 1.264160
v 0.374268 1.651855 1.618408
v -0.416504 1.652100 1.618408
v -0.394775 1.266113 1.264160
v -0.020996 1.364746 1.618408
v -0.265381 2.116943 1.618408
v -0.625732 1.977051 1.264160
v -0.416504 1.652100 1.618408
v -0.195312 4.429199 -0.062988
v -0.144043 4.457520 0.025635
v 0.361572 3.824951 0.025635
v 0.361572 3.824951 0.025635
v 0.240479 3.757812 -0.196533
v -0.195312 4.429199 -0.062988
v -0.360840 4.337402 -0.062988
v -0.195312 4.429199 -0.062988
v 0.240479 3.757812 -0.196533
v 0.240479 3.757812 -0.196533
v -0.016846 3.614746 -0.196533
v -0.360840 4.337402 -0.062988
v -0.407715 4.311279 0.025635
v -0.360840 4.337402 -0.062988
v -0.016846 3.614746 -0.196533
v -0.016846 3.614746 -0.196533
v -0.137939 3.547607 0.025635
v -0.407715 4.311279 0.025635
v -0.346680 4.344971 0.120361
v -0.407715 4.311279 0.025635
v -0.137939 3.547607 0.025635
v -0.137939 3.547607 0.025635
v -0.016846 3.614746 0.270752
v -0.346680 4.344971 0.120361
v -0.204834 4.423828 0.120361
v -0.346680 4.344971 0.120361
v -0.016846 3.614746 0.270752
v -0.016846 3.614746 0.270752
v 0.240479 3.757812 0.270752
v -0.204834 4.423828 0.120361
v -0.144043 4.457520 0.025635
v -0.204834 4.423828 0.120361
v 0.240479 3.757812 0.270752
v 0.240479 3.757812 0.270752
v 0.361572 3.824951 0.025635
v -0.144043 4.457520 0.025635
v -0.016846 3.614746 0.270752
v -0.137939 3.547607 0.025635
v 0.077393 3.576660 0.025635
v 0.077393 3.576660 0.025635
v 0.226318 3.659180 0.025635
v 0.240479 3.757812 0.270752
v 0.240479 3.757812 0.270752
v -0.016846 3.614746 0.270752
v 0.077393 3.576660 0.025635
v 0.361572 3.824951 0.025635
v 0.240479 3.757812 0.270752
v 0.226318 3.659180 0.025635
v 0.240479 3.757812 -0.196533
v 0.361572 3.824951 0.025635
v 0.226318 3.659180 0.025635
v 0.226318 3.659180 0.025635
v 0.077393 3.576660 0.025635
v -0.016846 3.614746 -0.196533
v -0.016846 3.614746 -0.196533
v 0.240479 3.757812 -0.196533
v 0.226318 3.659180 0.025635
v -0.137939 3.547607 0.025635
v -0.016846 3.614746 -0.196533
v 0.077393 3.576660 0.025635
v -0.513672 3.966797 0.002197
v -0.299561 4.123291 -0.002686
v -0.274170 4.082520 -0.002686
v -0.274170 4.082520 -0.002686
v -0.501221 3.914795 0.002197
v -0.513672 3.966797 0.002197
v -0.516357 3.969238 0.049805
v -0.503906 3.917236 0.050049
v -0.274170 4.082764 0.054199
v -0.274170 4.082764 0.054199
v -0.299316 4.123291 0.054199
v -0.516357 3.969238 0.049805
v -0.501221 3.914795 0.002197
v -0.274170 4.082520 -0.002686
v -0.274170 4.082764 0.054199
v -0.274170 4.082764 0.054199
v -0.503906 3.917236 0.050049
v -0.501221 3.914795 0.002197
v -0.299561 4.123291 -0.002686
v -0.513672 3.966797 0.002197
v -0.516357 3.969238 0.049805
v -0.516357 3.969238 0.049805
v -0.299316 4.123291 0.054199
v -0.299561 4.123291 -0.002686
v -0.722900 4.022461 -0.002441
v -0.513672 3.966797 0.002197
v -0.501221 3.914795 0.002197
v -0.501221 3.914795 0.002197
v -0.714600 3.972900 -0.002441
v -0.722900 4.022461 -0.002441
v -0.715820 4.030273 0.055420
v -0.707520 3.972900 0.055420
v -0.503906 3.917236 0.050049
v -0.503906 3.917236 0.050049
v -0.516357 3.969238 0.049805
v -0.715820 4.030273 0.055420
v -0.714600 3.972900 -0.002441
v -0.501221 3.914795 0.002197
v -0.503906 3.917236 0.050049
v -0.503906 3.917236 0.050049
v -0.707520 3.972900 0.055420
v -0.714600 3.972900 -0.002441
v -0.513672 3.966797 0.002197
v -0.722900 4.022461 -0.002441
v -0.715820 4.030273 0.055420
v -0.715820 4.030273 0.055420
v -0.516357 3.969238 0.049805
v -0.513672 3.966797 0.002197
v -0.785645 4.034424 -0.002441
v -0.722900 4.022461 -0.002441
v -0.714600 3.972900 -0.002441
v -0.714600 3.972900 -0.002441
v -0.772949 3.949707 -0.002441
v -0.785645 4.034424 -0.002441
v -0.873535 3.986816 0.045166
v -0.862305 3.939941 0.045166
v -0.772949 3.949707 0.055176
v -0.772949 3.949707 0.055176
v -0.785645 4.034424 0.055176
v -0.873535 3.986816 0.045166
v -0.785645 4.034424 0.055176
v -0.772949 3.949707 0.055176
v -0.707520 3.972900 0.055420
v -0.707520 3.972900 0.055420
v -0.715820 4.030273 0.055420
v -0.785645 4.034424 0.055176
v -0.772949 3.949707 -0.002441
v -0.772949 3.949707 0.055176
v -0.862305 3.939941 0.045166
v -0.772949 3.949707 -0.002441
v -0.714600 3.972900 -0.002441
v -0.707520 3.972900 0.055420
v -0.707520 3.972900 0.055420
v -0.772949 3.949707 0.055176
v -0.772949 3.949707 -0.002441
v -0.785645 4.034424 -0.002441
v -0.785645 4.034424 0.055176
v -0.715820 4.030273 0.055420
v -0.715820 4.030273 0.055420
v -0.722900 4.022461 -0.002441
v -0.785645 4.034424 -0.002441
v -0.785645 4.034424 -0.002441
v -0.873535 3.986816 0.045166
v -0.785645 4.034424 0.055176
v -0.873535 3.986816 0.045166
v -0.785645 4.034424 -0.002441
v -0.772949 3.949707 -0.002441
v -0.772949 3.949707 -0.002441
v -0.862305 3.939941 0.045166
v -0.873535 3.986816 0.045166
v 0.030518 4.162842 -0.002686
v 0.039307 4.210449 -0.002686
v 0.295166 4.155029 0.001709
v 0.295166 4.155029 0.001709
v 0.286377 4.107666 0.001709
v 0.030518 4.162842 -0.002686
v 0.030518 4.162842 0.054199
v 0.284424 4.108398 0.049561
v 0.293457 4.155518 0.049561
v 0.293457 4.155518 0.049561
v 0.039307 4.210449 0.054199
v 0.030518 4.162842 0.054199
v 0.030518 4.162842 0.054199
v 0.030518 4.162842 -0.002686
v 0.286377 4.107666 0.001709
v 0.286377 4.107666 0.001709
v 0.284424 4.108398 0.049561
v 0.030518 4.162842 0.054199
v 0.293457 4.155518 0.049561
v 0.295166 4.155029 0.001709
v 0.039307 4.210449 -0.002686
v 0.039307 4.210449 -0.002686
v 0.039307 4.210449 0.054199
v 0.293457 4.155518 0.049561
v 0.286377 4.107666 0.001709
v 0.295166 4.155029 0.001709
v 0.483643 3.989014 -0.003418
v 0.483643 3.989014 -0.003418
v 0.425781 3.982178 -0.003418
v 0.286377 4.107666 0.001709
v 0.284424 4.108398 0.049561
v 0.419678 3.986572 0.054688
v 0.477783 3.993408 0.054688
v 0.477783 3.993408 0.054688
v 0.293457 4.155518 0.049561
v 0.284424 4.108398 0.049561
v 0.284424 4.108398 0.049561
v 0.286377 4.107666 0.001709
v 0.425781 3.982178 -0.003418
v 0.425781 3.982178 -0.003418
v 0.419678 3.986572 0.054688
v 0.284424 4.108398 0.049561
v 0.477783 3.993408 0.054688
v 0.483643 3.989014 -0.003418
v 0.295166 4.155029 0.001709
v 0.295166 4.155029 0.001709
v 0.293457 4.155518 0.049561
v 0.477783 3.993408 0.054688
v 0.425781 3.982178 -0.003418
v 0.483643 3.989014 -0.003418
v 0.501465 3.909424 -0.003418
v 0.501465 3.909424 -0.003418
v 0.415771 3.899658 -0.003418
v 0.425781 3.982178 -0.003418
v 0.415771 3.899658 0.054443
v 0.429443 3.826904 0.043945
v 0.488770 3.835693 0.043945
v 0.488770 3.835693 0.043945
v 0.501465 3.909424 0.054443
v 0.415771 3.899658 0.054443
v 0.419678 3.986572 0.054688
v 0.415771 3.899658 0.054443
v 0.501465 3.909424 0.054443
v 0.501465 3.909424 0.054443
v 0.477783 3.993408 0.054688
v 0.419678 3.986572 0.054688
v 0.415771 3.899658 -0.003418
v 0.429443 3.826904 0.043945
v 0.415771 3.899658 0.054443
v 0.415771 3.899658 -0.003418
v 0.415771 3.899658 0.054443
v 0.419678 3.986572 0.054688
v 0.419678 3.986572 0.054688
v 0.425781 3.982178 -0.003418
v 0.415771 3.899658 -0.003418
v 0.501465 3.909424 -0.003418
v 0.483643 3.989014 -0.003418
v 0.477783 3.993408 0.054688
v 0.477783 3.993408 0.054688
v 0.501465 3.909424 0.054443
v 0.501465 3.909424 -0.003418
v 0.501465 3.909424 -0.003418
v 0.501465 3.909424 0.054443
v 0.488770 3.835693 0.043945
v 0.415771 3.899658 -0.003418
v 0.501465 3.909424 -0.003418
v 0.488770 3.835693 0.043945
v 0.488770 3.835693 0.043945
v 0.429443 3.826904 0.043945
v 0.415771 3.899658 -0.003418
v -0.049072 3.388428 0.005859
v -0.008789 3.653076 -0.010498
v 0.057617 3.648926 -0.011719
v 0.057617 3.648926 -0.011719
v 0.004883 3.388428 0.004395
v -0.049072 3.388428 0.005859
v -0.049072 3.386230 0.058594
v 0.004883 3.386230 0.057373
v 0.057617 3.648926 0.072510
v 0.057617 3.648926 0.072510
v -0.008789 3.653076 0.073730
v -0.049072 3.386230 0.058594
v 0.004883 3.388428 0.004395
v 0.057617 3.648926 -0.011719
v 0.057617 3.648926 0.072510
v 0.057617 3.648926 0.072510
v 0.004883 3.386230 0.057373
v 0.004883 3.388428 0.004395
v -0.008789 3.653076 -0.010498
v -0.049072 3.388428 0.005859
v -0.049072 3.386230 0.058594
v -0.049072 3.386230 0.058594
v -0.008789 3.653076 0.073730
v -0.008789 3.653076 -0.010498
v -0.007568 3.120605 -0.016602
v 0.096191 3.134766 -0.018066
v 0.046143 3.097168 0.030029
v -0.007568 3.120605 -0.016602
v -0.000244 3.195068 0.000244
v 0.066406 3.204346 -0.000732
v 0.066406 3.204346 -0.000732
v 0.096191 3.134766 -0.018066
v -0.007568 3.120605 -0.016602
v -0.000244 3.195068 0.000244
v -0.049072 3.388428 0.005859
v 0.004883 3.388428 0.004395
v 0.004883 3.388428 0.004395
v 0.066406 3.204346 -0.000732
v -0.000244 3.195068 0.000244
v 0.046143 3.097168 0.030029
v 0.096191 3.134766 0.080811
v -0.007568 3.120605 0.082275
v -0.007568 3.120605 0.082275
v 0.096191 3.134766 0.080811
v 0.066406 3.204346 0.062012
v 0.066406 3.204346 0.062012
v -0.000244 3.195068 0.063477
v -0.007568 3.120605 0.082275
v -0.000244 3.195068 0.063477
v 0.066406 3.204346 0.062012
v 0.004883 3.386230 0.057373
v 0.004883 3.386230 0.057373
v -0.049072 3.386230 0.058594
v -0.000244 3.195068 0.063477
v 0.046143 3.097168 0.030029
v 0.096191 3.134766 -0.018066
v 0.096191 3.134766 0.080811
v 0.096191 3.134766 -0.018066
v 0.066406 3.204346 -0.000732
v 0.066406 3.204346 0.062012
v 0.066406 3.204346 0.062012
v 0.096191 3.134766 0.080811
v 0.096191 3.134766 -0.018066
v 0.066406 3.204346 -0.000732
v 0.004883 3.388428 0.004395
v 0.004883 3.386230 0.057373
v 0.004883 3.386230 0.057373
v 0.066406 3.204346 0.062012
v 0.066406 3.204346 -0.000732
v -0.049072 3.388428 0.005859
v -0.000244 3.195068 0.000244
v -0.000244 3.195068 0.063477
v -0.000244 3.195068 0.063477
v -0.049072 3.386230 0.058594
v -0.049072 3.388428 0.005859
v -0.000244 3.195068 0.000244
v -0.007568 3.120605 -0.016602
v -0.007568 3.120605 0.082275
v -0.007568 3.120605 0.082275
v -0.000244 3.195068 0.063477
v -0.000244 3.195068 0.000244
v -0.007568 3.120605 -0.016602
v 0.046143 3.097168 0.030029
v -0.007568 3.120605 0.082275
v 0.152588 3.734619 -0.010254
v 0.208740 3.720459 -0.043701
v 0.123291 3.441650 0.026123
v 0.123291 3.441650 0.026123
v 0.063965 3.396729 0.055420
v 0.152588 3.734619 -0.010254
v 0.195801 3.734619 0.062012
v 0.093018 3.405518 0.105469
v 0.145020 3.443115 0.074707
v 0.145020 3.443115 0.074707
v 0.251953 3.720459 0.028564
v 0.195801 3.734619 0.062012
v 0.195801 3.734619 0.062012
v 0.152588 3.734619 -0.010254
v 0.063965 3.396729 0.055420
v 0.063965 3.396729 0.055420
v 0.093018 3.405518 0.105469
v 0.195801 3.734619 0.062012
v 0.145020 3.443115 0.074707
v 0.123291 3.441650 0.026123
v 0.208740 3.720459 -0.043701
v 0.208740 3.720459 -0.043701
v 0.251953 3.720459 0.028564
v 0.145020 3.443115 0.074707
v 0.322754 3.410156 -0.118896
v 0.363525 3.354492 -0.087891
v 0.303467 3.307617 -0.107422
v 0.254639 3.342773 -0.058350
v 0.267090 3.408691 -0.065918
v 0.322754 3.410156 -0.118896
v 0.322754 3.410156 -0.118896
v 0.303467 3.307617 -0.107422
v 0.254639 3.342773 -0.058350
v 0.254639 3.342773 -0.058350
v 0.063965 3.396729 0.055420
v 0.123291 3.441650 0.026123
v 0.123291 3.441650 0.026123
v 0.267090 3.408691 -0.065918
v 0.254639 3.342773 -0.058350
v 0.363525 3.354492 -0.087891
v 0.373535 3.410156 -0.033691
v 0.354248 3.307617 -0.022217
v 0.286865 3.342773 -0.004150
v 0.354248 3.307617 -0.022217
v 0.373535 3.410156 -0.033691
v 0.373535 3.410156 -0.033691
v 0.299561 3.408691 -0.011719
v 0.286865 3.342773 -0.004150
v 0.093018 3.405518 0.105469
v 0.286865 3.342773 -0.004150
v 0.299561 3.408691 -0.011719
v 0.299561 3.408691 -0.011719
v 0.145020 3.443115 0.074707
v 0.093018 3.405518 0.105469
v 0.363525 3.354492 -0.087891
v 0.354248 3.307617 -0.022217
v 0.303467 3.307617 -0.107422
v 0.286865 3.342773 -0.004150
v 0.254639 3.342773 -0.058350
v 0.303467 3.307617 -0.107422
v 0.303467 3.307617 -0.107422
v 0.354248 3.307617 -0.022217
v 0.286865 3.342773 -0.004150
v 0.093018 3.405518 0.105469
v 0.063965 3.396729 0.055420
v 0.254639 3.342773 -0.058350
v 0.254639 3.342773 -0.058350
v 0.286865 3.342773 -0.004150
v 0.093018 3.405518 0.105469
v 0.299561 3.408691 -0.011719
v 0.267090 3.408691 -0.065918
v 0.123291 3.441650 0.026123
v 0.123291 3.441650 0.026123
v 0.145020 3.443115 0.074707
v 0.299561 3.408691 -0.011719
v 0.373535 3.410156 -0.033691
v 0.322754 3.410156 -0.118896
v 0.267090 3.408691 -0.065918
v 0.267090 3.408691 -0.065918
v 0.299561 3.408691 -0.011719
v 0.373535 3.410156 -0.033691
v 0.322754 3.410156 -0.118896
v 0.373535 3.410156 -0.033691
v 0.363525 3.354492 -0.087891
v -0.352295 4.847412 0.038330
v -0.352295 4.847412 0.038330
v -0.285889 4.582764 0.079346
v -0.285889 4.582764 0.079346
v -0.244385 4.595947 0.003662
v -0.352295 4.847412 0.038330
v -0.352295 4.847412 0.038330
v -0.352295 4.847412 0.038330
v -0.244385 4.595947 0.003662
v -0.244385 4.595947 0.003662
v -0.329102 4.574707 0.003906
v -0.352295 4.847412 0.038330
v -0.352295 4.847412 0.038330
v -0.352295 4.847412 0.038330
v -0.329102 4.574707 0.003906
v -0.329102 4.574707 0.003906
v -0.285889 4.582764 0.079346
v -0.352295 4.847412 0.038330
v -0.352295 4.847412 0.038330
v -0.352295 4.847412 0.038330
v -0.352295 4.847412 0.038330
v -0.339600 4.798096 0.106689
v -0.358154 4.870850 0.042236
v -0.408936 4.786377 0.037109
v -0.339600 4.798096 0.106689
v -0.408936 4.786377 0.037109
v -0.324219 4.735596 0.031494
v -0.339600 4.798096 0.106689
v -0.324219 4.735596 0.031494
v -0.273438 4.820312 0.036621
v -0.339600 4.798096 0.106689
v -0.273438 4.820312 0.036621
v -0.358154 4.870850 0.042236
v -0.342773 4.808350 -0.032471
v -0.408936 4.786377 0.037109
v -0.358154 4.870850 0.042236
v -0.342773 4.808350 -0.032471
v -0.324219 4.735596 0.031494
v -0.408936 4.786377 0.037109
v -0.342773 4.808350 -0.032471
v -0.273438 4.820312 0.036621
v -0.324219 4.735596 0.031494
v -0.342773 4.808350 -0.032471
v -0.358154 4.870850 0.042236
v -0.273438 4.820312 0.036621
v 0.316406 4.516846 0.033691
v 0.198975 4.694580 -0.046143
v 0.202393 4.683105 0.136475
v 0.084717 4.718506 -0.066895
v 0.089355 4.702637 0.161377
v 0.202393 4.683105 0.136475
v 0.202393 4.683105 0.136475
v 0.198975 4.694580 -0.046143
v 0.084717 4.718506 -0.066895
v -0.767334 4.452393 -0.042480
v -0.763672 4.440918 0.140137
v -0.673096 4.511475 0.164307
v -0.673096 4.511475 0.164307
v -0.677979 4.527344 -0.063965
v -0.767334 4.452393 -0.042480
v -0.763672 4.440918 0.140137
v -0.767334 4.452393 -0.042480
v -0.786377 4.240479 0.037842
v 0.316406 4.516846 0.033691
v 0.225098 4.588135 -0.167969
v 0.198975 4.694580 -0.046143
v 0.116943 4.586914 -0.220947
v 0.084717 4.718506 -0.066895
v 0.198975 4.694580 -0.046143
v 0.198975 4.694580 -0.046143
v 0.225098 4.588135 -0.167969
v 0.116943 4.586914 -0.220947
v 0.084717 4.718506 -0.066895
v 0.116943 4.586914 -0.220947
v -0.645508 4.395996 -0.218018
v -0.645508 4.395996 -0.218018
v -0.677979 4.527344 -0.063965
v 0.084717 4.718506 -0.066895
v -0.741211 4.345947 -0.164307
v -0.767334 4.452393 -0.042480
v -0.677979 4.527344 -0.063965
v -0.677979 4.527344 -0.063965
v -0.645508 4.395996 -0.218018
v -0.741211 4.345947 -0.164307
v -0.767334 4.452393 -0.042480
v -0.741211 4.345947 -0.164307
v -0.786377 4.240479 0.037842
v 0.316406 4.516846 0.033691
v 0.263916 4.432861 -0.180664
v 0.225098 4.588135 -0.167969
v 0.225098 4.588135 -0.167969
v 0.263916 4.432861 -0.180664
v 0.165527 4.392822 -0.234863
v 0.165527 4.392822 -0.234863
v 0.116943 4.586914 -0.220947
v 0.225098 4.588135 -0.167969
v 0.116943 4.586914 -0.220947
v 0.165527 4.392822 -0.234863
v -0.596924 4.201904 -0.231934
v -0.596924 4.201904 -0.231934
v -0.645508 4.395996 -0.218018
v 0.116943 4.586914 -0.220947
v -0.702148 4.190674 -0.177002
v -0.741211 4.345947 -0.164307
v -0.645508 4.395996 -0.218018
v -0.645508 4.395996 -0.218018
v -0.596924 4.201904 -0.231934
v -0.702148 4.190674 -0.177002
v -0.741211 4.345947 -0.164307
v -0.702148 4.190674 -0.177002
v -0.786377 4.240479 0.037842
v 0.316406 4.516846 0.033691
v 0.292236 4.321045 -0.079834
v 0.263916 4.432861 -0.180664
v 0.201660 4.251221 -0.109375
v 0.165527 4.392822 -0.234863
v 0.263916 4.432861 -0.180664
v 0.263916 4.432861 -0.180664
v 0.292236 4.321045 -0.079834
v 0.201660 4.251221 -0.109375
v 0.165527 4.392822 -0.234863
v 0.201660 4.251221 -0.109375
v -0.561035 4.060059 -0.106445
v -0.561035 4.060059 -0.106445
v -0.596924 4.201904 -0.231934
v 0.165527 4.392822 -0.234863
v -0.673828 4.079102 -0.076172
v -0.702148 4.190674 -0.177002
v -0.596924 4.201904 -0.231934
v -0.596924 4.201904 -0.231934
v -0.561035 4.060059 -0.106445
v -0.673828 4.079102 -0.076172
v -0.702148 4.190674 -0.177002
v -0.673828 4.079102 -0.076172
v -0.786377 4.240479 0.037842
v 0.316406 4.516846 0.033691
v 0.296875 4.306396 0.129395
v 0.292236 4.321045 -0.079834
v 0.207520 4.231201 0.155762
v 0.201660 4.251221 -0.109375
v 0.292236 4.321045 -0.079834
v 0.292236 4.321045 -0.079834
v 0.296875 4.306396 0.129395
v 0.207520 4.231201 0.155762
v 0.201660 4.251221 -0.109375
v 0.207520 4.231201 0.155762
v -0.554932 4.040283 0.158447
v -0.554932 4.040283 0.158447
v -0.561035 4.060059 -0.106445
v 0.201660 4.251221 -0.109375
v -0.669434 4.064209 0.133057
v -0.673828 4.079102 -0.076172
v -0.561035 4.060059 -0.106445
v -0.561035 4.060059 -0.106445
v -0.554932 4.040283 0.158447
v -0.669434 4.064209 0.133057
v -0.673828 4.079102 -0.076172
v -0.669434 4.064209 0.133057
v -0.786377 4.240479 0.037842
v 0.316406 4.516846 0.033691
v 0.273193 4.402344 0.232178
v 0.296875 4.306396 0.129395
v 0.177734 4.352295 0.285889
v 0.207520 4.231201 0.155762
v 0.296875 4.306396 0.129395
v 0.296875 4.306396 0.129395
v 0.273193 4.402344 0.232178
v 0.177734 4.352295 0.285889
v -0.693115 4.160400 0.235596
v -0.669434 4.064209 0.133057
v -0.554932 4.040283 0.158447
v -0.554932 4.040283 0.158447
v -0.584961 4.161133 0.288818
v -0.693115 4.160400 0.235596
v -0.669434 4.064209 0.133057
v -0.693115 4.160400 0.235596
v -0.786377 4.240479 0.037842
v 0.316406 4.516846 0.033691
v 0.233887 4.558838 0.242432
v 0.273193 4.402344 0.232178
v 0.128906 4.547607 0.297607
v 0.177734 4.352295 0.285889
v 0.273193 4.402344 0.232178
v 0.273193 4.402344 0.232178
v 0.233887 4.558838 0.242432
v 0.128906 4.547607 0.297607
v -0.732178 4.316650 0.246094
v -0.693115 4.160400 0.235596
v -0.584961 4.161133 0.288818
v -0.584961 4.161133 0.288818
v -0.633789 4.356445 0.300537
v -0.732178 4.316650 0.246094
v -0.693115 4.160400 0.235596
v -0.732178 4.316650 0.246094
v -0.786377 4.240479 0.037842
v 0.316406 4.516846 0.033691
v 0.202393 4.683105 0.136475
v 0.233887 4.558838 0.242432
v 0.089355 4.702637 0.161377
v 0.128906 4.547607 0.297607
v 0.233887 4.558838 0.242432
v 0.233887 4.558838 0.242432
v 0.202393 4.683105 0.136475
v 0.089355 4.702637 0.161377
v -0.763672 4.440918 0.140137
v -0.732178 4.316650 0.246094
v -0.633789 4.356445 0.300537
v -0.633789 4.356445 0.300537
v -0.673096 4.511475 0.164307
v -0.763672 4.440918 0.140137
v -0.732178 4.316650 0.246094
v -0.763672 4.440918 0.140137
v -0.786377 4.240479 0.037842
v -0.677979 4.527344 -0.063965
v -0.673096 4.511475 0.164307
v 0.089355 4.702637 0.161377
v 0.089355 4.702637 0.161377
v 0.084717 4.718506 -0.066895
v -0.677979 4.527344 -0.063965
v 0.207520 4.231201 0.155762
v 0.177734 4.352295 0.285889
v -0.584961 4.161133 0.288818
v -0.584961 4.161133 0.288818
v -0.554932 4.040283 0.158447
v 0.207520 4.231201 0.155762
v -0.633789 4.356445 0.300537
v -0.584961 4.161133 0.288818
v 0.177734 4.352295 0.285889
v 0.177734 4.352295 0.285889
v 0.128906 4.547607 0.297607
v -0.633789 4.356445 0.300537
v -0.673096 4.511475 0.164307
v -0.633789 4.356445 0.300537
v 0.128906 4.547607 0.297607
v 0.128906 4.547607 0.297607
v 0.089355 4.702637 0.161377
v -0.673096 4.511475 0.164307
vt 0.516846 0.345703
vt 0.522461 0.348145
vt 0.521973 0.343506
vt 0.521973 0.343506
vt 0.519287 0.342529
vt 0.516846 0.345703
vt 0.510742 0.343262
vt 0.512939 0.347412
vt 0.515137 0.348145
vt 0.515137 0.348145
vt 0.513916 0.345947
vt 0.510742 0.343262
vt 0.515137 0.348145
vt 0.519287 0.350098
vt 0.516846 0.345703
vt 0.516846 0.345703
vt 0.513916 0.345947
vt 0.515137 0.348145
vt 0.508789 0.338135
vt 0.510010 0.342773
vt 0.510742 0.343262
vt 0.510742 0.343262
vt 0.509033 0.338379
vt 0.508789 0.338135
vt 0.509033 0.333252
vt 0.508545 0.333008
vt 0.508789 0.338135
vt 0.508789 0.338135
vt 0.509033 0.338379
vt 0.509033 0.333252
vt 0.514648 0.344727
vt 0.517822 0.349365
vt 0.514160 0.347656
vt 0.514160 0.347656
vt 0.512695 0.345459
vt 0.514648 0.344727
vt 0.514160 0.347656
vt 0.512939 0.347412
vt 0.510010 0.342773
vt 0.510010 0.342773
vt 0.512695 0.345459
vt 0.514160 0.347656
vt 0.514648 0.344727
vt 0.516357 0.341064
vt 0.518799 0.342041
vt 0.518799 0.342041
vt 0.520020 0.346680
vt 0.514648 0.344727
vt 0.518799 0.342041
vt 0.516357 0.341064
vt 0.516113 0.335938
vt 0.516113 0.335938
vt 0.521240 0.337891
vt 0.518799 0.342041
vt 0.522705 0.351074
vt 0.517822 0.349365
vt 0.520020 0.346680
vt 0.520020 0.346680
vt 0.523682 0.349854
vt 0.522705 0.351074
vt 0.533936 0.348145
vt 0.536133 0.344238
vt 0.540039 0.345703
vt 0.540039 0.345703
vt 0.535645 0.348877
vt 0.533936 0.348145
vt 0.535400 0.339355
vt 0.537354 0.337646
vt 0.540771 0.340332
vt 0.540771 0.340332
vt 0.536133 0.344238
vt 0.535400 0.339355
vt 0.535400 0.339355
vt 0.531250 0.336426
vt 0.535889 0.332764
vt 0.535889 0.332764
vt 0.537354 0.337646
vt 0.535400 0.339355
vt 0.525879 0.335449
vt 0.521240 0.337891
vt 0.520264 0.332031
vt 0.520264 0.332031
vt 0.525391 0.332764
vt 0.525879 0.335449
vt 0.525879 0.335449
vt 0.525391 0.332764
vt 0.530273 0.330322
vt 0.530273 0.330322
vt 0.531250 0.336426
vt 0.525879 0.335449
vt 0.540039 0.345703
vt 0.540771 0.340332
vt 0.543701 0.340332
vt 0.543701 0.340332
vt 0.543213 0.342773
vt 0.540039 0.345703
vt 0.535889 0.332764
vt 0.530273 0.330322
vt 0.533203 0.326660
vt 0.533203 0.326660
vt 0.535645 0.327881
vt 0.535889 0.332764
vt 0.533203 0.326660
vt 0.532715 0.322266
vt 0.538086 0.324463
vt 0.538086 0.324463
vt 0.535645 0.327881
vt 0.533203 0.326660
vt 0.538086 0.324463
vt 0.535889 0.320312
vt 0.540039 0.322266
vt 0.540039 0.322266
vt 0.541016 0.324219
vt 0.538086 0.324463
vt 0.537354 0.321045
vt 0.540283 0.325684
vt 0.542480 0.324951
vt 0.542480 0.324951
vt 0.541016 0.322754
vt 0.537354 0.321045
vt 0.531250 0.320557
vt 0.535156 0.323486
vt 0.537354 0.321045
vt 0.537354 0.321045
vt 0.532471 0.319336
vt 0.531250 0.320557
vt 0.538574 0.329346
vt 0.540283 0.325684
vt 0.535156 0.323486
vt 0.535156 0.323486
vt 0.536133 0.328369
vt 0.538574 0.329346
vt 0.509766 0.328125
vt 0.509033 0.333252
vt 0.511475 0.329834
vt 0.511475 0.329834
vt 0.511719 0.327637
vt 0.509766 0.328125
vt 0.513672 0.323730
vt 0.512207 0.328613
vt 0.510254 0.329346
vt 0.510254 0.329346
vt 0.510742 0.326904
vt 0.513672 0.323730
vt 0.510254 0.329346
vt 0.508545 0.333008
vt 0.509766 0.328125
vt 0.509766 0.328125
vt 0.510742 0.326904
vt 0.510254 0.329346
vt 0.516846 0.329346
vt 0.520264 0.332031
vt 0.516113 0.335938
vt 0.516113 0.335938
vt 0.514893 0.331055
vt 0.516846 0.329346
vt 0.512207 0.328613
vt 0.516357 0.324951
vt 0.516846 0.329346
vt 0.516846 0.329346
vt 0.514893 0.331055
vt 0.512207 0.328613
vt 0.519287 0.321045
vt 0.516357 0.324951
vt 0.513672 0.323730
vt 0.513672 0.323730
vt 0.517822 0.320557
vt 0.519287 0.321045
vt 0.521240 0.317627
vt 0.523926 0.318848
vt 0.519287 0.321045
vt 0.519287 0.321045
vt 0.517822 0.320557
vt 0.521240 0.317627
vt 0.530762 0.318604
vt 0.535889 0.320312
vt 0.532715 0.322266
vt 0.532715 0.322266
vt 0.529297 0.319336
vt 0.530762 0.318604
vt 0.523926 0.318848
vt 0.527344 0.316650
vt 0.530762 0.318604
vt 0.530762 0.318604
vt 0.529297 0.319336
vt 0.523926 0.318848
vt 0.527344 0.316650
vt 0.521240 0.317627
vt 0.523193 0.317139
vt 0.523193 0.317139
vt 0.525879 0.316650
vt 0.527344 0.316650
vt 0.525879 0.350830
vt 0.522461 0.348145
vt 0.519287 0.350098
vt 0.519287 0.350098
vt 0.524414 0.351807
vt 0.525879 0.350830
vt 0.542969 0.341553
vt 0.540283 0.339111
vt 0.538330 0.341064
vt 0.538330 0.341064
vt 0.538818 0.345459
vt 0.542969 0.341553
vt 0.538818 0.345459
vt 0.535889 0.349365
vt 0.537354 0.349854
vt 0.537354 0.349854
vt 0.541504 0.346436
vt 0.538818 0.345459
vt 0.541504 0.346436
vt 0.544434 0.343262
vt 0.544922 0.341064
vt 0.544922 0.341064
vt 0.542969 0.341553
vt 0.541504 0.346436
vt 0.546631 0.337402
vt 0.544922 0.341064
vt 0.544434 0.343262
vt 0.544434 0.343262
vt 0.545166 0.342285
vt 0.546631 0.337402
vt 0.545166 0.342285
vt 0.543213 0.342773
vt 0.543701 0.340332
vt 0.543701 0.340332
vt 0.546143 0.337158
vt 0.545166 0.342285
vt 0.546143 0.337158
vt 0.545898 0.332031
vt 0.546387 0.332275
vt 0.546387 0.332275
vt 0.546631 0.337402
vt 0.546143 0.337158
vt 0.545166 0.327393
vt 0.546387 0.332275
vt 0.545898 0.332031
vt 0.545898 0.332031
vt 0.544434 0.327148
vt 0.545166 0.327393
vt 0.544434 0.327148
vt 0.541016 0.324219
vt 0.540039 0.322266
vt 0.540039 0.322266
vt 0.542236 0.322754
vt 0.544434 0.327148
vt 0.542236 0.322754
vt 0.541016 0.322754
vt 0.542480 0.324951
vt 0.542480 0.324951
vt 0.545166 0.327393
vt 0.542236 0.322754
vt 0.539062 0.334473
vt 0.538574 0.329346
vt 0.536133 0.328369
vt 0.536133 0.328369
vt 0.533936 0.332275
vt 0.539062 0.334473
vt 0.533936 0.332275
vt 0.529053 0.334717
vt 0.529541 0.337646
vt 0.529541 0.337646
vt 0.534912 0.338379
vt 0.533936 0.332275
vt 0.534912 0.338379
vt 0.538330 0.341064
vt 0.540283 0.339111
vt 0.540283 0.339111
vt 0.539062 0.334473
vt 0.534912 0.338379
vt 0.524902 0.339844
vt 0.529541 0.337646
vt 0.529053 0.334717
vt 0.529053 0.334717
vt 0.523926 0.333984
vt 0.524902 0.339844
vt 0.523926 0.333984
vt 0.519775 0.331055
vt 0.517822 0.332764
vt 0.517822 0.332764
vt 0.519287 0.337646
vt 0.523926 0.333984
vt 0.519287 0.337646
vt 0.519287 0.342529
vt 0.521973 0.343506
vt 0.521973 0.343506
vt 0.524902 0.339844
vt 0.519287 0.337646
vt 0.515137 0.324707
vt 0.511719 0.327637
vt 0.511475 0.329834
vt 0.511475 0.329834
vt 0.514404 0.329834
vt 0.515137 0.324707
vt 0.514404 0.329834
vt 0.517822 0.332764
vt 0.519775 0.331055
vt 0.519775 0.331055
vt 0.519043 0.326172
vt 0.514404 0.329834
vt 0.519043 0.326172
vt 0.521240 0.322021
vt 0.519531 0.321533
vt 0.519531 0.321533
vt 0.515137 0.324707
vt 0.519043 0.326172
vt 0.522217 0.318115
vt 0.519531 0.321533
vt 0.521240 0.322021
vt 0.521240 0.322021
vt 0.525879 0.319824
vt 0.522217 0.318115
vt 0.525879 0.319824
vt 0.531250 0.320557
vt 0.532471 0.319336
vt 0.532471 0.319336
vt 0.528320 0.317139
vt 0.525879 0.319824
vt 0.528320 0.317139
vt 0.525879 0.316650
vt 0.523193 0.317139
vt 0.523193 0.317139
vt 0.522217 0.318115
vt 0.528320 0.317139
vt 0.529297 0.350586
vt 0.533936 0.348145
vt 0.535645 0.348877
vt 0.535645 0.348877
vt 0.532959 0.352051
vt 0.529297 0.350586
vt 0.532959 0.352051
vt 0.531982 0.353271
vt 0.529053 0.353760
vt 0.529053 0.353760
vt 0.526855 0.353027
vt 0.532959 0.352051
vt 0.523682 0.349854
vt 0.529297 0.350586
vt 0.526855 0.353027
vt 0.526855 0.353027
vt 0.522705 0.351074
vt 0.523682 0.349854
vt 0.533936 0.352783
vt 0.537354 0.349854
vt 0.535889 0.349365
vt 0.535889 0.349365
vt 0.531006 0.351562
vt 0.533936 0.352783
vt 0.531006 0.351562
vt 0.525879 0.350830
vt 0.524414 0.351807
vt 0.524414 0.351807
vt 0.527832 0.353516
vt 0.531006 0.351562
vt 0.527832 0.353516
vt 0.529053 0.353760
vt 0.531982 0.353271
vt 0.531982 0.353271
vt 0.533936 0.352783
vt 0.527832 0.353516
vt 0.537354 0.321045
vt 0.535156 0.323486
vt 0.540283 0.325684
vt 0.539062 0.334473
vt 0.533936 0.332275
vt 0.534912 0.338379
vt 0.542969 0.341553
vt 0.538818 0.345459
vt 0.541504 0.346436
vt 0.546143 0.337158
vt 0.546631 0.337402
vt 0.545166 0.342285
vt 0.544434 0.327148
vt 0.542236 0.322754
vt 0.545166 0.327393
vt 0.532715 0.322266
vt 0.535889 0.320312
vt 0.538086 0.324463
vt 0.523926 0.318848
vt 0.521240 0.317627
vt 0.527344 0.316650
vt 0.528320 0.317139
vt 0.522217 0.318115
vt 0.525879 0.319824
vt 0.519043 0.326172
vt 0.515137 0.324707
vt 0.514404 0.329834
vt 0.523926 0.333984
vt 0.519287 0.337646
vt 0.524902 0.339844
vt 0.522461 0.348145
vt 0.516846 0.345703
vt 0.519287 0.350098
vt 0.531006 0.351562
vt 0.527832 0.353516
vt 0.533936 0.352783
vt 0.509766 0.328125
vt 0.508545 0.333008
vt 0.509033 0.333252
vt 0.510742 0.343262
vt 0.510010 0.342773
vt 0.512939 0.347412
vt 0.514648 0.344727
vt 0.520020 0.346680
vt 0.517822 0.349365
vt 0.526855 0.353027
vt 0.529297 0.350586
vt 0.532959 0.352051
vt 0.536133 0.344238
vt 0.540771 0.340332
vt 0.540039 0.345703
vt 0.531250 0.336426
vt 0.530273 0.330322
vt 0.535889 0.332764
vt 0.520264 0.332031
vt 0.521240 0.337891
vt 0.516113 0.335938
vt 0.513672 0.323730
vt 0.516357 0.324951
vt 0.512207 0.328613
vt 0.581299 0.332764
vt 0.581299 0.364746
vt 0.616943 0.351807
vt 0.581299 0.332764
vt 0.616943 0.313477
vt 0.581299 0.300781
vt 0.581299 0.332764
vt 0.581299 0.364746
vt 0.616943 0.351807
vt 0.581299 0.332764
vt 0.616943 0.313477
vt 0.581299 0.300781
vt 0.581299 0.332764
vt 0.581299 0.364746
vt 0.616943 0.351807
vt 0.581299 0.332764
vt 0.616943 0.313477
vt 0.581299 0.300781
vt 0.581299 0.332764
vt 0.581299 0.364746
vt 0.616943 0.351807
vt 0.581299 0.332764
vt 0.616943 0.313477
vt 0.581299 0.300781
vt 0.581299 0.332764
vt 0.581299 0.364746
vt 0.616943 0.351807
vt 0.581299 0.332764
vt 0.616943 0.313477
vt 0.581299 0.300781
vt 0.581299 0.332764
vt 0.581299 0.364746
vt 0.616943 0.351807
vt 0.581299 0.332764
vt 0.616943 0.313477
vt 0.581299 0.300781
vt 0.581299 0.332764
vt 0.581299 0.364746
vt 0.616943 0.351807
vt 0.581299 0.332764
vt 0.616943 0.313477
vt 0.581299 0.300781
vt 0.581299 0.332764
vt 0.581299 0.364746
vt 0.616943 0.351807
vt 0.581299 0.332764
vt 0.616943 0.313477
vt 0.581299 0.300781
vt 0.581299 0.332764
vt 0.581299 0.364746
vt 0.616943 0.351807
vt 0.581299 0.332764
vt 0.616943 0.313477
vt 0.581299 0.300781
vt 0.581299 0.332764
vt 0.581299 0.364746
vt 0.616943 0.351807
vt 0.581299 0.332764
vt 0.616943 0.313477
vt 0.581299 0.300781
vt 0.581299 0.332764
vt 0.581299 0.364746
vt 0.616943 0.351807
vt 0.581299 0.332764
vt 0.616943 0.313477
vt 0.581299 0.300781
vt 0.581299 0.332764
vt 0.581299 0.364746
vt 0.616943 0.351807
vt 0.581299 0.332764
vt 0.616943 0.313477
vt 0.581299 0.300781
vt 0.581299 0.332764
vt 0.581299 0.364746
vt 0.616943 0.351807
vt 0.581299 0.332764
vt 0.616943 0.313477
vt 0.581299 0.300781
vt 0.581299 0.332764
vt 0.581299 0.364746
vt 0.616943 0.351807
vt 0.581299 0.332764
vt 0.616943 0.313477
vt 0.581299 0.300781
vt 0.581299 0.332764
vt 0.581299 0.364746
vt 0.616943 0.351807
vt 0.581299 0.332764
vt 0.616943 0.313477
vt 0.581299 0.300781
vt 0.581299 0.332764
vt 0.581299 0.364746
vt 0.616943 0.351807
vt 0.581299 0.332764
vt 0.616943 0.313477
vt 0.581299 0.300781
vt 0.581299 0.332764
vt 0.581299 0.364746
vt 0.616943 0.351807
vt 0.581299 0.332764
vt 0.616943 0.313477
vt 0.581299 0.300781
vt 0.581299 0.332764
vt 0.581299 0.364746
vt 0.616943 0.351807
vt 0.581299 0.332764
vt 0.616943 0.313477
vt 0.581299 0.300781
vt 0.581299 0.332764
vt 0.581299 0.364746
vt 0.616943 0.351807
vt 0.581299 0.332764
vt 0.616943 0.313477
vt 0.581299 0.300781
vt 0.581299 0.332764
vt 0.581299 0.364746
vt 0.616943 0.351807
vt 0.581299 0.332764
vt 0.616943 0.313477
vt 0.581299 0.300781
vt 0.581299 0.332764
vt 0.616943 0.313477
vt 0.581299 0.300781
vt 0.581299 0.332764
vt 0.581299 0.364746
vt 0.616943 0.351807
vt 0.581299 0.332764
vt 0.616943 0.313477
vt 0.581299 0.300781
vt 0.581299 0.332764
vt 0.581299 0.364746
vt 0.616943 0.351807
vt 0.581299 0.332764
vt 0.616943 0.313477
vt 0.581299 0.300781
vt 0.581299 0.332764
vt 0.581299 0.364746
vt 0.616943 0.351807
vt 0.581299 0.332764
vt 0.616943 0.313477
vt 0.581299 0.300781
vt 0.581299 0.332764
vt 0.581299 0.364746
vt 0.616943 0.351807
vt 0.581299 0.332764
vt 0.616943 0.313477
vt 0.581299 0.300781
vt 0.581299 0.332764
vt 0.581299 0.364746
vt 0.616943 0.351807
vt 0.581299 0.332764
vt 0.581299 0.364746
vt 0.616943 0.351807
vt 0.581299 0.332764
vt 0.616943 0.313477
vt 0.581299 0.300781
vt 0.581299 0.332764
vt 0.581299 0.364746
vt 0.616943 0.351807
vt 0.581299 0.332764
vt 0.616943 0.313477
vt 0.581299 0.300781
vt 0.581299 0.332764
vt 0.581299 0.364746
vt 0.616943 0.351807
vt 0.581299 0.332764
vt 0.616943 0.313477
vt 0.581299 0.300781
vt 0.581299 0.332764
vt 0.581299 0.364746
vt 0.616943 0.351807
vt 0.581299 0.332764
vt 0.616943 0.313477
vt 0.581299 0.300781
vt 0.581299 0.332764
vt 0.581299 0.364746
vt 0.616943 0.351807
vt 0.581299 0.332764
vt 0.616943 0.313477
vt 0.581299 0.300781
vt 0.581299 0.332764
vt 0.616943 0.313477
vt 0.581299 0.300781
vt 0.581299 0.332764
vt 0.581299 0.364746
vt 0.616943 0.351807
vt 0.581299 0.332764
vt 0.616943 0.313477
vt 0.581299 0.300781
vt 0.581299 0.332764
vt 0.581299 0.364746
vt 0.616943 0.351807
vt 0.581299 0.332764
vt 0.616943 0.313477
vt 0.581299 0.300781
vt 0.581299 0.332764
vt 0.581299 0.364746
vt 0.616943 0.351807
vt 0.581299 0.332764
vt 0.616943 0.313477
vt 0.581299 0.300781
vt 0.581299 0.332764
vt 0.581299 0.364746
vt 0.616943 0.351807
vt 0.581299 0.332764
vt 0.616943 0.313477
vt 0.581299 0.300781
vt 0.581299 0.332764
vt 0.581299 0.364746
vt 0.616943 0.351807
vt 0.581299 0.332764
vt 0.581299 0.364746
vt 0.616943 0.351807
vt 0.581299 0.332764
vt 0.616943 0.313477
vt 0.581299 0.300781
vt 0.581299 0.332764
vt 0.581299 0.364746
vt 0.616943 0.351807
vt 0.581299 0.332764
vt 0.616943 0.313477
vt 0.581299 0.300781
vt 0.581299 0.332764
vt 0.581299 0.364746
vt 0.616943 0.351807
vt 0.581299 0.332764
vt 0.616943 0.313477
vt 0.581299 0.300781
vt 0.581299 0.332764
vt 0.581299 0.364746
vt 0.616943 0.351807
vt 0.581299 0.332764
vt 0.616943 0.313477
vt 0.581299 0.300781
vt 0.581299 0.332764
vt 0.581299 0.364746
vt 0.616943 0.351807
vt 0.581299 0.332764
vt 0.616943 0.313477
vt 0.581299 0.300781
vt 0.581299 0.332764
vt 0.581299 0.364746
vt 0.616943 0.351807
vt 0.581299 0.332764
vt 0.616943 0.313477
vt 0.581299 0.300781
vt 0.581299 0.332764
vt 0.581299 0.364746
vt 0.616943 0.351807
vt 0.581299 0.332764
vt 0.616943 0.313477
vt 0.581299 0.300781
vt 0.581299 0.332764
vt 0.581299 0.364746
vt 0.616943 0.351807
vt 0.581299 0.332764
vt 0.616943 0.313477
vt 0.581299 0.300781
vt 0.581299 0.332764
vt 0.581299 0.364746
vt 0.616943 0.351807
vt 0.581299 0.332764
vt 0.616943 0.313477
vt 0.581299 0.300781
vt 0.581299 0.332764
vt 0.581299 0.364746
vt 0.616943 0.351807
vt 0.581299 0.332764
vt 0.616943 0.313477
vt 0.581299 0.300781
vt 0.581299 0.332764
vt 0.581299 0.364746
vt 0.616943 0.351807
vt 0.581299 0.332764
vt 0.616943 0.313477
vt 0.581299 0.300781
vt 0.581299 0.332764
vt 0.581299 0.364746
vt 0.616943 0.351807
vt 0.581299 0.332764
vt 0.616943 0.313477
vt 0.581299 0.300781
vt 0.581299 0.332764
vt 0.581299 0.364746
vt 0.616943 0.351807
vt 0.581299 0.332764
vt 0.616943 0.313477
vt 0.581299 0.300781
vt 0.581299 0.332764
vt 0.581299 0.364746
vt 0.616943 0.351807
vt 0.581299 0.332764
vt 0.616943 0.313477
vt 0.581299 0.300781
vt 0.581299 0.332764
vt 0.581299 0.364746
vt 0.616943 0.351807
vt 0.581299 0.332764
vt 0.616943 0.313477
vt 0.581299 0.300781
vt 0.581299 0.332764
vt 0.616943 0.313477
vt 0.581299 0.300781
vt 0.581299 0.332764
vt 0.581299 0.364746
vt 0.616943 0.351807
vt 0.581299 0.332764
vt 0.616943 0.313477
vt 0.581299 0.300781
vt 0.581299 0.332764
vt 0.581299 0.364746
vt 0.616943 0.351807
vt 0.581299 0.332764
vt 0.616943 0.313477
vt 0.581299 0.300781
vt 0.581299 0.332764
vt 0.581299 0.364746
vt 0.616943 0.351807
vt 0.581299 0.332764
vt 0.616943 0.313477
vt 0.581299 0.300781
vt 0.581299 0.332764
vt 0.616943 0.313477
vt 0.581299 0.300781
vt 0.774658 0.321289
vt 0.777588 0.322510
vt 0.773926 0.324707
vt 0.774658 0.321289
vt 0.777588 0.318848
vt 0.777588 0.322510
vt 0.777588 0.318848
vt 0.778809 0.321045
vt 0.777588 0.322510
vt 0.778809 0.321045
vt 0.776611 0.324707
vt 0.777588 0.322510
vt 0.776611 0.324707
vt 0.773926 0.324707
vt 0.777588 0.322510
vt 0.581299 0.332764
vt 0.581299 0.364746
vt 0.616943 0.351807
vt 0.581299 0.332764
vt 0.581299 0.364746
vt 0.616943 0.351807
vt 0.779541 0.317139
vt 0.779053 0.315430
vt 0.777588 0.319092
vt 0.777588 0.319092
vt 0.779053 0.315430
vt 0.775635 0.316162
vt 0.775635 0.316162
vt 0.779053 0.315430
vt 0.776123 0.312744
vt 0.776123 0.312744
vt 0.779053 0.315430
vt 0.778564 0.313232
vt 0.778564 0.313232
vt 0.779053 0.315430
vt 0.779541 0.317139
vt 0.616943 0.313477
vt 0.581299 0.300781
vt 0.581299 0.332764
vt 0.581299 0.332764
vt 0.581299 0.364746
vt 0.616943 0.351807
vt 0.616943 0.313477
vt 0.581299 0.300781
vt 0.581299 0.332764
vt 0.581299 0.332764
vt 0.581299 0.364746
vt 0.616943 0.351807
vt 0.616943 0.313477
vt 0.581299 0.300781
vt 0.581299 0.332764
vt 0.581299 0.332764
vt 0.581299 0.364746
vt 0.616943 0.351807
vt 0.616943 0.313477
vt 0.581299 0.300781
vt 0.581299 0.332764
vt 0.581299 0.332764
vt 0.581299 0.364746
vt 0.616943 0.351807
vt 0.616943 0.313477
vt 0.581299 0.300781
vt 0.581299 0.332764
vt 0.581299 0.332764
vt 0.581299 0.364746
vt 0.616943 0.351807
vt 0.775635 0.310791
vt 0.774170 0.307373
vt 0.775879 0.309082
vt 0.775879 0.309082
vt 0.774170 0.307373
vt 0.772461 0.306152
vt 0.772461 0.306152
vt 0.774170 0.307373
vt 0.769775 0.306396
vt 0.769775 0.306396
vt 0.774170 0.307373
vt 0.771729 0.309326
vt 0.771729 0.309326
vt 0.774170 0.307373
vt 0.775635 0.310791
vt 0.767578 0.304932
vt 0.765137 0.304932
vt 0.768799 0.307129
vt 0.768799 0.307129
vt 0.765137 0.304932
vt 0.764648 0.307861
vt 0.764648 0.307861
vt 0.765137 0.304932
vt 0.760742 0.306152
vt 0.760742 0.306152
vt 0.765137 0.304932
vt 0.762451 0.304443
vt 0.762451 0.304443
vt 0.765137 0.304932
vt 0.767578 0.304932
vt 0.763428 0.314941
vt 0.762939 0.318359
vt 0.767090 0.317871
vt 0.767090 0.317871
vt 0.762939 0.318359
vt 0.764893 0.321289
vt 0.764893 0.321289
vt 0.762939 0.318359
vt 0.760010 0.320801
vt 0.760010 0.320801
vt 0.762939 0.318359
vt 0.759033 0.316895
vt 0.759033 0.316895
vt 0.762939 0.318359
vt 0.763428 0.314941
vt 0.769043 0.327148
vt 0.770752 0.329346
vt 0.773193 0.326416
vt 0.773193 0.326416
vt 0.770752 0.329346
vt 0.772949 0.328125
vt 0.772949 0.328125
vt 0.770752 0.329346
vt 0.768555 0.330078
vt 0.768555 0.330078
vt 0.770752 0.329346
vt 0.766113 0.329590
vt 0.766113 0.329590
vt 0.770752 0.329346
vt 0.769043 0.327148
vt 0.763184 0.330322
vt 0.760742 0.329834
vt 0.765137 0.328613
vt 0.765137 0.328613
vt 0.760742 0.329834
vt 0.761230 0.326904
vt 0.761230 0.326904
vt 0.760742 0.329834
vt 0.757080 0.327881
vt 0.757080 0.327881
vt 0.760742 0.329834
vt 0.758301 0.329834
vt 0.758301 0.329834
vt 0.760742 0.329834
vt 0.763184 0.330322
vt 0.766846 0.317871
vt 0.762939 0.316406
vt 0.765869 0.313965
vt 0.765869 0.313965
vt 0.762939 0.316406
vt 0.760742 0.313477
vt 0.760742 0.313477
vt 0.762939 0.316406
vt 0.758789 0.317139
vt 0.758789 0.317139
vt 0.762939 0.316406
vt 0.762207 0.319824
vt 0.762207 0.319824
vt 0.762939 0.316406
vt 0.766846 0.317871
vt 0.756592 0.307617
vt 0.755127 0.305420
vt 0.759766 0.305420
vt 0.759766 0.305420
vt 0.755127 0.305420
vt 0.757324 0.304688
vt 0.757324 0.304688
vt 0.755127 0.305420
vt 0.752930 0.306641
vt 0.752930 0.306641
vt 0.755127 0.305420
vt 0.752441 0.308350
vt 0.752441 0.308350
vt 0.755127 0.305420
vt 0.756592 0.307617
vt 0.749268 0.310303
vt 0.748047 0.312256
vt 0.751709 0.310059
vt 0.751709 0.310059
vt 0.748047 0.312256
vt 0.751221 0.313721
vt 0.751221 0.313721
vt 0.748047 0.312256
vt 0.748291 0.315918
vt 0.748291 0.315918
vt 0.748047 0.312256
vt 0.747070 0.313721
vt 0.747070 0.313721
vt 0.748047 0.312256
vt 0.749268 0.310303
vt 0.753906 0.325684
vt 0.751709 0.327393
vt 0.756104 0.328369
vt 0.756104 0.328369
vt 0.751709 0.327393
vt 0.753418 0.328613
vt 0.753418 0.328613
vt 0.751709 0.327393
vt 0.749756 0.325684
vt 0.749756 0.325684
vt 0.751709 0.327393
vt 0.750244 0.323975
vt 0.750244 0.323975
vt 0.751709 0.327393
vt 0.753906 0.325684
vt 0.749512 0.322021
vt 0.746826 0.319336
vt 0.750244 0.318604
vt 0.750244 0.318604
vt 0.746826 0.319336
vt 0.748047 0.315674
vt 0.748047 0.315674
vt 0.746826 0.319336
vt 0.746338 0.317627
vt 0.746338 0.317627
vt 0.746826 0.319336
vt 0.747314 0.321533
vt 0.747314 0.321533
vt 0.746826 0.319336
vt 0.749512 0.322021
vt 0.674561 0.325928
vt 0.678223 0.327148
vt 0.676758 0.323242
vt 0.676758 0.323242
vt 0.678711 0.323486
vt 0.675049 0.322266
vt 0.671875 0.324219
vt 0.675049 0.322266
vt 0.674072 0.324219
vt 0.670898 0.328369
vt 0.671631 0.326416
vt 0.671875 0.324219
vt 0.671631 0.326416
vt 0.673340 0.330078
vt 0.674561 0.325928
vt 0.674805 0.333252
vt 0.675781 0.336426
vt 0.677490 0.332764
vt 0.675781 0.336426
vt 0.675537 0.339600
vt 0.678467 0.339355
vt 0.678467 0.339355
vt 0.681152 0.340332
vt 0.681641 0.337402
vt 0.681641 0.337402
vt 0.683594 0.334717
vt 0.681152 0.333252
vt 0.677490 0.332764
vt 0.681152 0.333252
vt 0.679688 0.330322
vt 0.677490 0.346191
vt 0.680420 0.347412
vt 0.680664 0.343506
vt 0.680420 0.347412
vt 0.678955 0.348877
vt 0.682129 0.346191
vt 0.678955 0.348877
vt 0.675537 0.348145
vt 0.677490 0.346680
vt 0.673340 0.344727
vt 0.675537 0.348145
vt 0.674561 0.346436
vt 0.674561 0.346436
vt 0.677490 0.346191
vt 0.675293 0.342529
vt 0.669434 0.340576
vt 0.672852 0.339844
vt 0.669922 0.337402
vt 0.669922 0.337402
vt 0.671875 0.333740
vt 0.668457 0.333984
vt 0.668457 0.333984
vt 0.669434 0.331787
vt 0.667236 0.335449
vt 0.667236 0.335449
vt 0.668701 0.336914
vt 0.667725 0.339600
vt 0.667725 0.339600
vt 0.670898 0.342041
vt 0.669434 0.340576
vt 0.667725 0.330566
vt 0.669678 0.329590
vt 0.669189 0.326904
vt 0.669189 0.326904
vt 0.672852 0.325439
vt 0.671143 0.326172
vt 0.671143 0.326172
vt 0.674316 0.328125
vt 0.670654 0.329590
vt 0.670654 0.329590
vt 0.671875 0.333740
vt 0.668457 0.332275
vt 0.668457 0.332275
vt 0.668945 0.334717
vt 0.667725 0.330566
vt 0.669678 0.340576
vt 0.672363 0.337646
vt 0.672607 0.342041
vt 0.672607 0.342041
vt 0.676270 0.342041
vt 0.673828 0.345215
vt 0.673828 0.345215
vt 0.675781 0.345703
vt 0.672119 0.345947
vt 0.672119 0.345947
vt 0.671631 0.343506
vt 0.669434 0.343018
vt 0.669434 0.343018
vt 0.669434 0.338623
vt 0.669678 0.340576
vt 0.681152 0.346436
vt 0.679443 0.342529
vt 0.683105 0.343750
vt 0.683105 0.343750
vt 0.684326 0.339600
vt 0.686279 0.343262
vt 0.681152 0.346436
vt 0.682861 0.347656
vt 0.679199 0.346191
vt 0.686035 0.345703
vt 0.686279 0.343262
vt 0.687012 0.341553
vt 0.686035 0.345703
vt 0.683838 0.345459
vt 0.682861 0.347656
vt 0.686768 0.343506
vt 0.685059 0.344238
vt 0.688721 0.343018
vt 0.688721 0.343018
vt 0.688232 0.340088
vt 0.690186 0.339355
vt 0.689209 0.337646
vt 0.690186 0.339355
vt 0.688965 0.334961
vt 0.686035 0.335938
vt 0.687256 0.340332
vt 0.689209 0.337646
vt 0.683594 0.341553
vt 0.686768 0.343506
vt 0.687256 0.340332
vt 0.689453 0.335693
vt 0.685791 0.336182
vt 0.687988 0.332520
vt 0.684814 0.329834
vt 0.688477 0.329102
vt 0.687988 0.332520
vt 0.690674 0.334473
vt 0.688477 0.337891
vt 0.689453 0.335693
vt 0.690674 0.334473
vt 0.690186 0.330322
vt 0.689209 0.332764
vt 0.690186 0.330322
vt 0.688477 0.329102
vt 0.687012 0.327881
vt 0.685791 0.323975
vt 0.688232 0.326904
vt 0.686035 0.326172
vt 0.685791 0.323975
vt 0.681885 0.324219
vt 0.683838 0.324463
vt 0.681641 0.327881
vt 0.685303 0.327881
vt 0.683838 0.324463
vt 0.685303 0.327881
vt 0.685547 0.332275
vt 0.687988 0.329346
vt 0.688232 0.331299
vt 0.688232 0.326904
vt 0.687988 0.329346
vt 0.683105 0.323242
vt 0.682373 0.321533
vt 0.684570 0.325195
vt 0.680176 0.323730
vt 0.683105 0.323242
vt 0.682617 0.327148
vt 0.677246 0.326416
vt 0.677490 0.322266
vt 0.680176 0.323730
vt 0.677490 0.322266
vt 0.675781 0.323730
vt 0.678711 0.321045
vt 0.678711 0.321045
vt 0.680420 0.322998
vt 0.682373 0.321533
vt 0.676758 0.336426
vt 0.674316 0.335205
vt 0.676270 0.332520
vt 0.680420 0.337158
vt 0.678223 0.339600
vt 0.676758 0.336426
vt 0.681885 0.333496
vt 0.683105 0.336670
vt 0.680420 0.337158
vt 0.679443 0.330566
vt 0.682129 0.330322
vt 0.681885 0.333496
vt 0.676270 0.332520
vt 0.676758 0.329346
vt 0.679443 0.330566
vt 0.876953 0.265869
vt 0.863770 0.265869
vt 0.833252 0.908203
vt 0.833252 0.908203
vt 0.864502 0.908203
vt 0.876953 0.265869
vt 0.919434 0.265869
vt 0.876953 0.265869
vt 0.864502 0.908203
vt 0.864502 0.908203
vt 0.930664 0.908203
vt 0.919434 0.265869
vt 0.931641 0.265869
vt 0.919434 0.265869
vt 0.930664 0.908203
vt 0.930664 0.908203
vt 0.961914 0.908203
vt 0.931641 0.265869
vt 0.916016 0.266113
vt 0.931641 0.265869
vt 0.961914 0.908203
vt 0.961914 0.908203
vt 0.930664 0.908447
vt 0.916016 0.266113
vt 0.879395 0.266113
vt 0.916016 0.266113
vt 0.930664 0.908447
vt 0.930664 0.908447
vt 0.864502 0.908447
vt 0.879395 0.266113
vt 0.863770 0.265869
vt 0.879395 0.266113
vt 0.864502 0.908447
vt 0.864502 0.908447
vt 0.833252 0.908203
vt 0.863770 0.265869
vt 0.930664 0.908447
vt 0.961914 0.908203
vt 0.916260 0.972412
vt 0.916260 0.972412
vt 0.877930 0.972412
vt 0.864502 0.908447
vt 0.864502 0.908447
vt 0.930664 0.908447
vt 0.916260 0.972412
vt 0.833252 0.908203
vt 0.864502 0.908447
vt 0.877930 0.972412
vt 0.864502 0.908203
vt 0.833252 0.908203
vt 0.877930 0.972412
vt 0.877930 0.972412
vt 0.916260 0.972412
vt 0.930664 0.908203
vt 0.930664 0.908203
vt 0.864502 0.908203
vt 0.877930 0.972412
vt 0.961914 0.908203
vt 0.930664 0.908203
vt 0.916260 0.972412
vt 0.875244 0.662109
vt 0.874512 0.662109
vt 0.874268 0.662109
vt 0.874268 0.662109
vt 0.874756 0.662109
vt 0.875244 0.662109
vt 0.875244 0.661377
vt 0.874756 0.661377
vt 0.874268 0.661133
vt 0.874268 0.661133
vt 0.874512 0.661133
vt 0.875244 0.661377
vt 0.874756 0.662109
vt 0.874268 0.662109
vt 0.874268 0.661133
vt 0.874268 0.661133
vt 0.874756 0.661377
vt 0.874756 0.662109
vt 0.874512 0.662109
vt 0.875244 0.662109
vt 0.875244 0.661377
vt 0.875244 0.661377
vt 0.874512 0.661133
vt 0.874512 0.662109
vt 0.875244 0.661865
vt 0.875000 0.661865
vt 0.874023 0.661865
vt 0.874023 0.661865
vt 0.874023 0.661865
vt 0.875244 0.661865
vt 0.875244 0.660889
vt 0.874023 0.660889
vt 0.874023 0.660889
vt 0.874023 0.660889
vt 0.875000 0.660889
vt 0.875244 0.660889
vt 0.874023 0.661865
vt 0.874023 0.661865
vt 0.874023 0.660889
vt 0.874023 0.660889
vt 0.874023 0.660889
vt 0.874023 0.661865
vt 0.875000 0.661865
vt 0.875244 0.661865
vt 0.875244 0.660889
vt 0.875244 0.660889
vt 0.875000 0.660889
vt 0.875000 0.661865
vt 0.536133 0.161377
vt 0.538818 0.167725
vt 0.549805 0.167480
vt 0.549805 0.167480
vt 0.552490 0.161377
vt 0.536133 0.161377
vt 0.874023 0.661133
vt 0.875244 0.661133
vt 0.875244 0.660889
vt 0.875244 0.660889
vt 0.874023 0.660889
vt 0.874023 0.661133
vt 0.874023 0.660889
vt 0.875244 0.660889
vt 0.875000 0.660889
vt 0.875000 0.660889
vt 0.874268 0.660889
vt 0.874023 0.660889
vt 0.875244 0.662598
vt 0.875244 0.660889
vt 0.875244 0.661133
vt 0.875244 0.662598
vt 0.875000 0.662598
vt 0.875000 0.660889
vt 0.875000 0.660889
vt 0.875244 0.660889
vt 0.875244 0.662598
vt 0.874023 0.662598
vt 0.874023 0.660889
vt 0.874268 0.660889
vt 0.874268 0.660889
vt 0.874268 0.662598
vt 0.874023 0.662598
vt 0.874023 0.662598
vt 0.874023 0.661133
vt 0.874023 0.660889
vt 0.537109 0.142090
vt 0.536133 0.161377
vt 0.552490 0.161377
vt 0.552490 0.161377
vt 0.551758 0.142090
vt 0.537109 0.142090
vt 0.865479 0.369141
vt 0.865967 0.369141
vt 0.866455 0.369141
vt 0.866455 0.369141
vt 0.866211 0.369141
vt 0.865479 0.369141
vt 0.865479 0.368408
vt 0.866211 0.368652
vt 0.866455 0.368652
vt 0.866455 0.368652
vt 0.865967 0.368408
vt 0.865479 0.368408
vt 0.865479 0.368408
vt 0.865479 0.369141
vt 0.866211 0.369141
vt 0.866211 0.369141
vt 0.866211 0.368652
vt 0.865479 0.368408
vt 0.866455 0.368652
vt 0.866455 0.369141
vt 0.865967 0.369141
vt 0.865967 0.369141
vt 0.865967 0.368408
vt 0.866455 0.368652
vt 0.865479 0.368896
vt 0.866455 0.368896
vt 0.866455 0.369141
vt 0.866455 0.369141
vt 0.865234 0.369141
vt 0.865479 0.368896
vt 0.865479 0.368408
vt 0.865234 0.368164
vt 0.866455 0.368164
vt 0.866455 0.368164
vt 0.866455 0.368408
vt 0.865479 0.368408
vt 0.865479 0.368408
vt 0.865479 0.368896
vt 0.865234 0.369141
vt 0.865234 0.369141
vt 0.865234 0.368164
vt 0.865479 0.368408
vt 0.866455 0.368164
vt 0.866455 0.369141
vt 0.866455 0.368896
vt 0.866455 0.368896
vt 0.866455 0.368408
vt 0.866455 0.368164
vt 0.546875 0.179688
vt 0.539551 0.179688
vt 0.537842 0.174316
vt 0.537842 0.174316
vt 0.548584 0.174561
vt 0.546875 0.179688
vt 0.866455 0.368164
vt 0.866455 0.368408
vt 0.865479 0.368408
vt 0.865479 0.368408
vt 0.865479 0.368164
vt 0.866455 0.368164
vt 0.866211 0.368164
vt 0.866455 0.368164
vt 0.865479 0.368164
vt 0.865479 0.368164
vt 0.865479 0.368164
vt 0.866211 0.368164
vt 0.866455 0.369629
vt 0.866455 0.368408
vt 0.866455 0.368164
vt 0.866455 0.369629
vt 0.866455 0.368164
vt 0.866211 0.368164
vt 0.866211 0.368164
vt 0.866211 0.369629
vt 0.866455 0.369629
vt 0.865479 0.369629
vt 0.865479 0.369629
vt 0.865479 0.368164
vt 0.865479 0.368164
vt 0.865479 0.368164
vt 0.865479 0.369629
vt 0.865479 0.369629
vt 0.865479 0.368164
vt 0.865479 0.368408
vt 0.548584 0.174561
vt 0.537842 0.174316
vt 0.538574 0.157959
vt 0.538574 0.157959
vt 0.548096 0.157959
vt 0.548584 0.174561
vt 0.765381 0.186035
vt 0.765381 0.186279
vt 0.766602 0.186279
vt 0.766602 0.186279
vt 0.766357 0.186035
vt 0.765381 0.186035
vt 0.765381 0.185059
vt 0.766357 0.185059
vt 0.766602 0.184814
vt 0.766602 0.184814
vt 0.765381 0.184814
vt 0.765381 0.185059
vt 0.766357 0.186035
vt 0.766602 0.186279
vt 0.766602 0.184814
vt 0.766602 0.184814
vt 0.766357 0.185059
vt 0.766357 0.186035
vt 0.765381 0.186279
vt 0.765381 0.186035
vt 0.765381 0.185059
vt 0.765381 0.185059
vt 0.765381 0.184814
vt 0.765381 0.186279
vt 0.765381 0.186279
vt 0.766357 0.186279
vt 0.765869 0.185547
vt 0.765381 0.186279
vt 0.765625 0.186035
vt 0.766357 0.186035
vt 0.766357 0.186035
vt 0.766357 0.186279
vt 0.765381 0.186279
vt 0.765625 0.186035
vt 0.765625 0.186035
vt 0.766113 0.186035
vt 0.766113 0.186035
vt 0.766357 0.186035
vt 0.765625 0.186035
vt 0.765869 0.185547
vt 0.766357 0.184814
vt 0.765381 0.184814
vt 0.765381 0.184814
vt 0.766357 0.184814
vt 0.766357 0.185059
vt 0.766357 0.185059
vt 0.765625 0.185059
vt 0.765381 0.184814
vt 0.765625 0.185059
vt 0.766357 0.185059
vt 0.766113 0.185303
vt 0.766113 0.185303
vt 0.765625 0.185303
vt 0.765625 0.185059
vt 0.765869 0.185547
vt 0.766357 0.186279
vt 0.766357 0.184814
vt 0.766357 0.186279
vt 0.766357 0.186035
vt 0.766357 0.185059
vt 0.766357 0.185059
vt 0.766357 0.184814
vt 0.766357 0.186279
vt 0.766357 0.186035
vt 0.766113 0.186035
vt 0.766113 0.185303
vt 0.766113 0.185303
vt 0.766357 0.185059
vt 0.766357 0.186035
vt 0.765625 0.186035
vt 0.765625 0.186035
vt 0.765625 0.185059
vt 0.765625 0.185059
vt 0.765625 0.185303
vt 0.765625 0.186035
vt 0.765625 0.186035
vt 0.765381 0.186279
vt 0.765381 0.184814
vt 0.765381 0.184814
vt 0.765625 0.185059
vt 0.765625 0.186035
vt 0.765381 0.186279
vt 0.765869 0.185547
vt 0.765381 0.184814
vt 0.833008 0.161865
vt 0.831299 0.161865
vt 0.831299 0.161377
vt 0.831299 0.161377
vt 0.832520 0.161377
vt 0.833008 0.161865
vt 0.833008 0.159912
vt 0.832520 0.160400
vt 0.831299 0.160400
vt 0.831299 0.160400
vt 0.831299 0.159912
vt 0.833008 0.159912
vt 0.833008 0.159912
vt 0.833008 0.161865
vt 0.832520 0.161377
vt 0.832520 0.161377
vt 0.832520 0.160400
vt 0.833008 0.159912
vt 0.831299 0.160400
vt 0.831299 0.161377
vt 0.831299 0.161865
vt 0.831299 0.161865
vt 0.831299 0.159912
vt 0.831299 0.160400
vt 0.831299 0.161621
vt 0.832031 0.160889
vt 0.832764 0.161621
vt 0.832520 0.161377
vt 0.831543 0.161377
vt 0.831299 0.161621
vt 0.831299 0.161621
vt 0.832764 0.161621
vt 0.832520 0.161377
vt 0.832520 0.161377
vt 0.832520 0.161377
vt 0.831787 0.161377
vt 0.831787 0.161377
vt 0.831543 0.161377
vt 0.832520 0.161377
vt 0.832031 0.160889
vt 0.831299 0.159912
vt 0.832764 0.159912
vt 0.832520 0.160400
vt 0.832764 0.159912
vt 0.831299 0.159912
vt 0.831299 0.159912
vt 0.831543 0.160400
vt 0.832520 0.160400
vt 0.832520 0.160645
vt 0.832520 0.160400
vt 0.831543 0.160400
vt 0.831543 0.160400
vt 0.831787 0.160645
vt 0.832520 0.160645
vt 0.832031 0.160889
vt 0.832764 0.159912
vt 0.832764 0.161621
vt 0.832520 0.160400
vt 0.832520 0.161377
vt 0.832764 0.161621
vt 0.832764 0.161621
vt 0.832764 0.159912
vt 0.832520 0.160400
vt 0.832520 0.160645
vt 0.832520 0.161377
vt 0.832520 0.161377
vt 0.832520 0.161377
vt 0.832520 0.160400
vt 0.832520 0.160645
vt 0.831543 0.160400
vt 0.831543 0.161377
vt 0.831787 0.161377
vt 0.831787 0.161377
vt 0.831787 0.160645
vt 0.831543 0.160400
vt 0.831299 0.159912
vt 0.831299 0.161621
vt 0.831543 0.161377
vt 0.831543 0.161377
vt 0.831543 0.160400
vt 0.831299 0.159912
vt 0.831299 0.161621
vt 0.831299 0.159912
vt 0.832031 0.160889
vt 0.946777 0.197754
vt 0.946777 0.197754
vt 0.946777 0.197754
vt 0.946777 0.197754
vt 0.946777 0.197754
vt 0.946777 0.197754
vt 0.946777 0.197754
vt 0.946777 0.197754
vt 0.946777 0.197754
vt 0.946777 0.197754
vt 0.946777 0.197754
vt 0.946777 0.197754
vt 0.946777 0.197754
vt 0.946777 0.197754
vt 0.946777 0.197754
vt 0.946777 0.197754
vt 0.946777 0.197754
vt 0.946777 0.197754
vt 0.937744 0.042236
vt 0.937744 0.042236
vt 0.937744 0.042236
vt 0.937744 0.047607
vt 0.937744 0.039551
vt 0.929932 0.047119
vt 0.937744 0.047607
vt 0.929932 0.047119
vt 0.937744 0.054932
vt 0.937744 0.047607
vt 0.937744 0.054932
vt 0.945312 0.047119
vt 0.937744 0.047607
vt 0.945312 0.047119
vt 0.937744 0.039551
vt 0.937744 0.046875
vt 0.929932 0.047119
vt 0.937744 0.039551
vt 0.937744 0.046875
vt 0.937744 0.054932
vt 0.929932 0.047119
vt 0.937744 0.046875
vt 0.945312 0.047119
vt 0.937744 0.054932
vt 0.937744 0.046875
vt 0.937744 0.039551
vt 0.945312 0.047119
vt 0.031494 0.245850
vt 0.068359 0.242188
vt 0.068359 0.243408
vt 0.123291 0.241211
vt 0.123291 0.242676
vt 0.068359 0.243408
vt 0.068359 0.243408
vt 0.068359 0.242188
vt 0.123291 0.241211
vt 0.590332 0.242188
vt 0.590332 0.243408
vt 0.535156 0.242676
vt 0.535156 0.242676
vt 0.535400 0.241211
vt 0.590332 0.242188
vt 0.590332 0.243408
vt 0.590332 0.242188
vt 0.627197 0.245850
vt 0.031494 0.245850
vt 0.068359 0.243408
vt 0.068359 0.242188
vt 0.123535 0.242676
vt 0.123291 0.241211
vt 0.068359 0.242188
vt 0.068359 0.242188
vt 0.068359 0.243408
vt 0.123535 0.242676
vt 0.123291 0.241211
vt 0.123535 0.242676
vt 0.535400 0.242676
vt 0.535400 0.242676
vt 0.535400 0.241211
vt 0.123291 0.241211
vt 0.590332 0.243408
vt 0.590332 0.242188
vt 0.535400 0.241211
vt 0.535400 0.241211
vt 0.535400 0.242676
vt 0.590332 0.243408
vt 0.590332 0.242188
vt 0.590332 0.243408
vt 0.627197 0.245850
vt 0.031494 0.245850
vt 0.068359 0.245850
vt 0.068359 0.243408
vt 0.068359 0.243408
vt 0.068359 0.245850
vt 0.123291 0.245850
vt 0.123291 0.245850
vt 0.123535 0.242676
vt 0.068359 0.243408
vt 0.123535 0.242676
vt 0.123291 0.245850
vt 0.535400 0.245850
vt 0.535400 0.245850
vt 0.535400 0.242676
vt 0.123535 0.242676
vt 0.590332 0.245850
vt 0.590332 0.243408
vt 0.535400 0.242676
vt 0.535400 0.242676
vt 0.535400 0.245850
vt 0.590332 0.245850
vt 0.590332 0.243408
vt 0.590332 0.245850
vt 0.627197 0.245850
vt 0.031494 0.245850
vt 0.068359 0.248291
vt 0.068359 0.245850
vt 0.123291 0.249023
vt 0.123291 0.245850
vt 0.068359 0.245850
vt 0.068359 0.245850
vt 0.068359 0.248291
vt 0.123291 0.249023
vt 0.123291 0.245850
vt 0.123291 0.249023
vt 0.535156 0.249023
vt 0.535156 0.249023
vt 0.535400 0.245850
vt 0.123291 0.245850
vt 0.590332 0.248291
vt 0.590332 0.245850
vt 0.535400 0.245850
vt 0.535400 0.245850
vt 0.535156 0.249023
vt 0.590332 0.248291
vt 0.590332 0.245850
vt 0.590332 0.248291
vt 0.627197 0.245850
vt 0.031494 0.245850
vt 0.068359 0.249756
vt 0.068359 0.248291
vt 0.123291 0.250732
vt 0.123291 0.249023
vt 0.068359 0.248291
vt 0.068359 0.248291
vt 0.068359 0.249756
vt 0.123291 0.250732
vt 0.123291 0.249023
vt 0.123291 0.250732
vt 0.535156 0.250732
vt 0.535156 0.250732
vt 0.535156 0.249023
vt 0.123291 0.249023
vt 0.590088 0.249756
vt 0.590332 0.248291
vt 0.535156 0.249023
vt 0.535156 0.249023
vt 0.535156 0.250732
vt 0.590088 0.249756
vt 0.590332 0.248291
vt 0.590088 0.249756
vt 0.627197 0.245850
vt 0.031494 0.245850
vt 0.068115 0.248535
vt 0.068359 0.249756
vt 0.123291 0.249268
vt 0.123291 0.250732
vt 0.068359 0.249756
vt 0.068359 0.249756
vt 0.068115 0.248535
vt 0.123291 0.249268
vt 0.590088 0.248535
vt 0.590088 0.249756
vt 0.535156 0.250732
vt 0.535156 0.250732
vt 0.535156 0.249268
vt 0.590088 0.248535
vt 0.590088 0.249756
vt 0.590088 0.248535
vt 0.627197 0.245850
vt 0.625000 0.119629
vt 0.588135 0.124268
vt 0.588135 0.207031
vt 0.533203 0.126221
vt 0.533203 0.229736
vt 0.588135 0.207031
vt 0.588135 0.207031
vt 0.588135 0.124268
vt 0.533203 0.126221
vt 0.066650 0.124268
vt 0.066650 0.207031
vt 0.121582 0.229980
vt 0.121582 0.229980
vt 0.121582 0.126221
vt 0.066650 0.124268
vt 0.066650 0.207031
vt 0.066650 0.124268
vt 0.029785 0.119873
vt 0.625000 0.119629
vt 0.588135 0.038330
vt 0.588135 0.124268
vt 0.533203 0.018311
vt 0.533203 0.126221
vt 0.588135 0.124268
vt 0.588135 0.124268
vt 0.588135 0.038330
vt 0.533203 0.018311
vt 0.066650 0.038574
vt 0.066650 0.124268
vt 0.121582 0.126221
vt 0.121582 0.126221
vt 0.121582 0.018555
vt 0.066650 0.038574
vt 0.066650 0.124268
vt 0.066650 0.038574
vt 0.029785 0.119873
vt 0.535400 0.241211
vt 0.535156 0.242676
vt 0.123291 0.242676
vt 0.123291 0.242676
vt 0.123291 0.241211
vt 0.535400 0.241211
vt 0.123291 0.250732
vt 0.123291 0.249268
vt 0.535156 0.249268
vt 0.535156 0.249268
vt 0.535156 0.250732
vt 0.123291 0.250732
vt 0.121582 0.126221
vt 0.121582 0.229980
vt 0.533203 0.229736
vt 0.533203 0.229736
vt 0.533203 0.126221
vt 0.121582 0.126221
vt 0.121582 0.018555
vt 0.121582 0.126221
vt 0.533203 0.126221
vt 0.533203 0.126221
vt 0.533203 0.018311
vt 0.121582 0.018555
vn -0.5151 -0.8454 0.1410
vn -0.6659 -0.7354 0.1250
vn -0.6446 -0.5628 0.5174
vn -0.2112 -0.8407 0.4986
vn -0.5152 -0.8454 0.1410
vn -0.9139 -0.2965 -0.2773
vn -0.9712 -0.2025 -0.1258
vn -0.8541 -0.4932 0.1653
vn -0.8541 -0.4932 0.1654
vn -0.6621 -0.6961 -0.2774
vn -0.8546 -0.4925 0.1648
vn -0.5493 -0.7829 0.2919
vn -0.5146 -0.8456 0.1421
vn -0.6623 -0.6959 -0.2776
vn -0.9810 -0.1026 0.1647
vn -0.9052 -0.3986 -0.1473
vn -0.9138 -0.2968 -0.2773
vn -0.9451 0.1735 -0.2769
vn -0.9810 -0.1025 0.1647
vn -0.9142 0.3864 0.1220
vn -0.9047 0.2943 0.3081
vn -0.9810 -0.1033 0.1642
vn -0.9451 0.1732 -0.2771
vn -0.9142 0.3864 0.1219
vn -0.5169 -0.2471 -0.8196
vn -0.5579 -0.0723 -0.8268
vn -0.8529 -0.0749 -0.5166
vn -0.6657 -0.5551 -0.4987
vn -0.8524 -0.0747 -0.5176
vn -0.9712 -0.2028 -0.1253
vn -0.9054 -0.3984 -0.1469
vn -0.6656 -0.5551 -0.4989
vn -0.5174 -0.2477 -0.8191
vn -0.2155 0.0701 -0.9740
vn -0.6509 0.2121 -0.7289
vn -0.6509 0.2121 -0.7290
vn -0.6517 -0.2293 -0.7229
vn -0.6513 0.2108 -0.7289
vn -0.2156 0.0697 -0.9740
vn -0.2724 0.5051 -0.8189
vn -0.2724 0.5052 -0.8189
vn -0.4128 0.5689 -0.7113
vn -0.6512 0.2109 -0.7290
vn -0.2075 -0.2322 -0.9503
vn -0.5584 -0.0721 -0.8265
vn -0.6522 -0.2282 -0.7229
vn -0.6522 -0.2281 -0.7229
vn -0.3989 -0.5997 -0.6937
vn 0.4477 -0.5673 -0.6912
vn 0.6701 -0.2172 -0.7098
vn 0.5652 -0.1039 -0.8184
vn 0.1570 -0.2704 -0.9498
vn 0.4478 -0.5674 -0.6911
vn 0.6537 0.2126 -0.7263
vn 0.2156 0.0701 -0.9740
vn 0.5007 -0.2484 -0.8292
vn 0.5007 -0.2485 -0.8292
vn 0.6698 -0.2182 -0.7097
vn 0.6538 0.2120 -0.7263
vn 0.4135 0.5700 -0.7100
vn 0.2738 0.5053 -0.8184
vn 0.2156 0.0698 -0.9740
vn 0.6539 0.2120 -0.7263
vn 0.0004 0.6861 -0.7275
vn -0.4134 0.5685 -0.7113
vn -0.3900 0.3995 -0.8296
vn 0.0002 0.2265 -0.9740
vn 0.0004 0.6862 -0.7274
vn -0.0005 0.6862 -0.7274
vn -0.0002 0.2265 -0.9740
vn 0.3905 0.3994 -0.8294
vn 0.3906 0.3994 -0.8294
vn 0.4142 0.5695 -0.7100
vn -0.0004 0.6862 -0.7275
vn 0.5643 -0.1041 -0.8190
vn 0.5001 -0.2476 -0.8298
vn 0.7339 -0.4403 -0.5172
vn 0.8646 0.0578 -0.4991
vn 0.2739 0.5051 -0.8185
vn 0.3898 0.3992 -0.8299
vn 0.6458 0.5618 -0.5171
vn 0.6458 0.5617 -0.5171
vn 0.2121 0.8401 -0.4992
vn 0.2738 0.5051 -0.8185
vn 0.6454 0.5612 -0.5181
vn 0.6504 0.7498 -0.1214
vn 0.5159 0.8449 -0.1413
vn 0.2121 0.8400 -0.4994
vn 0.5153 0.8451 -0.1424
vn 0.5590 0.7699 -0.3080
vn 0.8545 0.4928 -0.1642
vn 0.6628 0.6956 0.2771
vn 0.5153 0.8451 -0.1423
vn 0.5628 0.1017 0.8203
vn 0.4920 0.2701 0.8276
vn 0.7342 0.4409 0.5163
vn 0.8648 -0.0575 0.4987
vn 0.5629 0.1017 0.8203
vn 0.4457 0.5621 0.6967
vn 0.6600 0.1974 0.7249
vn 0.5632 0.1016 0.8201
vn 0.1538 0.2657 0.9517
vn 0.3000 -0.0647 0.9517
vn 0.4924 0.2707 0.8272
vn 0.6597 0.1986 0.7248
vn 0.6720 -0.2504 0.6969
vn 0.3001 -0.0647 0.9517
vn -0.9632 0.2287 0.1413
vn -0.9145 0.3860 0.1213
vn -0.7341 0.4395 0.5176
vn -0.8648 -0.0587 0.4986
vn -0.5642 0.7776 -0.2775
vn -0.4968 0.8553 -0.1472
vn -0.7329 0.6600 0.1651
vn -0.8668 0.4144 -0.2775
vn -0.7325 0.6605 0.1647
vn -0.9051 0.2931 0.3081
vn -0.9632 0.2282 0.1420
vn -0.8666 0.4147 -0.2777
vn -0.6453 0.5627 -0.5168
vn -0.3896 0.3994 -0.8299
vn -0.2724 0.5040 -0.8196
vn -0.2111 0.8407 -0.4986
vn -0.4973 0.8552 -0.1463
vn -0.6659 0.7354 -0.1254
vn -0.6448 0.5621 -0.5180
vn -0.2110 0.8406 -0.4989
vn -0.4009 0.9012 0.1648
vn -0.6662 0.7351 -0.1261
vn -0.5648 0.7772 -0.2775
vn -0.1269 0.9525 -0.2769
vn 0.0850 0.9889 0.1220
vn 0.0151 0.9564 0.2918
vn -0.4017 0.9009 0.1643
vn -0.1271 0.9524 -0.2770
vn 0.0850 0.9889 0.1219
vn 0.2042 0.9650 -0.1648
vn 0.5597 0.7693 -0.3080
vn 0.6506 0.7495 -0.1219
vn 0.4572 0.8449 0.2776
vn 0.0142 0.9564 0.2918
vn -0.1004 0.9840 0.1472
vn 0.2051 0.9647 -0.1654
vn 0.4574 0.8449 0.2774
vn -0.1001 0.9842 0.1464
vn 0.0846 0.9890 0.1214
vn 0.1904 0.8344 0.5172
vn -0.3230 0.8044 0.4986
vn -0.1001 0.9841 0.1464
vn -0.4474 -0.8738 -0.1907
vn -0.6662 -0.7350 0.1259
vn -0.5504 -0.7822 0.2921
vn -0.5504 -0.7821 0.2921
vn -0.1511 -0.9701 0.1901
vn -0.4474 -0.8738 -0.1906
vn 0.4983 -0.8546 0.1464
vn 0.2804 -0.7946 0.5385
vn 0.6894 -0.5389 0.4841
vn 0.6504 -0.7499 0.1211
vn 0.6507 -0.7495 0.1217
vn 0.3977 -0.8899 -0.2233
vn 0.2003 -0.9539 0.2234
vn 0.2004 -0.9539 0.2233
vn 0.5746 -0.7647 0.2917
vn 0.5739 -0.7652 0.2918
vn 0.8759 -0.4433 0.1903
vn 0.6925 -0.6957 -0.1907
vn 0.4979 -0.8547 0.1472
vn 0.9050 -0.3093 -0.2919
vn 0.6923 -0.6961 -0.1903
vn 0.8756 -0.4437 0.1908
vn 0.9667 -0.2093 -0.1474
vn 0.9050 -0.3093 -0.2920
vn 0.9667 -0.2098 -0.1465
vn 0.8644 0.0579 -0.4995
vn 0.7335 -0.4401 -0.5180
vn 0.7334 -0.4401 -0.5180
vn 0.9142 -0.3866 -0.1214
vn 0.9140 -0.3869 -0.1219
vn 0.9693 -0.1030 0.2233
vn 0.9693 0.1036 -0.2232
vn 0.9693 0.1036 -0.2231
vn 0.9047 -0.3104 -0.2919
vn 0.9140 -0.3870 -0.1219
vn 0.9140 0.3871 0.1217
vn 0.9693 0.1030 -0.2233
vn 0.9693 -0.1036 0.2232
vn 0.9693 -0.1036 0.2231
vn 0.9047 0.3104 0.2919
vn 0.9050 0.3093 0.2919
vn 0.6626 0.6959 0.2769
vn 0.8541 0.4934 -0.1647
vn 0.9666 0.2098 0.1470
vn 0.9050 0.3093 0.2920
vn 0.9666 0.2099 0.1468
vn 0.8648 -0.0576 0.4988
vn 0.7335 0.4407 0.5175
vn 0.7335 0.4406 0.5175
vn 0.9142 0.3867 0.1211
vn 0.9666 0.2100 0.1469
vn 0.2562 -0.4939 0.8309
vn 0.3003 -0.0643 0.9517
vn 0.6721 -0.2502 0.6969
vn 0.3918 -0.5665 0.7249
vn 0.3925 -0.5661 0.7249
vn -0.0304 -0.7165 0.6969
vn 0.0311 -0.3055 0.9517
vn 0.4149 -0.4031 0.8157
vn 0.4140 -0.4027 0.8164
vn 0.6895 -0.5392 0.4836
vn 0.2804 -0.7948 0.5382
vn 0.2563 -0.4928 0.8315
vn -0.3904 -0.3964 0.8309
vn 0.0315 -0.3056 0.9516
vn -0.0302 -0.7166 0.6969
vn -0.4177 -0.5477 0.7249
vn -0.3905 -0.3964 0.8309
vn -0.4169 -0.5484 0.7249
vn -0.6908 -0.1923 0.6969
vn -0.2809 -0.1240 0.9517
vn -0.2552 -0.5191 0.8157
vn -0.2552 -0.5184 0.8162
vn -0.2113 -0.8408 0.4985
vn -0.6448 -0.5631 0.5169
vn -0.6448 -0.5631 0.5168
vn -0.3895 -0.3962 0.8315
vn -0.2552 -0.5183 0.8162
vn -0.5715 0.0823 0.8164
vn -0.8649 -0.0587 0.4984
vn -0.7347 0.4397 0.5167
vn -0.4969 0.2481 0.8316
vn -0.4975 0.2492 0.8309
vn -0.2809 -0.1244 0.9516
vn -0.6909 -0.1925 0.6969
vn -0.6908 -0.1925 0.6969
vn -0.6500 0.2280 0.7249
vn -0.6504 0.2270 0.7249
vn -0.3963 0.5978 0.6969
vn -0.2046 0.2287 0.9517
vn -0.5726 0.0820 0.8157
vn 0.0828 0.5503 0.8309
vn -0.2051 0.2285 0.9517
vn -0.3966 0.5977 0.6968
vn -0.3966 0.5976 0.6968
vn 0.0157 0.6886 0.7250
vn 0.0828 0.5502 0.8309
vn 0.0150 0.6886 0.7250
vn 0.4461 0.5617 0.6968
vn 0.1542 0.2654 0.9517
vn -0.0985 0.5700 0.8157
vn 0.0151 0.6886 0.7249
vn -0.0981 0.5694 0.8162
vn -0.3230 0.8045 0.4985
vn 0.1904 0.8345 0.5170
vn 0.0822 0.5496 0.8314
vn 0.0155 -0.6918 -0.7220
vn 0.4484 -0.5667 -0.6913
vn 0.1572 -0.2703 -0.9499
vn -0.0973 -0.5716 -0.8148
vn 0.0156 -0.6918 -0.7220
vn -0.0968 -0.5707 -0.8154
vn -0.2410 -0.8414 -0.4837
vn 0.2404 -0.8076 -0.5386
vn 0.2403 -0.8076 -0.5386
vn 0.0803 -0.5514 -0.8304
vn -0.0968 -0.5707 -0.8155
vn -0.3992 -0.5995 -0.6937
vn 0.0167 -0.6917 -0.7220
vn 0.0812 -0.5523 -0.8297
vn 0.0811 -0.5523 -0.8297
vn -0.2082 -0.2318 -0.9502
vn -0.3992 -0.5996 -0.6937
vn -0.0856 -0.9888 -0.1219
vn 0.2011 -0.9537 0.2237
vn 0.3982 -0.8897 -0.2231
vn 0.3982 -0.8898 -0.2231
vn -0.0154 -0.9564 -0.2918
vn -0.0144 -0.9564 -0.2918
vn -0.4478 -0.8736 -0.1902
vn -0.1513 -0.9700 0.1902
vn 0.0997 -0.9840 -0.1474
vn 0.0992 -0.9842 -0.1465
vn 0.2402 -0.8072 -0.5392
vn -0.2412 -0.8409 -0.4844
vn -0.0853 -0.9889 -0.1215
vn 0.5629 0.1010 0.8204
vn 0.6614 0.1980 0.7234
vn 0.4913 0.2712 0.8277
vn 0.2544 -0.4933 0.8319
vn 0.3925 -0.5674 0.7239
vn 0.4155 -0.4013 0.8163
vn 0.4971 -0.8553 0.1464
vn 0.6514 -0.7491 0.1205
vn 0.5742 -0.7645 0.2930
vn 0.9139 -0.3875 -0.1210
vn 0.9042 -0.3100 -0.2937
vn 0.9671 -0.2080 -0.1464
vn 0.9042 0.3100 0.2937
vn 0.9667 0.2096 0.1468
vn 0.9139 0.3877 0.1206
vn 0.6512 0.7492 -0.1209
vn 0.5591 0.7692 -0.3094
vn 0.5140 0.8462 -0.1407
vn 0.0150 0.9559 0.2933
vn 0.0858 0.9890 0.1208
vn -0.1015 0.9840 0.1463
vn -0.0996 0.5692 0.8161
vn 0.0837 0.5489 0.8317
vn 0.0156 0.6895 0.7241
vn -0.6513 0.2282 0.7237
vn -0.5719 0.0800 0.8164
vn -0.4954 0.2498 0.8320
vn -0.4183 -0.5488 0.7238
vn -0.2538 -0.5191 0.8162
vn -0.3904 -0.3946 0.8318
vn -0.6671 -0.7345 0.1247
vn -0.5133 -0.8467 0.1404
vn -0.5492 -0.7823 0.2941
vn -0.0152 -0.9559 -0.2933
vn 0.1011 -0.9841 -0.1463
vn -0.0860 -0.9889 -0.1212
vn -0.9636 0.2271 0.1408
vn -0.9043 0.2936 0.3098
vn -0.9141 0.3872 0.1207
vn -0.9137 -0.2966 -0.2780
vn -0.9050 -0.3992 -0.1468
vn -0.9714 -0.2019 -0.1251
vn -0.5158 -0.2484 -0.8199
vn -0.6532 -0.2296 -0.7215
vn -0.5579 -0.0714 -0.8268
vn 0.0822 -0.5504 -0.8308
vn 0.0165 -0.6931 -0.7207
vn -0.0988 -0.5703 -0.8155
vn 0.6710 -0.2180 -0.7086
vn 0.4988 -0.2489 -0.8302
vn 0.5642 -0.1022 -0.8193
vn 0.4144 0.5705 -0.7091
vn 0.3904 0.3980 -0.8302
vn 0.2734 0.5052 -0.8186
vn -0.3899 0.3988 -0.8300
vn -0.4136 0.5694 -0.7104
vn -0.2702 0.5047 -0.8200
vn -0.5643 0.7770 -0.2790
vn -0.6669 0.7346 -0.1251
vn -0.4957 0.8561 -0.1461
vn -0.0964 -0.5720 -0.8146
vn 0.1575 -0.2706 -0.9497
vn 0.2209 -0.3037 -0.9268
vn 0.5652 -0.1048 -0.8183
vn 0.2203 -0.3042 -0.9268
vn 0.1572 -0.2707 -0.9497
vn 0.5646 -0.1050 -0.8187
vn 0.8649 0.0566 -0.4988
vn 0.8488 -0.1031 -0.5186
vn 0.9665 -0.2106 -0.1471
vn 0.8483 -0.1030 -0.5194
vn 0.8641 0.0568 -0.5001
vn 0.9664 -0.2101 -0.1478
vn 0.8754 -0.4445 0.1899
vn 0.8493 -0.5087 0.1410
vn 0.5741 -0.7653 0.2910
vn 0.8496 -0.5083 0.1408
vn 0.8759 -0.4438 0.1894
vn 0.5746 -0.7649 0.2910
vn 0.2011 -0.9541 0.2219
vn 0.2207 -0.9651 0.1409
vn -0.0851 -0.9889 -0.1221
vn 0.2212 -0.9649 0.1413
vn 0.2020 -0.9538 0.2226
vn -0.0850 -0.9889 -0.1218
vn -0.2398 -0.8411 -0.4848
vn -0.1646 -0.8389 -0.5188
vn -0.0958 -0.5713 -0.8151
vn -0.1646 -0.8391 -0.5185
vn -0.2399 -0.8416 -0.4839
vn -0.6511 -0.2290 -0.7236
vn -0.6498 0.2116 -0.7300
vn -0.6249 0.2030 -0.7539
vn -0.4125 0.5685 -0.7118
vn -0.6250 0.2027 -0.7539
vn -0.6501 0.2107 -0.7301
vn -0.4131 0.5681 -0.7118
vn 0.0003 0.6854 -0.7281
vn 0.0001 0.6574 -0.7535
vn 0.4139 0.5690 -0.7106
vn -0.0001 0.6574 -0.7535
vn -0.0003 0.6854 -0.7282
vn 0.4132 0.5695 -0.7106
vn 0.6533 0.2119 -0.7268
vn 0.6254 0.2029 -0.7534
vn 0.6692 -0.2179 -0.7104
vn 0.6253 0.2033 -0.7534
vn 0.6532 0.2123 -0.7268
vn 0.6695 -0.2171 -0.7104
vn 0.4469 -0.5666 -0.6923
vn 0.3864 -0.5318 -0.7536
vn 0.0156 -0.6910 -0.7227
vn 0.3869 -0.5314 -0.7536
vn 0.4479 -0.5660 -0.6922
vn 0.0166 -0.6911 -0.7226
vn -0.3991 -0.5992 -0.6941
vn -0.3862 -0.5313 -0.7540
vn -0.6514 -0.2280 -0.7237
vn -0.3855 -0.5319 -0.7540
vn -0.3987 -0.5994 -0.6940
vn -0.5496 -0.7832 0.2909
vn -0.8543 -0.4933 0.1638
vn -0.8497 -0.5081 0.1408
vn -0.9710 -0.2029 -0.1261
vn -0.8493 -0.5086 0.1412
vn -0.8539 -0.4938 0.1642
vn -0.9710 -0.2032 -0.1256
vn -0.8522 -0.0761 -0.5176
vn -0.8489 -0.1023 -0.5186
vn -0.5580 -0.0728 -0.8266
vn -0.8489 -0.1024 -0.5186
vn -0.8526 -0.0762 -0.5169
vn -0.5585 -0.0727 -0.8263
vn -0.2082 -0.2335 -0.9498
vn -0.2204 -0.3040 -0.9268
vn 0.0800 -0.5528 -0.8294
vn -0.2210 -0.3037 -0.9268
vn -0.2090 -0.2328 -0.9498
vn 0.0794 -0.5520 -0.8301
vn 0.2391 -0.8079 -0.5386
vn 0.1643 -0.8392 -0.5184
vn 0.0983 -0.9842 -0.1471
vn 0.1643 -0.8389 -0.5189
vn 0.2392 -0.8074 -0.5394
vn 0.0988 -0.9841 -0.1478
vn -0.1516 -0.9700 0.1899
vn -0.2212 -0.9650 0.1413
vn -0.5505 -0.7825 0.2908
vn -0.2207 -0.9651 0.1409
vn -0.1513 -0.9701 0.1898
vn -0.9054 -0.3982 -0.1475
vn -0.9812 -0.1021 0.1638
vn -0.9861 -0.0877 0.1413
vn -0.9050 0.2944 0.3070
vn -0.9861 -0.0882 0.1410
vn -0.9812 -0.1027 0.1634
vn -0.9054 0.2933 0.3070
vn -0.7331 0.6601 0.1639
vn -0.7458 0.6511 0.1409
vn -0.4975 0.8548 -0.1476
vn -0.7461 0.6507 0.1412
vn -0.7334 0.6597 0.1642
vn -0.4980 0.8547 -0.1468
vn -0.2116 0.8402 -0.4994
vn -0.3600 0.7752 -0.5191
vn -0.2735 0.5041 -0.8192
vn -0.3603 0.7755 -0.5184
vn -0.2119 0.8406 -0.4985
vn -0.2735 0.5049 -0.8187
vn -0.2167 0.0696 -0.9738
vn -0.3572 0.1159 -0.9268
vn -0.5178 -0.2472 -0.8190
vn -0.3572 0.1163 -0.9268
vn -0.2163 0.0708 -0.9738
vn -0.5175 -0.2467 -0.8194
vn -0.6662 -0.5546 -0.4986
vn -0.7474 -0.4155 -0.5184
vn -0.9055 -0.3980 -0.1471
vn -0.7470 -0.4154 -0.5190
vn -0.6658 -0.5545 -0.4993
vn -0.2560 -0.5183 0.8160
vn -0.3601 -0.7758 0.5182
vn -0.2117 -0.8407 0.4984
vn -0.2560 -0.5190 0.8156
vn -0.2816 -0.1241 0.9515
vn -0.3579 -0.1158 0.9265
vn -0.4984 0.2482 0.8307
vn -0.3577 -0.1164 0.9265
vn -0.2814 -0.1246 0.9515
vn -0.4977 0.2474 0.8313
vn -0.7352 0.4385 0.5169
vn -0.7475 0.4156 0.5182
vn -0.9147 0.3854 0.1217
vn -0.7472 0.4155 0.5187
vn -0.7348 0.4384 0.5176
vn -0.9145 0.3857 0.1223
vn -0.9453 0.1725 -0.2767
vn -0.9862 0.0874 -0.1410
vn -0.9139 -0.2968 -0.2770
vn -0.9861 0.0880 -0.1406
vn -0.9453 0.1734 -0.2761
vn -0.9140 -0.2965 -0.2770
vn -0.6624 -0.6962 -0.2766
vn -0.7458 -0.6511 -0.1409
vn -0.5153 -0.8451 0.1425
vn -0.7461 -0.6506 -0.1412
vn -0.6629 -0.6955 -0.2772
vn -0.5158 -0.8449 0.1417
vn -0.2115 -0.8405 0.4988
vn -0.3599 -0.7755 0.5187
vn -0.6656 -0.7356 0.1264
vn -0.4469 -0.8742 -0.1899
vn -0.3881 -0.9108 -0.1410
vn -0.0145 -0.9566 -0.2910
vn -0.3886 -0.9106 -0.1407
vn -0.4475 -0.8740 -0.1895
vn -0.0153 -0.9566 -0.2910
vn 0.3979 -0.8901 -0.2222
vn 0.3885 -0.9106 -0.1410
vn 0.6501 -0.7499 0.1221
vn 0.3882 -0.9107 -0.1413
vn 0.3974 -0.8903 -0.2226
vn 0.6500 -0.7502 0.1214
vn 0.6887 -0.5395 0.4843
vn 0.6262 -0.5820 0.5187
vn 0.4136 -0.4037 0.8161
vn 0.6264 -0.5823 0.5182
vn 0.6890 -0.5397 0.4837
vn 0.4144 -0.4039 0.8155
vn 0.0310 -0.3062 0.9515
vn -0.0003 -0.3761 0.9266
vn -0.3899 -0.3973 0.8307
vn 0.0003 -0.3762 0.9266
vn 0.0315 -0.3061 0.9515
vn -0.3892 -0.3971 0.8312
vn -0.6443 -0.5636 0.5170
vn -0.6261 -0.5827 0.5181
vn -0.6653 -0.7360 0.1255
vn -0.6258 -0.5822 0.5190
vn -0.6441 -0.5634 0.5174
vn 0.4926 0.2696 0.8275
vn 0.7475 0.4158 0.5181
vn 0.7348 0.4394 0.5166
vn 0.4930 0.2701 0.8271
vn 0.3008 -0.0651 0.9515
vn 0.3577 -0.1163 0.9266
vn 0.2574 -0.4937 0.8307
vn 0.3579 -0.1158 0.9266
vn 0.3009 -0.0645 0.9515
vn 0.2573 -0.4928 0.8312
vn 0.2811 -0.7945 0.5382
vn 0.3601 -0.7757 0.5182
vn 0.4988 -0.8542 0.1469
vn 0.3600 -0.7755 0.5186
vn 0.2809 -0.7943 0.5386
vn 0.4984 -0.8543 0.1474
vn 0.6932 -0.6953 -0.1898
vn 0.7464 -0.6504 -0.1409
vn 0.9053 -0.3095 -0.2909
vn 0.7460 -0.6509 -0.1406
vn 0.6927 -0.6959 -0.1895
vn 0.9050 -0.3104 -0.2909
vn 0.9695 0.1032 -0.2221
vn 0.9861 0.0882 -0.1409
vn 0.9142 0.3865 0.1220
vn 0.9861 0.0877 -0.1413
vn 0.9695 0.1026 -0.2226
vn 0.9144 0.3862 0.1215
vn 0.7344 0.4392 0.5175
vn 0.7471 0.4156 0.5188
vn 0.5014 -0.2477 -0.8290
vn 0.2163 0.0708 -0.9738
vn 0.3566 0.1160 -0.9270
vn 0.2740 0.5052 -0.8183
vn 0.3567 0.1156 -0.9270
vn 0.2167 0.0696 -0.9738
vn 0.2740 0.5051 -0.8184
vn 0.2128 0.8400 -0.4991
vn 0.3600 0.7755 -0.5187
vn 0.5165 0.8444 -0.1420
vn 0.3598 0.7753 -0.5191
vn 0.2125 0.8397 -0.4997
vn 0.5161 0.8446 -0.1427
vn 0.6633 0.6953 0.2767
vn 0.7464 0.6504 0.1410
vn 0.9053 0.3095 0.2909
vn 0.7460 0.6509 0.1406
vn 0.6629 0.6959 0.2762
vn 0.9050 0.3104 0.2909
vn 0.9695 -0.1032 0.2221
vn 0.9861 -0.0882 0.1406
vn 0.9142 -0.3865 -0.1222
vn 0.9861 -0.0877 0.1410
vn 0.9695 -0.1026 0.2226
vn 0.9143 -0.3862 -0.1217
vn 0.7340 -0.4392 -0.5180
vn 0.7469 -0.4156 -0.5190
vn 0.5009 -0.2470 -0.8295
vn 0.7471 -0.4156 -0.5187
vn 0.7344 -0.4393 -0.5174
vn 0.9666 0.2100 0.1471
vn 0.8540 0.4939 -0.1637
vn 0.8493 0.5087 -0.1410
vn 0.5592 0.7701 -0.3071
vn 0.8496 0.5083 -0.1408
vn 0.8543 0.4935 -0.1634
vn 0.5599 0.7696 -0.3071
vn 0.2050 0.9650 -0.1638
vn 0.2207 0.9651 -0.1409
vn -0.0998 0.9840 0.1475
vn 0.2212 0.9650 -0.1413
vn 0.2057 0.9647 -0.1642
vn -0.0994 0.9841 0.1468
vn -0.3226 0.8044 0.4988
vn -0.1644 0.8389 0.5188
vn -0.0975 0.5698 0.8160
vn -0.1644 0.8393 0.5182
vn -0.3226 0.8047 0.4984
vn -0.0979 0.5703 0.8156
vn 0.1548 0.2660 0.9515
vn 0.2213 0.3041 0.9266
vn 0.5631 0.1019 0.8200
vn 0.2207 0.3046 0.9266
vn 0.1542 0.2663 0.9515
vn 0.5630 0.1020 0.8202
vn 0.8649 -0.0572 0.4987
vn 0.8490 0.1028 0.5182
vn 0.9666 0.2101 0.1469
vn 0.8488 0.1028 0.5186
vn 0.8647 -0.0573 0.4990
vn 0.6592 0.1972 0.7256
vn 0.4452 0.5616 0.6974
vn 0.3873 0.5332 0.7521
vn 0.0151 0.6882 0.7254
vn 0.3875 0.5331 0.7521
vn 0.4458 0.5612 0.6973
vn 0.0157 0.6882 0.7254
vn -0.3964 0.5972 0.6973
vn -0.3875 0.5327 0.7524
vn -0.6497 0.2268 0.7256
vn -0.3866 0.5333 0.7524
vn -0.3960 0.5975 0.6972
vn -0.6494 0.2277 0.7256
vn -0.6906 -0.1925 0.6972
vn -0.6267 -0.2039 0.7521
vn -0.4166 -0.5478 0.7256
vn -0.6269 -0.2033 0.7521
vn -0.6907 -0.1923 0.6971
vn -0.4173 -0.5473 0.7255
vn -0.0301 -0.7163 0.6972
vn 0.0003 -0.6591 0.7521
vn 0.3921 -0.5656 0.7255
vn -0.0003 -0.6590 0.7521
vn -0.0304 -0.7163 0.6972
vn 0.3915 -0.5661 0.7255
vn 0.6719 -0.2501 0.6972
vn 0.6267 -0.2033 0.7523
vn 0.6589 0.1982 0.7257
vn 0.6265 -0.2039 0.7523
vn 0.6718 -0.2504 0.6971
vn -0.6653 0.7359 -0.1258
vn -0.6264 0.5819 -0.5187
vn -0.6437 0.5633 -0.5180
vn -0.6656 0.7355 -0.1266
vn -0.4005 0.9016 0.1637
vn -0.3882 0.9107 0.1413
vn 0.0150 0.9566 0.2910
vn -0.3886 0.9106 0.1410
vn -0.4011 0.9014 0.1633
vn 0.0143 0.9566 0.2910
vn 0.4574 0.8451 0.2766
vn 0.3885 0.9106 0.1410
vn 0.6502 0.7499 -0.1222
vn 0.3882 0.9107 0.1413
vn 0.4566 0.8454 0.2772
vn 0.6500 0.7501 -0.1217
vn 0.6445 0.5623 -0.5181
vn 0.6260 0.5818 -0.5193
vn 0.3895 0.3999 -0.8297
vn 0.6262 0.5822 -0.5187
vn 0.6448 0.5627 -0.5174
vn -0.3898 0.3999 -0.8295
vn 0.0004 0.3755 -0.9268
vn 0.0007 0.2275 -0.9738
vn -0.2203 0.3039 0.9269
vn -0.5261 0.7247 0.4450
vn -0.8492 0.1021 0.5182
vn -0.2208 0.3035 0.9269
vn 0.1651 0.8392 0.5181
vn -0.5267 0.7243 0.4450
vn 0.1651 0.8389 0.5187
vn -0.2208 0.9650 -0.1416
vn -0.5267 0.7240 0.4456
vn -0.2203 0.9651 -0.1413
vn -0.8498 0.5077 -0.1416
vn -0.5261 0.7241 0.4460
vn -0.8495 0.5082 -0.1419
vn -0.8490 0.1020 0.5185
vn -0.5258 0.7246 0.4456
vn -0.3894 0.3998 -0.8297
vn -0.6440 0.5638 -0.5171
vn -0.6264 0.5820 -0.5185
vn 0.3901 0.4002 -0.8293
vn -0.0007 0.2276 -0.9738
vn -0.0004 0.3755 -0.9268
vn -0.3885 0.9105 0.1417
vn 0.0002 0.8953 -0.4454
vn -0.6266 0.5817 -0.5187
vn -0.6267 0.5818 -0.5185
vn 0.0001 0.8954 -0.4452
vn 0.0003 0.3747 -0.9272
vn -0.0003 0.3747 -0.9271
vn -0.0001 0.8954 -0.4452
vn 0.6268 0.5815 -0.5186
vn 0.6266 0.5812 -0.5192
vn -0.0002 0.8953 -0.4454
vn 0.3884 0.9105 0.1417
vn 0.3888 0.9104 0.1415
vn -0.0000 0.8953 -0.4455
vn -0.3888 0.9104 0.1415
vn -0.8491 0.1026 0.5182
vn -0.8651 -0.0581 0.4983
vn -0.5718 0.0834 0.8161
vn -0.5727 0.0831 0.8155
vn -0.2051 0.2295 0.9515
vn -0.2207 0.3046 0.9266
vn -0.2213 0.3042 0.9266
vn -0.2055 0.2291 0.9515
vn 0.0819 0.5506 0.8307
vn 0.0815 0.5500 0.8311
vn 0.1901 0.8346 0.5171
vn 0.1641 0.8394 0.5181
vn 0.1641 0.8390 0.5189
vn 0.1901 0.8345 0.5172
vn 0.0841 0.9890 0.1217
vn 0.0844 0.9889 0.1223
vn -0.1276 0.9525 -0.2767
vn -0.2212 0.9650 -0.1410
vn -0.2207 0.9651 -0.1406
vn -0.1270 0.9526 -0.2763
vn -0.5648 0.7774 -0.2769
vn -0.5644 0.7777 -0.2769
vn -0.8669 0.4147 -0.2766
vn -0.8497 0.5081 -0.1408
vn -0.8493 0.5086 -0.1412
vn -0.8663 0.4155 -0.2772
vn -0.9630 0.2289 0.1423
vn -0.9630 0.2292 0.1417
vn -0.8647 -0.0582 0.4990
vn -0.8488 0.1026 0.5186
vn -0.1653 0.8389 0.5187
vn 0.5267 0.7240 0.4456
vn 0.2208 0.9650 -0.1418
vn 0.2204 0.9651 -0.1415
vn 0.5261 0.7241 0.4459
vn 0.8496 0.5081 -0.1412
vn 0.8494 0.5084 -0.1415
vn 0.5258 0.7246 0.4456
vn 0.8489 0.1023 0.5185
vn 0.8491 0.1024 0.5182
vn 0.5261 0.7247 0.4450
vn 0.2203 0.3039 0.9269
vn 0.2208 0.3035 0.9269
vn 0.5266 0.7243 0.4450
vn -0.1652 0.8392 0.5181
vn 0.7460 0.6507 0.1417
vn 0.8515 0.2761 -0.4458
vn 0.3594 0.7755 -0.5190
vn 0.3595 0.7757 -0.5187
vn 0.8517 0.2763 -0.4453
vn 0.3564 0.1155 -0.9272
vn 0.3563 0.1158 -0.9272
vn 0.8515 0.2766 -0.4454
vn 0.7469 -0.4160 -0.5187
vn 0.7467 -0.4160 -0.5190
vn 0.8513 0.2767 -0.4458
vn 0.9860 -0.0881 0.1416
vn 0.9860 -0.0886 0.1413
vn 0.8513 0.2763 -0.4460
vn 0.7457 0.6511 0.1413
vn 0.6257 0.2030 -0.7531
vn 0.0002 -0.0004 -1.0000
vn -0.0001 0.6576 -0.7534
vn 0.0001 0.6575 -0.7534
vn 0.0008 -0.0004 -1.0000
vn -0.6252 0.2028 -0.7536
vn -0.6252 0.2031 -0.7536
vn 0.0010 0.0001 -1.0000
vn -0.3860 -0.5325 -0.7533
vn -0.3867 -0.5320 -0.7533
vn 0.0005 0.0005 -1.0000
vn 0.3872 -0.5319 -0.7531
vn 0.3867 -0.5323 -0.7531
vn -0.0000 0.0002 -1.0000
vn 0.6256 0.2033 -0.7531
vn -0.3568 0.1157 -0.9270
vn -0.8517 0.2765 -0.4451
vn -0.3594 0.7760 -0.5183
vn -0.3592 0.7756 -0.5190
vn -0.8516 0.2762 -0.4455
vn -0.7458 0.6509 0.1419
vn -0.7455 0.6513 0.1415
vn -0.8513 0.2766 -0.4458
vn -0.9860 -0.0885 0.1415
vn -0.9860 -0.0881 0.1418
vn -0.8513 0.2771 -0.4456
vn -0.7467 -0.4162 -0.5189
vn -0.7470 -0.4163 -0.5184
vn -0.8516 0.2770 -0.4451
vn -0.3567 0.1161 -0.9270
vn -0.9860 0.0879 -0.1417
vn -0.8513 -0.2771 0.4455
vn -0.7469 0.4161 0.5186
vn -0.7472 0.4162 0.5181
vn -0.8516 -0.2770 0.4451
vn -0.3571 -0.1161 0.9268
vn -0.3573 -0.1157 0.9268
vn -0.8517 -0.2765 0.4451
vn -0.3594 -0.7761 0.5182
vn -0.3593 -0.7759 0.5186
vn -0.8516 -0.2763 0.4456
vn -0.7458 -0.6509 -0.1418
vn -0.7455 -0.6514 -0.1415
vn -0.8513 -0.2766 0.4458
vn -0.9860 0.0884 -0.1414
vn -0.3880 0.5335 0.7516
vn 0.0000 -0.0000 1.0000
vn 0.3876 0.5333 0.7519
vn 0.3875 0.5334 0.7519
vn 0.6270 -0.2039 0.7519
vn 0.6271 -0.2035 0.7519
vn -0.0002 -0.6596 0.7516
vn 0.0003 -0.6596 0.7516
vn -0.6274 -0.2035 0.7516
vn -0.6272 -0.2040 0.7516
vn -0.3872 0.5340 0.7516
vn 0.3571 -0.1162 0.9268
vn 0.8517 -0.2768 0.4450
vn 0.7470 0.4166 0.5181
vn 0.7467 0.4165 0.5187
vn 0.8513 -0.2770 0.4456
vn 0.9860 0.0881 -0.1418
vn 0.9860 0.0885 -0.1415
vn 0.8513 -0.2764 0.4460
vn 0.7457 -0.6511 -0.1413
vn 0.7460 -0.6507 -0.1417
vn 0.8517 -0.2759 0.4456
vn 0.3597 -0.7758 0.5185
vn 0.3598 -0.7759 0.5182
vn 0.8519 -0.2762 0.4450
vn 0.3573 -0.1157 0.9268
vn 0.8494 -0.5084 0.1415
vn 0.5259 -0.7244 -0.4457
vn 0.8485 -0.1020 -0.5192
vn 0.8489 -0.1021 -0.5186
vn 0.5261 -0.7244 -0.4454
vn 0.2197 -0.3034 -0.9272
vn 0.2203 -0.3030 -0.9272
vn 0.5264 -0.7242 -0.4454
vn -0.1650 -0.8390 -0.5184
vn -0.1650 -0.8388 -0.5188
vn 0.5265 -0.7240 -0.4457
vn 0.2208 -0.9650 0.1418
vn 0.2204 -0.9651 0.1415
vn 0.5261 -0.7241 -0.4459
vn 0.8496 -0.5081 0.1413
vn -0.2201 -0.3034 -0.9271
vn -0.5261 -0.7247 -0.4450
vn -0.8489 -0.1022 -0.5186
vn -0.5258 -0.7246 -0.4456
vn -0.8495 -0.5082 0.1419
vn -0.8498 -0.5077 0.1415
vn -0.5261 -0.7241 -0.4459
vn -0.2204 -0.9651 0.1415
vn -0.2208 -0.9650 0.1418
vn -0.5267 -0.7239 -0.4456
vn 0.1648 -0.8388 -0.5188
vn 0.1649 -0.8391 -0.5184
vn -0.5266 -0.7243 -0.4450
vn -0.2205 -0.3031 -0.9271
vn -0.6270 -0.5818 0.5180
vn 0.0001 -0.8954 0.4452
vn 0.0002 -0.3755 0.9268
vn -0.0003 -0.3755 0.9268
vn -0.0001 -0.8954 0.4452
vn 0.6269 -0.5818 0.5181
vn 0.6267 -0.5815 0.5186
vn -0.0002 -0.8953 0.4454
vn 0.3884 -0.9105 -0.1417
vn 0.3888 -0.9104 -0.1415
vn -0.0000 -0.8953 0.4456
vn -0.3888 -0.9104 -0.1413
vn -0.3885 -0.9105 -0.1415
vn 0.0002 -0.8953 0.4454
vn -0.6267 -0.5814 0.5189
vn -0.3569 0.1162 -0.9269
vn -0.5185 -0.2461 -0.8189
vn -0.7472 -0.4159 -0.5183
vn -0.7468 -0.4158 -0.5191
vn -0.9056 -0.3974 -0.1479
vn -0.9860 -0.0878 0.1416
vn -0.7456 0.6513 0.1411
vn -0.9860 -0.0884 0.1411
vn -0.9060 0.2941 0.3043
vn -0.4989 0.8539 -0.1484
vn -0.3596 0.7753 -0.5192
vn -0.7460 0.6507 0.1416
vn -0.3599 0.7758 -0.5183
vn -0.2751 0.5043 -0.8186
vn -0.3571 0.1157 -0.9269
vn -0.4120 0.5672 -0.7132
vn 0.0001 0.6575 -0.7535
vn -0.6251 0.2027 -0.7537
vn -0.0001 0.6575 -0.7535
vn 0.4127 0.5681 -0.7120
vn 0.6256 0.2029 -0.7533
vn 0.6255 0.2034 -0.7533
vn 0.6677 -0.2170 -0.7121
vn 0.3865 -0.5321 -0.7534
vn 0.3871 -0.5316 -0.7533
vn 0.0165 -0.6896 -0.7240
vn -0.3866 -0.5315 -0.7537
vn -0.6250 0.2031 -0.7538
vn -0.3856 -0.5322 -0.7537
vn -0.6496 -0.2284 -0.7251
vn 0.3564 0.1160 -0.9271
vn 0.7470 -0.4158 -0.5187
vn 0.5025 -0.2458 -0.8289
vn 0.7468 -0.4158 -0.5191
vn 0.9861 -0.0878 0.1413
vn 0.9146 -0.3854 -0.1223
vn 0.9861 -0.0885 0.1409
vn 0.7458 0.6511 0.1408
vn 0.9056 0.3104 0.2890
vn 0.5175 0.8436 -0.1432
vn 0.7463 0.6505 0.1414
vn 0.3596 0.7754 -0.5191
vn 0.3598 0.7756 -0.5186
vn 0.3566 0.1155 -0.9271
vn 0.2743 0.5051 -0.8183
vn 0.6265 0.5819 -0.5185
vn 0.3890 0.4013 -0.8292
vn -0.0005 0.3751 -0.9270
vn 0.0005 0.3752 -0.9270
vn -0.3892 0.4005 -0.8295
vn -0.6265 0.5819 -0.5185
vn -0.6264 0.5818 -0.5187
vn -0.6640 0.7368 -0.1272
vn -0.3882 0.9106 0.1415
vn -0.3887 0.9105 0.1412
vn 0.0149 0.9571 0.2894
vn 0.3887 0.9105 0.1412
vn 0.3882 0.9106 0.1415
vn 0.6491 0.7507 -0.1224
vn 0.6262 0.5815 -0.5194
vn -0.2204 0.9652 -0.1409
vn -0.5648 0.7778 -0.2758
vn -0.8498 0.5079 -0.1411
vn -0.8493 0.5085 -0.1416
vn -0.9627 0.2301 0.1427
vn -0.8489 0.1023 0.5186
vn -0.8491 0.1024 0.5181
vn -0.5730 0.0853 0.8151
vn -0.2204 0.3043 0.9267
vn -0.2212 0.3038 0.9267
vn 0.0802 0.5509 0.8307
vn 0.1645 0.8394 0.5180
vn 0.1645 0.8388 0.5189
vn 0.0830 0.9890 0.1225
vn -0.2212 0.9649 -0.1413
vn -0.1648 0.8393 0.5180
vn -0.0965 0.5709 0.8153
vn 0.2211 0.3038 0.9267
vn 0.2204 0.3043 0.9267
vn 0.5631 0.1025 0.8200
vn 0.8491 0.1026 0.5182
vn 0.8489 0.1025 0.5186
vn 0.9665 0.2103 0.1472
vn 0.8493 0.5086 -0.1413
vn 0.8496 0.5082 -0.1410
vn 0.5600 0.7704 -0.3049
vn 0.2205 0.9651 -0.1412
vn 0.2211 0.9649 -0.1415
vn -0.0985 0.9841 0.1481
vn -0.1648 0.8388 0.5189
vn 0.7473 0.4162 0.5180
vn 0.4941 0.2686 0.8269
vn 0.3574 -0.1163 0.9267
vn 0.3576 -0.1157 0.9267
vn 0.2593 -0.4927 0.8307
vn 0.3600 -0.7758 0.5182
vn 0.7468 0.4160 0.5189
vn 0.9860 0.0878 -0.1415
vn 0.9147 0.3852 0.1222
vn 0.7463 -0.6505 -0.1414
vn 0.3598 -0.7756 0.5186
vn 0.4994 -0.8536 0.1480
vn 0.7458 -0.6511 -0.1409
vn 0.9056 -0.3104 -0.2890
vn 0.9860 0.0884 -0.1412
vn 0.8483 -0.1025 -0.5194
vn 0.9660 -0.2117 -0.1486
vn 0.8494 -0.5086 0.1413
vn 0.8496 -0.5082 0.1410
vn 0.5748 -0.7653 0.2897
vn 0.2205 -0.9651 0.1411
vn -0.1648 -0.8388 -0.5188
vn 0.2210 -0.9649 0.1416
vn -0.0843 -0.9889 -0.1222
vn -0.0945 -0.5729 -0.8142
vn 0.2207 -0.3032 -0.9270
vn -0.1648 -0.8391 -0.5184
vn 0.5652 -0.1063 -0.8181
vn 0.8489 -0.1027 -0.5185
vn 0.2198 -0.3039 -0.9270
vn 0.6267 -0.5821 0.5181
vn 0.4134 -0.4057 0.8152
vn -0.0004 -0.3758 0.9267
vn -0.3885 -0.3988 0.8307
vn -0.6266 -0.5824 0.5179
vn 0.0004 -0.3758 0.9267
vn 0.3882 -0.9106 -0.1415
vn 0.6490 -0.7509 0.1223
vn 0.6265 -0.5817 0.5188
vn 0.3887 -0.9105 -0.1412
vn -0.3888 -0.9105 -0.1409
vn -0.0152 -0.9571 -0.2895
vn -0.3882 -0.9107 -0.1413
vn -0.6262 -0.5817 0.5191
vn -0.6638 -0.7370 0.1272
vn -0.8498 -0.5079 0.1411
vn -0.2205 -0.9651 0.1411
vn -0.5501 -0.7836 0.2887
vn -0.8493 -0.5085 0.1416
vn -0.9707 -0.2042 -0.1265
vn -0.5585 -0.0740 -0.8262
vn -0.2202 -0.3038 -0.9269
vn -0.8489 -0.1023 -0.5185
vn -0.2208 -0.3033 -0.9270
vn 0.0775 -0.5533 -0.8294
vn 0.1646 -0.8392 -0.5184
vn 0.0971 -0.9841 -0.1487
vn -0.2211 -0.9649 0.1416
vn 0.1646 -0.8388 -0.5189
vn -0.3596 -0.7756 0.5188
vn -0.7460 -0.6507 -0.1416
vn -0.5168 -0.8441 0.1430
vn -0.3576 -0.1156 0.9267
vn -0.3599 -0.7760 0.5181
vn -0.2575 -0.5186 0.8153
vn -0.4995 0.2459 0.8306
vn -0.7474 0.4159 0.5181
vn -0.3574 -0.1163 0.9267
vn -0.7470 0.4158 0.5187
vn -0.9151 0.3843 0.1225
vn -0.9861 0.0875 -0.1414
vn -0.9861 0.0883 -0.1409
vn -0.9141 -0.2967 -0.2765
vn -0.7456 -0.6513 -0.1411
vn 0.3876 0.5331 0.7520
vn 0.0156 0.6873 0.7262
vn -0.3879 0.5330 0.7520
vn 0.6267 -0.2040 0.7521
vn 0.6576 0.1969 0.7272
vn 0.3874 0.5333 0.7520
vn -0.0004 -0.6593 0.7519
vn 0.3909 -0.5651 0.7266
vn 0.6269 -0.2033 0.7521
vn -0.6272 -0.2032 0.7519
vn -0.4164 -0.5463 0.7267
vn 0.0004 -0.6593 0.7519
vn -0.3868 0.5338 0.7520
vn -0.6482 0.2271 0.7268
vn -0.6270 -0.2040 0.7519
vn 0.4578 0.4479 -0.7680
vn 0.7320 0.5989 0.3247
vn 0.8867 0.4522 -0.0964
vn 0.8867 0.4521 -0.0964
vn 0.3136 0.1449 -0.9384
vn 0.4579 0.4479 -0.7680
vn -0.2250 0.0723 -0.9717
vn 0.4586 0.4482 -0.7673
vn 0.3141 0.1451 -0.9382
vn 0.3141 0.1450 -0.9383
vn -0.3878 -0.3649 -0.8465
vn -0.9036 -0.3202 -0.2847
vn -0.2240 0.0728 -0.9719
vn -0.3876 -0.3648 -0.8466
vn -0.8534 -0.5087 0.1138
vn -0.6688 -0.1631 0.7253
vn -0.9034 -0.3201 -0.2853
vn -0.8534 -0.5088 0.1132
vn -0.8534 -0.5088 0.1131
vn -0.3255 -0.2141 0.9210
vn -0.6690 -0.1634 0.7251
vn 0.0566 0.2558 0.9651
vn -0.6695 -0.1637 0.7246
vn -0.3260 -0.2146 0.9207
vn 0.5327 0.1507 0.8328
vn 0.7322 0.5990 0.3240
vn 0.0564 0.2556 0.9651
vn 0.5324 0.1504 0.8330
vn 0.8867 0.4522 -0.0969
vn 0.7323 0.5992 0.3236
vn -0.3257 -0.2140 0.9209
vn -0.8535 -0.5086 0.1135
vn 0.3488 -0.9326 0.0930
vn 0.3479 -0.9329 0.0928
vn 0.6114 -0.7854 -0.0966
vn 0.5326 0.1507 0.8329
vn 0.5325 0.1507 0.8329
vn -0.3259 -0.2141 0.9208
vn 0.8866 0.4523 -0.0967
vn 0.6113 -0.7855 -0.0966
vn 0.3137 0.1450 -0.9384
vn 0.6112 -0.7856 -0.0963
vn 0.6115 -0.7854 -0.0963
vn 0.3481 -0.9328 0.0936
vn -0.3878 -0.3647 -0.8465
vn -0.3878 -0.3648 -0.8465
vn 0.3137 0.1451 -0.9384
vn -0.8535 -0.5086 0.1136
vn -0.3877 -0.3647 -0.8466
vn 0.3484 -0.9327 0.0936
vn -0.0301 0.6207 -0.7834
vn -0.5319 0.7243 -0.4387
vn 0.2938 -0.4245 -0.8564
vn 0.3007 -0.6876 -0.6609
vn -0.0300 0.6207 -0.7834
vn -0.2733 0.6488 0.7102
vn 0.0454 -0.6689 0.7419
vn 0.4217 -0.5951 0.6841
vn 0.4217 -0.5952 0.6841
vn -0.4526 0.6192 0.6416
vn -0.2734 0.6487 0.7102
vn 0.3004 -0.6874 -0.6613
vn 0.2937 -0.4243 -0.8566
vn 0.4214 -0.5947 0.6846
vn 0.4214 -0.5947 0.6847
vn 0.0454 -0.6687 0.7421
vn 0.3005 -0.6873 -0.6613
vn -0.5317 0.7241 -0.4393
vn -0.0299 0.6204 -0.7837
vn -0.2732 0.6485 0.7105
vn -0.2731 0.6485 0.7105
vn -0.4524 0.6189 0.6421
vn -0.5318 0.7241 -0.4392
vn 0.1453 0.5163 -0.8440
vn -0.0301 0.6207 -0.7835
vn 0.3006 -0.6876 -0.6609
vn -0.1414 -0.8122 -0.5659
vn 0.1454 0.5163 -0.8440
vn 0.2056 0.7858 0.5832
vn -0.0086 -0.6658 0.7461
vn 0.0454 -0.6689 0.7420
vn 0.2056 0.7858 0.5833
vn -0.1414 -0.8120 -0.5662
vn 0.3007 -0.6873 -0.6612
vn 0.0455 -0.6687 0.7421
vn -0.0085 -0.6655 0.7463
vn -0.1413 -0.8120 -0.5662
vn -0.0301 0.6203 -0.7838
vn 0.1452 0.5158 -0.8443
vn 0.2056 0.7857 0.5835
vn 0.2056 0.7856 0.5835
vn -0.2734 0.6485 0.7105
vn -0.0301 0.6204 -0.7837
vn -0.2706 0.5635 -0.7805
vn -0.1414 -0.8123 -0.5659
vn -0.1346 -0.5997 -0.7888
vn -0.9416 0.3368 -0.0005
vn -0.3465 -0.9380 -0.0005
vn 0.0279 -0.4519 0.8916
vn -0.1668 0.4450 0.8799
vn -0.1670 0.4449 0.8799
vn 0.0278 -0.4519 0.8916
vn -0.0085 -0.6658 0.7461
vn 0.2056 0.7859 0.5832
vn -0.1345 -0.5994 -0.7891
vn 0.0279 -0.4517 0.8918
vn -0.3466 -0.9380 -0.0005
vn -0.1346 -0.5994 -0.7890
vn -0.1415 -0.8121 -0.5661
vn -0.0086 -0.6655 0.7463
vn 0.0278 -0.4517 0.8917
vn -0.1346 -0.5994 -0.7891
vn -0.2706 0.5632 -0.7807
vn -0.1668 0.4443 0.8802
vn 0.1453 0.5158 -0.8443
vn -0.2705 0.5633 -0.7808
vn -0.9417 0.3365 -0.0005
vn -0.1667 0.4444 0.8802
vn -0.9416 0.3368 -0.0004
vn -0.2705 0.5635 -0.7806
vn -0.1344 -0.5997 -0.7889
vn -0.1343 -0.5997 -0.7889
vn -0.3465 -0.9381 -0.0004
vn -0.0923 -0.5017 -0.8601
vn 0.1991 0.8849 -0.4211
vn 0.3910 0.6176 -0.6824
vn 0.3910 0.6177 -0.6824
vn -0.2513 -0.7044 -0.6638
vn -0.1432 -0.7226 0.6763
vn -0.3647 -0.6110 0.7026
vn 0.2647 0.6848 0.6789
vn 0.2647 0.6848 0.6790
vn 0.1724 0.7440 0.6455
vn -0.1431 -0.7226 0.6763
vn -0.1431 -0.7224 0.6765
vn -0.0923 -0.5015 -0.8602
vn -0.2513 -0.7041 -0.6642
vn -0.3645 -0.6108 0.7028
vn -0.1430 -0.7224 0.6765
vn 0.2647 0.6846 0.6792
vn 0.3910 0.6174 -0.6826
vn 0.1990 0.8845 -0.4219
vn 0.1724 0.7439 0.6457
vn 0.4748 0.4186 -0.7742
vn -0.5859 -0.4462 -0.6765
vn -0.6308 -0.2535 0.7334
vn 0.6301 0.5322 0.5654
vn 0.2648 0.6848 0.6790
vn -0.3644 -0.6109 0.7028
vn -0.2511 -0.7042 -0.6641
vn -0.5858 -0.4460 -0.6768
vn -0.5857 -0.4461 -0.6767
vn -0.6306 -0.2534 0.7336
vn -0.3645 -0.6108 0.7029
vn 0.6300 0.5319 0.5659
vn 0.4744 0.4182 -0.7747
vn 0.3909 0.6174 -0.6826
vn 0.3908 0.6174 -0.6826
vn 0.2646 0.6846 0.6792
vn 0.6284 -0.1053 -0.7707
vn -0.5621 -0.2936 -0.7732
vn -0.4479 -0.1025 0.8882
vn -0.6582 -0.7528 -0.0015
vn 0.5060 -0.8626 -0.0017
vn 0.5059 -0.8626 -0.0017
vn 0.4458 -0.0128 0.8950
vn -0.4479 -0.1026 0.8882
vn 0.4458 -0.0130 0.8950
vn 0.4459 -0.0129 0.8950
vn 0.6302 0.5322 0.5654
vn -0.6307 -0.2535 0.7334
vn -0.5620 -0.2935 -0.7733
vn -0.6582 -0.7529 -0.0015
vn -0.4475 -0.1025 0.8884
vn -0.4475 -0.1026 0.8884
vn -0.6306 -0.2534 0.7335
vn -0.5857 -0.4462 -0.6766
vn 0.6282 -0.1053 -0.7709
vn 0.4744 0.4184 -0.7745
vn 0.6298 0.5322 0.5658
vn 0.4453 -0.0130 0.8953
vn 0.6282 -0.1052 -0.7709
vn 0.4453 -0.0129 0.8953
vn 0.5058 -0.8626 -0.0018
vn -0.5622 -0.2935 -0.7732
vn 0.6283 -0.1051 -0.7708
vn 0.5059 -0.8626 -0.0016
vn -0.6583 -0.7528 -0.0014
vn -0.6583 -0.0908 -0.7473
vn -0.8964 0.1089 -0.4297
vn 0.5466 -0.1621 -0.8215
vn 0.5466 -0.1622 -0.8215
vn 0.7650 -0.0731 -0.6399
vn -0.6583 -0.0909 -0.7473
vn -0.7321 0.0210 0.6809
vn 0.6916 0.0804 0.7178
vn 0.7394 -0.1856 0.6472
vn -0.7760 0.0813 0.6255
vn 0.7646 -0.0730 -0.6403
vn 0.5464 -0.1621 -0.8217
vn 0.7390 -0.1855 0.6476
vn 0.7390 -0.1856 0.6476
vn 0.6912 0.0804 0.7182
vn -0.8962 0.1089 -0.4300
vn -0.6580 -0.0909 -0.7475
vn -0.7320 0.0209 0.6810
vn -0.7319 0.0210 0.6811
vn -0.7756 0.0813 0.6259
vn -0.4924 -0.3383 -0.8019
vn 0.8036 -0.1750 -0.5689
vn 0.1348 -0.9909 0.0002
vn -0.4924 -0.3386 -0.8018
vn -0.6647 -0.0060 -0.7471
vn 0.6602 0.3258 -0.6767
vn 0.6602 0.3257 -0.6768
vn 0.8036 -0.1751 -0.5689
vn -0.6647 -0.0058 -0.7471
vn 0.7650 -0.0730 -0.6399
vn 0.6602 0.3258 -0.6768
vn -0.6647 -0.0059 -0.7471
vn 0.1348 -0.9909 -0.0002
vn 0.6803 -0.3246 0.6571
vn -0.6335 -0.2853 0.7192
vn -0.6336 -0.2856 0.7190
vn 0.6803 -0.3248 0.6570
vn 0.6284 0.3409 0.6992
vn -0.6877 -0.0831 0.7212
vn -0.6336 -0.2856 0.7191
vn -0.6877 -0.0830 0.7212
vn 0.6284 0.3410 0.6992
vn 0.6916 0.0803 0.7178
vn -0.6878 -0.0830 0.7212
vn 0.1345 -0.9909 -0.0000
vn 0.6802 -0.3247 0.6572
vn 0.8035 -0.1751 -0.5690
vn 0.6599 0.3257 -0.6771
vn 0.6281 0.3409 0.6994
vn 0.6282 0.3408 0.6995
vn 0.6802 -0.3248 0.6572
vn 0.8035 -0.1751 -0.5689
vn 0.7647 -0.0731 -0.6402
vn 0.6912 0.0802 0.7182
vn 0.6282 0.3408 0.6994
vn -0.6580 -0.0908 -0.7476
vn -0.6643 -0.0058 -0.7474
vn -0.6875 -0.0830 0.7214
vn -0.7319 0.0211 0.6810
vn -0.6579 -0.0908 -0.7476
vn -0.6643 -0.0059 -0.7474
vn -0.4922 -0.3385 -0.8019
vn -0.6333 -0.2855 0.7193
vn -0.6333 -0.2856 0.7193
vn -0.4922 -0.3384 -0.8020
vn 0.1351 -0.9908 -0.0000
vn -0.6334 -0.2853 0.7193
vn -0.9061 0.1495 -0.3958
vn 0.5204 -0.3658 -0.7716
vn -0.2039 0.2043 -0.9574
vn -0.2039 0.2045 -0.9574
vn -0.9986 0.0469 -0.0227
vn -0.9060 0.1495 -0.3959
vn -0.3830 0.2300 0.8946
vn -0.0266 -0.3994 0.9164
vn 0.9433 -0.1240 0.3080
vn 0.9433 -0.1241 0.3080
vn 0.9301 -0.3323 0.1567
vn -0.3830 0.2301 0.8946
vn -0.3826 0.2300 0.8948
vn -0.9059 0.1494 -0.3963
vn -0.9986 0.0468 -0.0228
vn -0.0263 -0.3993 0.9164
vn -0.3827 0.2300 0.8948
vn 0.9432 -0.1240 0.3082
vn -0.2041 0.2041 -0.9574
vn 0.5201 -0.3657 -0.7718
vn 0.5200 -0.3658 -0.7719
vn 0.9300 -0.3323 0.1569
vn -0.0900 0.4542 -0.8863
vn 0.8394 -0.2134 -0.4999
vn -0.1974 -0.8173 -0.5413
vn -0.6038 -0.6104 -0.5127
vn -0.2873 0.8123 -0.5076
vn -0.0897 0.4542 -0.8864
vn -0.0897 0.4543 -0.8863
vn -0.1972 -0.8173 -0.5413
vn -0.9986 0.0469 -0.0226
vn -0.2037 0.2043 -0.9575
vn -0.2038 0.2043 -0.9574
vn -0.2874 0.8123 -0.5076
vn -0.6038 -0.6104 -0.5126
vn 0.8391 -0.2134 -0.5004
vn 0.6534 0.6146 0.4420
vn 0.5737 -0.6990 0.4270
vn 0.0800 -0.6131 0.7859
vn 0.5738 -0.6990 0.4268
vn 0.6534 0.6147 0.4419
vn 0.6534 0.6146 0.4419
vn 0.4316 0.6564 0.6188
vn 0.0801 -0.6132 0.7859
vn 0.4314 0.6564 0.6189
vn 0.8393 -0.2131 -0.5001
vn 0.5738 -0.6989 0.4270
vn -0.1975 -0.8173 -0.5413
vn 0.0801 -0.6130 0.7860
vn -0.6039 -0.6101 -0.5129
vn -0.1972 -0.8172 -0.5415
vn -0.1973 -0.8172 -0.5415
vn 0.5740 -0.6988 0.4269
vn -0.0264 -0.3991 0.9165
vn -0.6040 -0.6101 -0.5128
vn 0.4315 0.6560 0.6192
vn -0.2876 0.8120 -0.5078
vn -0.2041 0.2041 -0.9575
vn 0.9432 -0.1241 0.3082
vn 0.6534 0.6145 0.4420
vn -0.0898 0.4541 -0.8864
vn -0.2875 0.8120 -0.5079
vn -0.2876 0.8120 -0.5079
vn 0.4316 0.6560 0.6192
vn 0.6533 0.6146 0.4420
vn 0.8392 -0.2137 -0.5000
vn 0.0000 0.0000 -0.6859
vn 0.6927 0.6198 -0.3688
vn 0.8273 -0.2331 0.5112
vn -0.0325 0.1452 0.9889
vn 0.8301 0.2854 0.4791
vn 0.0000 0.0000 -0.6248
vn -0.6081 -0.4935 0.6218
vn -0.0399 0.1148 -0.9926
vn 0.0000 0.0000 -0.5266
vn -0.3228 0.5518 0.7690
vn -0.8433 -0.1233 0.5232
vn -0.0324 0.1453 0.9889
vn 0.0000 0.0000 0.1357
vn 0.0000 0.0000 -0.2830
vn 0.0221 -0.0736 0.9970
vn -0.2417 0.9673 0.0765
vn -0.9701 -0.2428 0.0036
vn 0.0220 -0.0734 0.9971
vn -0.9701 -0.2427 0.0036
vn 0.2418 -0.9673 -0.0768
vn 0.0218 -0.0734 0.9971
vn 0.2416 -0.9673 -0.0768
vn 0.9701 0.2428 -0.0037
vn 0.0219 -0.0737 0.9970
vn 0.9701 0.2426 -0.0037
vn -0.2419 0.9673 0.0765
vn -0.0219 0.0734 -0.9971
vn -0.9701 -0.2428 0.0037
vn -0.2416 0.9673 0.0768
vn -0.0219 0.0737 -0.9970
vn 0.2419 -0.9673 -0.0765
vn -0.9701 -0.2427 0.0037
vn -0.0221 0.0736 -0.9970
vn 0.9701 0.2427 -0.0036
vn 0.2416 -0.9673 -0.0765
vn -0.0221 0.0734 -0.9971
vn -0.2418 0.9673 0.0769
vn 0.9701 0.2426 -0.0036
vn 0.9701 0.2428 -0.0034
vn 0.6268 0.7360 -0.2556
vn 0.6073 0.7668 0.2076
vn -0.1671 0.9005 -0.4015
vn -0.1751 0.9259 0.3349
vn 0.6081 0.7663 0.2074
vn 0.6081 0.7663 0.2075
vn 0.6271 0.7358 -0.2555
vn -0.1671 0.9005 -0.4016
vn -0.9049 0.4084 -0.1198
vn -0.8850 0.3201 0.3380
vn -0.2581 0.8061 0.5326
vn -0.2581 0.8060 0.5326
vn -0.2934 0.9365 -0.1919
vn -0.8847 0.3206 0.3383
vn -0.9045 0.4093 -0.1199
vn -0.9700 -0.2431 0.0034
vn 0.9701 0.2428 -0.0033
vn 0.7179 0.3952 -0.5731
vn 0.6268 0.7362 -0.2554
vn -0.0281 0.3505 -0.9361
vn -0.1673 0.9007 -0.4010
vn 0.6272 0.7359 -0.2552
vn 0.7184 0.3951 -0.5725
vn -0.0281 0.3506 -0.9361
vn -0.1667 0.9010 -0.4004
vn -0.1934 0.5088 -0.8389
vn -0.2938 0.9365 -0.1914
vn -0.8514 0.1273 -0.5088
vn -0.9048 0.4087 -0.1193
vn -0.2936 0.9365 -0.1916
vn -0.2936 0.9365 -0.1915
vn -0.1932 0.5090 -0.8388
vn -0.9046 0.4093 -0.1195
vn -0.8509 0.1279 -0.5095
vn -0.9700 -0.2430 0.0036
vn 0.9700 0.2429 -0.0032
vn 0.8301 -0.0483 -0.5556
vn 0.7177 0.3956 -0.5731
vn 0.7184 0.3955 -0.5723
vn 0.8304 -0.0480 -0.5550
vn 0.1544 -0.3807 -0.9117
vn 0.1545 -0.3807 -0.9117
vn -0.0282 0.3506 -0.9361
vn -0.0281 0.3508 -0.9360
vn 0.1547 -0.3807 -0.9117
vn -0.0110 -0.2115 -0.9773
vn -0.1935 0.5092 -0.8386
vn -0.7439 -0.3103 -0.5919
vn -0.8515 0.1278 -0.5086
vn -0.1933 0.5092 -0.8387
vn -0.1933 0.5092 -0.8386
vn -0.0109 -0.2113 -0.9774
vn -0.8511 0.1282 -0.5092
vn -0.7435 -0.3102 -0.5925
vn 0.9700 0.2431 -0.0033
vn 0.8931 -0.4079 -0.1896
vn 0.8299 -0.0480 -0.5558
vn 0.2805 -0.9125 -0.2977
vn 0.1542 -0.3804 -0.9119
vn 0.8304 -0.0475 -0.5551
vn 0.8933 -0.4075 -0.1895
vn 0.2804 -0.9125 -0.2978
vn 0.1546 -0.3799 -0.9120
vn 0.2806 -0.9125 -0.2977
vn 0.1497 -0.8582 -0.4910
vn -0.0110 -0.2110 -0.9774
vn -0.6375 -0.7100 -0.2992
vn -0.7439 -0.3099 -0.5921
vn -0.0109 -0.2111 -0.9774
vn -0.0110 -0.2111 -0.9774
vn 0.1501 -0.8579 -0.4914
vn -0.6374 -0.7101 -0.2991
vn -0.7436 -0.3100 -0.5925
vn -0.6370 -0.7103 -0.2994
vn 0.9700 0.2431 -0.0034
vn 0.9116 -0.3454 0.2229
vn 0.8930 -0.4080 -0.1899
vn 0.2887 -0.8842 0.3672
vn 0.2803 -0.9125 -0.2980
vn 0.8934 -0.4072 -0.1898
vn 0.9119 -0.3448 0.2226
vn 0.2886 -0.8842 0.3672
vn 0.2806 -0.9123 -0.2983
vn 0.2889 -0.8841 0.3674
vn 0.1886 -0.9705 0.1501
vn 0.1496 -0.8576 -0.4920
vn -0.5946 -0.7980 0.0978
vn -0.6375 -0.7099 -0.2994
vn 0.1499 -0.8577 -0.4918
vn 0.1889 -0.9705 0.1498
vn -0.6370 -0.7102 -0.2997
vn -0.5940 -0.7985 0.0979
vn -0.9701 -0.2428 0.0034
vn 0.9700 0.2431 -0.0036
vn 0.8138 0.0144 0.5809
vn 0.9116 -0.3457 0.2225
vn 0.1348 -0.2785 0.9509
vn 0.2887 -0.8844 0.3668
vn 0.9120 -0.3449 0.2221
vn 0.8142 0.0147 0.5804
vn -0.7004 -0.4827 0.5259
vn -0.5945 -0.7982 0.0974
vn 0.1888 -0.9706 0.1496
vn 0.1889 -0.9705 0.1496
vn 0.0611 -0.4923 0.8683
vn -0.7004 -0.4826 0.5259
vn -0.5941 -0.7985 0.0975
vn -0.6994 -0.4831 0.5268
vn -0.9701 -0.2428 0.0033
vn 0.9700 0.2430 -0.0036
vn 0.6983 0.4432 0.5621
vn 0.8138 0.0140 0.5809
vn -0.0421 0.4251 0.9042
vn 0.1348 -0.2788 0.9508
vn 0.8144 0.0144 0.5801
vn 0.6987 0.4432 0.5616
vn -0.0421 0.4250 0.9042
vn -0.7950 -0.0651 0.6031
vn -0.7001 -0.4833 0.5256
vn 0.0611 -0.4928 0.8680
vn 0.0611 -0.4927 0.8680
vn -0.1072 0.2029 0.9733
vn -0.7950 -0.0651 0.6032
vn -0.6994 -0.4835 0.5264
vn -0.7946 -0.0650 0.6036
vn -0.9700 -0.2429 0.0032
vn 0.9701 0.2428 -0.0035
vn 0.6074 0.7669 0.2073
vn 0.6983 0.4429 0.5623
vn -0.1749 0.9261 0.3343
vn -0.0421 0.4246 0.9044
vn 0.6989 0.4427 0.5617
vn 0.6989 0.4428 0.5617
vn 0.6079 0.7665 0.2070
vn -0.8851 0.3202 0.3377
vn -0.7948 -0.0654 0.6033
vn -0.1072 0.2025 0.9734
vn -0.2580 0.8064 0.5321
vn -0.8851 0.3203 0.3377
vn -0.7946 -0.0653 0.6036
vn -0.8847 0.3209 0.3381
vn -0.9700 -0.2430 0.0033
vn -0.2939 0.9363 -0.1924
vn -0.2584 0.8059 0.5328
vn -0.1743 0.9258 0.3355
vn -0.1667 0.9005 -0.4017
vn 0.2890 -0.8844 0.3666
vn 0.1350 -0.2783 0.9510
vn 0.0605 -0.4919 0.8686
vn 0.0604 -0.4919 0.8686
vn 0.1887 -0.9706 0.1496
vn 0.2890 -0.8844 0.3665
vn -0.1077 0.2033 0.9732
vn 0.0608 -0.4930 0.8679
vn 0.1353 -0.2792 0.9506
vn -0.0418 0.4253 0.9041
vn -0.2586 0.8065 0.5317
vn -0.1074 0.2023 0.9734
vn -0.0414 0.4242 0.9046
vn -0.1746 0.9262 0.3341
usemtl Material_(normal_ico#0)
s 1
f 1/1/1 2/2/2 3/3/3
f 4/4/3 5/5/4 6/6/5
f 7/7/6 8/8/7 9/9/8
f 10/10/9 11/11/10 12/12/6
f 13/13/11 14/14/12 15/15/13
f 16/16/13 17/17/14 18/18/11
f 19/19/15 20/20/16 21/21/17
f 22/22/17 23/23/18 24/24/19
f 25/25/20 26/26/21 27/27/22
f 28/28/22 29/29/23 30/30/24
f 31/31/25 32/32/26 33/33/27
f 34/34/27 35/35/28 36/36/25
f 37/37/29 38/38/30 39/39/31
f 40/40/31 41/41/32 42/42/29
f 43/43/33 44/44/34 45/45/35
f 46/46/36 47/47/37 48/48/33
f 49/49/38 50/50/39 51/51/40
f 52/52/41 53/53/42 54/54/43
f 55/55/44 56/56/45 57/57/46
f 58/58/47 59/59/48 60/60/44
f 61/61/49 62/62/50 63/63/51
f 64/64/51 65/65/52 66/66/53
f 67/67/54 68/68/55 69/69/56
f 70/70/57 71/71/58 72/72/54
f 73/73/59 74/74/60 75/75/61
f 76/76/61 77/77/62 78/78/63
f 79/79/64 80/80/65 81/81/66
f 82/82/66 83/83/67 84/84/68
f 85/85/69 86/86/70 87/87/71
f 88/88/72 89/89/73 90/90/74
f 91/91/75 92/92/76 93/93/77
f 94/94/77 95/95/78 96/96/75
f 97/97/79 98/98/80 99/99/81
f 100/100/82 101/101/83 102/102/84
f 103/103/85 104/104/86 105/105/87
f 106/106/87 107/107/88 108/108/85
f 109/109/89 110/110/90 111/111/91
f 112/112/91 113/113/92 114/114/93
f 115/115/94 116/116/95 117/117/96
f 118/118/96 119/119/97 120/120/98
f 121/121/99 122/122/100 123/123/101
f 124/124/101 125/125/102 126/126/99
f 127/127/103 128/128/104 129/129/105
f 130/130/105 131/131/106 132/132/107
f 133/133/108 134/134/109 135/135/110
f 136/136/110 137/137/111 138/138/108
f 139/139/112 140/140/113 141/141/114
f 142/142/114 143/143/115 144/144/112
f 145/145/116 146/146/117 147/147/118
f 148/148/118 149/149/119 150/150/116
f 151/151/120 152/152/121 153/153/122
f 154/154/122 155/155/123 156/156/120
f 157/157/124 158/158/125 159/159/126
f 160/160/126 161/161/127 162/162/124
f 163/163/128 164/164/129 165/165/130
f 166/166/130 167/167/131 168/168/128
f 169/169/132 170/170/133 171/171/134
f 172/172/134 173/173/135 174/174/136
f 175/175/137 176/176/138 177/177/139
f 178/178/139 179/179/140 180/180/137
f 181/181/141 182/182/142 183/183/143
f 184/184/143 185/185/144 186/186/141
f 187/187/145 188/188/146 189/189/147
f 190/190/147 191/191/148 192/192/149
f 193/193/150 194/194/151 195/195/152
f 196/196/153 197/197/154 198/198/155
f 199/199/156 200/200/157 201/201/158
f 202/202/158 203/203/159 204/204/156
f 205/205/160 206/206/161 207/207/162
f 208/208/163 209/209/164 210/210/160
f 211/211/165 212/212/166 213/213/167
f 214/214/167 215/215/168 216/216/165
f 217/217/169 218/218/170 219/219/171
f 220/220/171 221/221/172 222/222/173
f 223/223/174 224/224/175 225/225/176
f 226/226/177 227/227/178 228/228/174
f 229/229/179 230/230/180 231/231/181
f 232/232/182 233/233/183 234/234/184
f 235/235/185 236/236/186 237/237/187
f 238/238/188 239/239/189 240/240/185
f 241/241/190 242/242/191 243/243/192
f 244/244/192 245/245/193 246/246/194
f 247/247/195 248/248/196 249/249/197
f 250/250/198 251/251/199 252/252/200
f 253/253/201 254/254/202 255/255/203
f 256/256/203 257/257/204 258/258/201
f 259/259/205 260/260/206 261/261/207
f 262/262/207 263/263/208 264/264/205
f 265/265/209 266/266/210 267/267/211
f 268/268/211 269/269/212 270/270/209
f 271/271/213 272/272/214 273/273/215
f 274/274/215 275/275/216 276/276/217
f 277/277/218 278/278/219 279/279/220
f 280/280/220 281/281/221 282/282/218
f 283/283/222 284/284/223 285/285/224
f 286/286/225 287/287/226 288/288/227
f 289/289/228 290/290/229 291/291/230
f 292/292/230 293/293/231 294/294/228
f 295/295/232 296/296/233 297/297/234
f 298/298/235 299/299/236 300/300/232
f 301/301/237 302/302/238 303/303/239
f 304/304/239 305/305/240 306/306/237
f 307/307/241 308/308/242 309/309/243
f 310/310/244 311/311/245 312/312/246
f 313/313/247 314/314/248 315/315/249
f 316/316/249 317/317/250 318/318/251
f 319/319/252 320/320/253 321/321/254
f 322/322/254 323/323/255 324/324/252
f 325/325/256 326/326/257 327/327/258
f 328/328/258 329/329/259 330/330/260
f 331/331/261 332/332/262 333/333/263
f 334/334/264 335/335/265 336/336/266
f 337/337/267 338/338/268 339/339/269
f 340/340/270 341/341/271 342/342/272
f 343/343/273 344/344/274 345/345/275
f 346/346/276 347/347/277 348/348/273
f 349/349/278 350/350/279 351/351/280
f 352/352/280 353/353/281 354/354/278
f 355/355/282 356/356/283 357/357/284
f 358/358/284 359/359/285 360/360/282
f 361/361/286 362/362/287 363/363/288
f 364/364/289 365/365/290 366/366/291
f 367/367/292 368/368/293 369/369/294
f 370/370/295 371/371/296 372/372/297
f 373/373/298 374/374/299 375/375/300
f 376/376/301 377/377/302 378/378/303
f 379/379/304 380/380/305 381/381/306
f 382/382/307 383/383/308 384/384/309
f 385/385/310 386/386/311 387/387/312
f 388/388/313 389/389/314 390/390/315
f 391/391/316 392/392/317 393/393/318
f 394/394/319 395/395/320 396/396/321
f 397/397/322 398/398/323 399/399/324
f 400/400/325 401/401/326 402/402/327
f 403/403/328 404/404/329 405/405/330
f 406/406/331 407/407/332 408/408/333
f 409/409/334 410/410/335 411/411/336
f 412/412/337 413/413/338 414/414/339
f 415/415/340 416/416/341 417/417/342
f 418/418/343 419/419/344 420/420/345
f 421/421/346 422/422/347 423/423/348
f 424/424/349 425/425/350 426/426/351
f 427/427/352 428/428/353 429/429/354
f 430/430/355 431/431/356 432/432/357
f 433/433/358 434/434/359 435/435/360
f 436/436/361 437/437/362 438/438/363
f 439/439/364 440/440/365 441/441/366
f 442/442/367 443/443/368 444/444/369
f 445/445/370 446/446/371 447/447/372
f 448/448/373 449/449/374 450/450/375
f 451/451/376 452/452/377 453/453/378
f 454/454/379 455/455/380 456/456/381
f 457/457/382 458/458/383 459/459/384
f 460/460/385 461/461/386 462/462/387
f 463/463/388 464/464/389 465/465/390
f 466/466/391 467/467/392 468/468/393
f 469/469/394 470/470/395 471/471/396
f 472/472/397 473/473/398 474/474/399
f 475/475/400 476/476/401 477/477/402
f 478/478/403 479/479/404 480/480/405
f 481/481/406 482/482/407 483/483/408
f 484/484/409 485/485/410 486/486/411
f 487/487/412 488/488/413 489/489/414
f 490/490/415 491/491/416 492/492/417
f 493/493/418 494/494/419 495/495/420
f 496/496/421 497/497/422 498/498/423
f 499/499/424 500/500/425 501/501/426
f 502/502/427 503/503/428 504/504/429
f 505/505/430 506/506/431 507/507/432
f 508/508/433 509/509/434 510/510/435
f 511/511/436 512/512/437 513/513/438
f 514/514/439 515/515/440 516/516/441
f 517/517/442 518/518/443 519/519/444
f 520/520/445 521/521/446 522/522/447
f 523/523/448 524/524/449 525/525/450
f 526/526/451 527/527/452 528/528/453
f 529/529/454 530/530/455 531/531/456
f 532/532/457 533/533/458 534/534/459
f 535/535/460 536/536/461 537/537/462
f 538/538/463 539/539/464 540/540/465
f 541/541/466 542/542/467 543/543/468
f 544/544/469 545/545/470 546/546/471
f 547/547/472 548/548/473 549/549/474
f 550/550/475 551/551/476 552/552/477
f 553/553/478 554/554/479 555/555/480
f 556/556/481 557/557/482 558/558/483
f 559/559/484 560/560/485 561/561/486
f 562/562/487 563/563/488 564/564/489
f 565/565/490 566/566/491 567/567/492
f 568/568/493 569/569/494 570/570/495
f 571/571/496 572/572/497 573/573/498
f 574/574/499 575/575/500 576/576/501
f 577/577/502 578/578/503 579/579/504
f 580/580/505 581/581/506 582/582/507
f 583/583/508 584/584/509 585/585/510
f 586/586/511 587/587/512 588/588/513
f 589/589/514 590/590/515 591/591/516
f 592/592/517 593/593/518 594/594/519
f 595/595/520 596/596/521 597/597/522
f 598/598/523 599/599/524 600/600/525
f 601/601/526 602/602/527 603/603/528
f 604/604/529 605/605/530 606/606/531
f 607/607/532 608/608/533 609/609/534
f 610/610/535 611/611/536 612/612/537
f 613/613/538 614/614/539 615/615/540
f 616/616/541 617/617/542 618/618/543
f 619/619/544 620/620/545 621/621/546
f 622/622/547 623/623/548 624/624/549
f 625/625/550 626/626/551 627/627/552
f 628/628/553 629/629/554 630/630/555
f 631/631/556 632/632/557 633/633/558
f 634/634/559 635/635/560 636/636/561
f 637/637/562 638/638/563 639/639/564
f 640/640/565 641/641/566 642/642/567
f 643/643/568 644/644/569 645/645/570
f 646/646/571 647/647/572 648/648/573
f 649/649/574 650/650/575 651/651/576
f 652/652/577 653/653/578 654/654/579
f 655/655/580 656/656/581 657/657/582
f 658/658/583 659/659/584 660/660/585
f 661/661/586 662/662/587 663/663/588
f 664/664/589 665/665/590 666/666/591
f 667/667/592 668/668/593 669/669/594
f 670/670/595 671/671/596 672/672/597
f 673/673/598 674/674/599 675/675/600
f 676/676/601 677/677/602 678/678/603
f 679/679/604 680/680/605 681/681/606
f 682/682/607 683/683/608 684/684/609
f 685/685/610 686/686/611 687/687/612
f 688/688/613 689/689/614 690/690/615
f 691/691/616 692/692/617 693/693/618
f 694/694/619 695/695/620 696/696/621
f 697/697/622 698/698/623 699/699/624
f 700/700/625 701/701/626 702/702/627
f 703/703/628 704/704/629 705/705/630
f 706/706/631 707/707/632 708/708/633
f 709/709/634 710/710/635 711/711/636
f 712/712/637 713/713/638 714/714/639
f 715/715/640 716/716/641 717/717/642
f 718/718/643 719/719/644 720/720/645
f 721/721/646 722/722/647 723/723/648
f 724/724/649 725/725/650 726/726/651
f 727/727/652 728/728/653 729/729/654
f 730/730/655 731/731/656 732/732/657
f 733/733/658 734/734/659 735/735/660
f 736/736/661 737/737/662 738/738/663
f 739/739/664 740/740/665 741/741/666
f 742/742/667 743/743/668 744/744/669
f 745/745/670 746/746/671 747/747/672
f 748/748/673 749/749/674 750/750/675
f 751/751/676 752/752/677 753/753/678
f 754/754/679 755/755/680 756/756/681
f 757/757/682 758/758/683 759/759/684
f 760/760/685 761/761/686 762/762/687
f 763/763/688 764/764/689 765/765/690
f 766/766/691 767/767/692 768/768/693
f 769/769/694 770/770/695 771/771/696
f 772/772/697 773/773/698 774/774/699
f 775/775/700 776/776/701 777/777/702
f 778/778/703 779/779/704 780/780/705
f 781/781/706 782/782/707 783/783/708
f 784/784/709 785/785/710 786/786/711
f 787/787/712 788/788/713 789/789/714
f 790/790/715 791/791/716 792/792/717
f 793/793/718 794/794/719 795/795/720
f 796/796/721 797/797/722 798/798/723
f 799/799/724 800/800/725 801/801/726
f 802/802/727 803/803/728 804/804/729
f 805/805/730 806/806/731 807/807/732
f 808/808/733 809/809/734 810/810/735
f 811/811/736 812/812/737 813/813/738
f 814/814/739 815/815/740 816/816/741
f 817/817/742 818/818/743 819/819/744
f 820/820/745 821/821/746 822/822/747
f 823/823/748 824/824/749 825/825/750
f 826/826/751 827/827/752 828/828/753
f 829/829/754 830/830/755 831/831/756
f 832/832/757 833/833/758 834/834/759
f 835/835/760 836/836/761 837/837/762
f 838/838/763 839/839/764 840/840/765
f 841/841/766 842/842/767 843/843/768
f 844/844/769 845/845/770 846/846/771
f 847/847/772 848/848/773 849/849/774
f 850/850/775 851/851/776 852/852/777
f 853/853/778 854/854/779 855/855/780
f 856/856/781 857/857/782 858/858/783
f 859/859/784 860/860/785 861/861/786
f 862/862/787 863/863/788 864/864/789
f 865/865/790 866/866/791 867/867/792
f 868/868/793 869/869/794 870/870/795
f 871/871/796 872/872/797 873/873/798
f 874/874/799 875/875/800 876/876/801
f 877/877/802 878/878/803 879/879/804
f 880/880/805 881/881/806 882/882/807
f 883/883/808 884/884/809 885/885/810
f 886/886/811 887/887/812 888/888/813
f 889/889/814 890/890/812 891/891/815
f 892/892/816 893/893/812 894/894/817
f 895/895/818 896/896/812 897/897/819
f 898/898/820 899/899/812 900/900/821
f 901/901/822 902/902/823 903/903/824
f 904/904/825 905/905/826 906/906/827
f 907/907/828 908/908/829 909/909/830
f 910/910/831 911/911/832 912/912/833
f 913/913/834 914/914/835 915/915/836
f 916/916/837 917/917/838 918/918/839
f 919/919/840 920/920/841 921/921/842
f 922/922/843 923/923/844 924/924/845
f 925/925/846 926/926/847 927/927/848
f 928/928/849 929/929/850 930/930/851
f 931/931/852 932/932/853 933/933/414
f 934/934/854 935/935/855 936/936/856
f 937/937/857 938/938/858 939/939/859
f 940/940/860 941/941/861 942/942/862
f 943/943/863 944/944/864 945/945/865
f 946/946/866 947/947/867 948/948/868
f 949/949/869 950/950/870 951/951/871
f 952/952/872 953/953/873 954/954/874
f 955/955/875 956/956/876 957/957/877
f 958/958/878 959/959/879 960/960/880
f 961/961/881 962/962/882 963/963/883
f 964/964/884 965/965/885 966/966/886
f 967/967/887 968/968/888 969/969/889
f 970/970/890 971/971/891 972/972/892
f 973/973/893 974/974/894 975/975/895
f 976/976/896 977/977/897 978/978/898
f 979/979/899 980/980/900 981/981/901
f 982/982/902 983/983/903 984/984/904
f 985/985/905 986/986/906 987/987/907
f 988/988/908 989/989/909 990/990/910
f 991/991/911 992/992/912 993/993/913
f 994/994/914 995/995/915 996/996/916
f 997/997/917 998/998/918 999/999/919
f 1000/1000/920 1001/1001/921 1002/1002/922
f 1003/1003/923 1004/1004/924 1005/1005/925
f 1006/1006/926 1007/1007/927 1008/1008/928
f 1009/1009/929 1010/1010/930 1011/1011/931
f 1012/1012/932 1013/1013/933 1014/1014/934
f 1015/1015/935 1016/1016/936 1017/1017/937
f 1018/1018/938 1019/1019/939 1020/1020/940
f 1021/1021/941 1022/1022/942 1023/1023/943
f 1024/1024/944 1025/1025/945 1026/1026/946
f 1027/1027/947 1028/1028/948 1029/1029/949
f 1030/1030/950 1031/1031/951 1032/1032/952
f 1033/1033/953 1034/1034/954 1035/1035/955
f 1036/1036/956 1037/1037/957 1038/1038/958
f 1039/1039/959 1040/1040/960 1041/1041/961
f 1042/1042/962 1043/1043/963 1044/1044/964
f 1045/1045/965 1046/1046/966 1047/1047/967
f 1048/1048/968 1049/1049/969 1050/1050/970
f 1051/1051/971 1052/1052/972 1053/1053/973
f 1054/1054/974 1055/1055/975 1056/1056/976
f 1057/1057/977 1058/1058/978 1059/1059/979
f 1060/1060/980 1061/1061/981 1062/1062/982
f 1063/1063/983 1064/1064/984 1065/1065/985
f 1066/1066/986 1067/1067/987 1068/1068/988
f 1069/1069/989 1070/1070/990 1071/1071/991
f 1072/1072/992 1073/1073/993 1074/1074/994
f 1075/1075/995 1076/1076/996 1077/1077/997
f 1078/1078/998 1079/1079/999 1080/1080/1000
f 1081/1081/1001 1082/1082/1002 1083/1083/1003
f 1084/1084/1004 1085/1085/1005 1086/1086/1006
f 1087/1087/1007 1088/1088/1008 1089/1089/1009
f 1090/1090/1010 1091/1091/1011 1092/1092/1012
f 1093/1093/1013 1094/1094/1014 1095/1095/1015
f 1096/1096/1016 1097/1097/1017 1098/1098/1018
f 1099/1099/1019 1100/1100/1020 1101/1101/414
f 1102/1102/1021 1103/1103/1022 1104/1104/1023
f 1105/1105/1024 1106/1106/1025 1107/1107/1026
f 1108/1108/1027 1109/1109/1028 1110/1110/1029
f 1111/1111/1030 1112/1112/1031 1113/1113/1032
f 1114/1114/1033 1115/1115/1034 1116/1116/1035
f 1117/1117/1036 1118/1118/1037 1119/1119/1038
f 1120/1120/1039 1121/1121/1040 1122/1122/1041
f 1123/1123/1042 1124/1124/1043 1125/1125/1044
f 1126/1126/1045 1127/1127/1046 1128/1128/1047
f 1129/1129/1048 1130/1130/1049 1131/1131/1050
f 1132/1132/1051 1133/1133/1052 1134/1134/1053
f 1135/1135/1054 1136/1136/1055 1137/1137/1056
f 1138/1138/1057 1139/1139/1058 1140/1140/1059
f 1141/1141/1060 1142/1142/1061 1143/1143/1062
f 1144/1144/1063 1145/1145/1064 1146/1146/1065
f 1147/1147/1066 1148/1148/1067 1149/1149/1068
f 1150/1150/1069 1151/1151/1070 1152/1152/1066
f 1153/1153/1071 1154/1154/1072 1155/1155/1073
f 1156/1156/1073 1157/1157/1074 1158/1158/1071
f 1159/1159/1075 1160/1160/1076 1161/1161/1077
f 1162/1162/1078 1163/1163/1079 1164/1164/1080
f 1165/1165/1081 1166/1166/1082 1167/1167/1083
f 1168/1168/1083 1169/1169/1084 1170/1170/1081
f 1171/1171/1085 1172/1172/1086 1173/1173/1087
f 1174/1174/1087 1175/1175/1088 1176/1176/1089
f 1177/1177/1090 1178/1178/1091 1179/1179/1092
f 1180/1180/1093 1181/1181/1094 1182/1182/1095
f 1183/1183/1096 1184/1184/1097 1185/1185/1093
f 1186/1186/1098 1187/1187/1096 1188/1188/1099
f 1189/1189/1100 1190/1190/1098 1191/1191/1101
f 1192/1192/1102 1193/1193/1103 1194/1194/1104
f 1195/1195/1105 1196/1196/1106 1197/1197/1102
f 1198/1198/1107 1199/1199/1108 1200/1200/1109
f 1201/1201/1110 1202/1202/1111 1203/1203/1112
f 1204/1204/1112 1205/1205/1113 1206/1206/1114
f 1207/1207/1115 1208/1208/1116 1209/1209/1117
f 1210/1210/1118 1211/1211/1119 1212/1212/1120
f 1213/1213/1121 1214/1214/1122 1215/1215/1123
f 1216/1216/1124 1217/1217/1125 1218/1218/1126
f 1219/1219/1127 1220/1220/1128 1221/1221/1129
f 1222/1222/1130 1223/1223/1131 1224/1224/1132
f 1225/1225/1133 1226/1226/1134 1227/1227/1135
f 1228/1228/1113 1229/1229/1136 1230/1230/1137
f 1231/1231/1138 1232/1232/1139 1233/1233/1140
f 1234/1234/1140 1235/1235/1115 1236/1236/1141
f 1237/1237/1142 1238/1238/1143 1239/1239/1144
f 1240/1240/1125 1241/1241/1145 1242/1242/1146
f 1243/1243/1147 1244/1244/1148 1245/1245/1149
f 1246/1246/1150 1247/1247/1151 1248/1248/1152
f 1249/1249/1153 1250/1250/1137 1251/1251/1136
f 1252/1252/1154 1253/1253/1155 1254/1254/1153
f 1255/1255/1156 1256/1256/1157 1257/1257/1158
f 1258/1258/1158 1259/1259/1159 1260/1260/1156
f 1261/1261/1160 1262/1262/1161 1263/1263/1162
f 1264/1264/1162 1265/1265/1163 1266/1266/1160
f 1267/1267/1164 1268/1268/1165 1269/1269/1166
f 1270/1270/1167 1271/1271/1168 1272/1272/1169
f 1273/1273/1169 1274/1274/1170 1275/1275/1171
f 1276/1276/1172 1277/1277/1173 1278/1278/1150
f 1279/1279/1149 1280/1280/1174 1281/1281/1172
f 1282/1282/1175 1283/1283/1176 1284/1284/1177
f 1285/1285/1178 1286/1286/1179 1287/1287/1180
f 1288/1288/1181 1289/1289/1182 1290/1290/1178
f 1291/1291/1183 1292/1292/1184 1293/1293/1185
f 1294/1294/1186 1295/1295/1187 1296/1296/1183
f 1297/1297/1188 1298/1298/1189 1299/1299/1190
f 1300/1300/1191 1301/1301/1192 1302/1302/1193
f 1303/1303/1194 1304/1304/1195 1305/1305/1196
f 1306/1306/1196 1307/1307/1197 1308/1308/1198
f 1309/1309/1199 1310/1310/1200 1311/1311/1201
f 1312/1312/1201 1313/1313/1202 1314/1314/1199
f 1315/1315/1187 1316/1316/1185 1317/1317/1203
f 1318/1318/1203 1319/1319/1204 1320/1320/1187
f 1321/1321/1189 1322/1322/1205 1323/1323/1206
f 1324/1324/1206 1325/1325/1207 1326/1326/1189
f 1327/1327/1208 1328/1328/1209 1329/1329/1210
f 1330/1330/1211 1331/1331/1212 1332/1332/1213
f 1333/1333/1214 1334/1334/1215 1335/1335/1216
f 1336/1336/1217 1337/1337/1218 1338/1338/1214
f 1339/1339/1204 1340/1340/1203 1341/1341/1219
f 1342/1342/1219 1343/1343/1220 1344/1344/1204
f 1345/1345/1221 1346/1346/1222 1347/1347/1223
f 1348/1348/1224 1349/1349/1225 1350/1350/1221
f 1351/1351/1205 1352/1352/1226 1353/1353/1227
f 1354/1354/1228 1355/1355/1229 1356/1356/1230
f 1357/1357/1231 1358/1358/1232 1359/1359/1233
f 1360/1360/1231 1361/1361/1234 1362/1362/1235
f 1363/1363/1235 1364/1364/1236 1365/1365/1231
f 1366/1366/1237 1367/1367/1238 1368/1368/1239
f 1369/1369/1239 1370/1370/1240 1371/1371/1241
f 1372/1372/1241 1373/1373/1242 1374/1374/1243
f 1375/1375/1244 1376/1376/1245 1377/1377/1224
f 1378/1378/1246 1379/1379/1247 1380/1380/1244
f 1381/1381/1248 1382/1382/1249 1383/1383/1250
f 1384/1384/1251 1385/1385/1252 1386/1386/1253
f 1387/1387/1254 1388/1388/1255 1389/1389/1256
f 1390/1390/1256 1391/1391/1257 1392/1392/1254
f 1393/1393/1258 1394/1394/1259 1395/1395/1260
f 1396/1396/1261 1397/1397/1262 1398/1398/1258
f 1399/1399/1263 1400/1400/1264 1401/1401/1265
f 1402/1402/1266 1403/1403/1267 1404/1404/1263
f 1405/1405/1268 1406/1406/1269 1407/1407/1270
f 1408/1408/1271 1409/1409/1272 1410/1410/1273
f 1411/1411/1274 1412/1412/1275 1413/1413/1271
f 1414/1414/1276 1415/1415/1253 1416/1416/1277
f 1417/1417/1252 1418/1418/1278 1419/1419/1279
f 1420/1420/1280 1421/1421/1281 1422/1422/1282
f 1423/1423/1283 1424/1424/1284 1425/1425/1285
f 1426/1426/1285 1427/1427/1286 1428/1428/1287
f 1429/1429/1288 1430/1430/1289 1431/1431/1290
f 1432/1432/1290 1433/1433/1254 1434/1434/1291
f 1435/1435/1292 1436/1436/1269 1437/1437/1293
f 1438/1438/1294 1439/1439/1295 1440/1440/1296
f 1441/1441/1297 1442/1442/1298 1443/1443/1299
f 1444/1444/1295 1445/1445/1300 1446/1446/1301
f 1447/1447/1301 1448/1448/1302 1449/1449/1295
f 1450/1450/1303 1451/1451/1304 1452/1452/1305
f 1453/1453/1305 1454/1454/1306 1455/1455/1307
f 1456/1456/1308 1457/1457/1309 1458/1458/1310
f 1459/1459/1311 1460/1460/1305 1461/1461/1308
f 1462/1462/1312 1463/1463/1313 1464/1464/1314
f 1465/1465/1315 1466/1466/1316 1467/1467/1317
f 1468/1468/1318 1469/1469/1319 1470/1470/1320
f 1471/1471/1321 1472/1472/1322 1473/1473/1323
f 1474/1474/1324 1475/1475/1325 1476/1476/1326
f 1477/1477/1327 1478/1478/1328 1479/1479/1329
f 1480/1480/1329 1481/1481/1330 1482/1482/1331
f 1483/1483/1332 1484/1484/1333 1485/1485/1334
f 1486/1486/1335 1487/1487/1336 1488/1488/1332
f 1489/1489/1337 1490/1490/1338 1491/1491/1339
f 1492/1492/1340 1493/1493/1341 1494/1494/1342
f 1495/1495/1343 1496/1496/1344 1497/1497/1340
f 1498/1498/1340 1499/1499/1345 1500/1500/1346
f 1501/1501/1347 1502/1502/1348 1503/1503/1349
f 1504/1504/1350 1505/1505/1351 1506/1506/1352
f 1507/1507/1353 1508/1508/1354 1509/1509/1355
f 1510/1510/1356 1511/1511/1357 1512/1512/1353
f 1513/1513/1322 1514/1514/1358 1515/1515/1359
f 1516/1516/1359 1517/1517/1324 1518/1518/1322
f 1519/1519/1360 1520/1520/1361 1521/1521/1362
f 1522/1522/1363 1523/1523/1364 1524/1524/1365
f 1525/1525/1366 1526/1526/1367 1527/1527/1363
f 1528/1528/1368 1529/1529/1345 1530/1530/1369
f 1531/1531/1364 1532/1532/1363 1533/1533/1368
f 1534/1534/1370 1535/1535/1371 1536/1536/1372
f 1537/1537/1333 1538/1538/1373 1539/1539/1370
f 1540/1540/1374 1541/1541/1375 1542/1542/1376
f 1543/1543/1377 1544/1544/1378 1545/1545/1374
f 1546/1546/1337 1547/1547/1379 1548/1548/1380
f 1549/1549/1381 1550/1550/1382 1551/1551/1383
f 1552/1552/1384 1553/1553/1385 1554/1554/1385
f 1555/1555/1386 1556/1556/812 1557/1557/1387
f 1558/1558/1388 1559/1559/1388 1560/1560/1388
f 1561/1561/1389 1562/1562/812 1563/1563/1390
f 1564/1564/1391 1565/1565/1392 1566/1566/1391
f 1567/1567/1393 1568/1568/1394 1569/1569/812
f 1570/1570/1395 1571/1571/1396 1572/1572/1397
f 1573/1573/1398 1574/1574/1399 1575/1575/1400
f 1576/1576/1401 1577/1577/1402 1578/1578/1403
f 1579/1579/1404 1580/1580/1405 1581/1581/1406
f 1582/1582/1407 1583/1583/1408 1584/1584/1409
f 1585/1585/1410 1586/1586/1411 1587/1587/1412
f 1588/1588/1413 1589/1589/1414 1590/1590/1415
f 1591/1591/1416 1592/1592/1417 1593/1593/1418
f 1594/1594/1419 1595/1595/1420 1596/1596/1421
f 1597/1597/1422 1598/1598/1423 1599/1599/1424
f 1600/1600/1425 1601/1601/1426 1602/1602/1427
f 1603/1603/1428 1604/1604/1429 1605/1605/1430
f 1606/1606/1431 1607/1607/1432 1608/1608/1428
f 1609/1609/1433 1610/1610/1434 1611/1611/1435
f 1612/1612/1436 1613/1613/1437 1614/1614/1438
f 1615/1615/1439 1616/1616/1440 1617/1617/1441
f 1618/1618/1441 1619/1619/1442 1620/1620/1443
f 1621/1621/1444 1622/1622/1439 1623/1623/1445
f 1624/1624/1445 1625/1625/1446 1626/1626/1444
f 1627/1627/1447 1628/1628/1448 1629/1629/1449
f 1630/1630/1450 1631/1631/1451 1632/1632/1447
f 1633/1633/1452 1634/1634/1453 1635/1635/1454
f 1636/1636/1455 1637/1637/1456 1638/1638/1457
f 1639/1639/1458 1640/1640/1459 1641/1641/1460
f 1642/1642/1461 1643/1643/1462 1644/1644/1458
f 1645/1645/1463 1646/1646/1464 1647/1647/1465
f 1648/1648/1465 1649/1649/1466 1650/1650/1463
f 1651/1651/1467 1652/1652/1468 1653/1653/1469
f 1654/1654/1470 1655/1655/1471 1656/1656/1467
f 1657/1657/1472 1658/1658/1473 1659/1659/1454
f 1660/1660/1474 1661/1661/1475 1662/1662/1476
f 1663/1663/1477 1664/1664/1478 1665/1665/1479
f 1666/1666/1479 1667/1667/1480 1668/1668/1481
f 1669/1669/1482 1670/1670/1483 1671/1671/1484
f 1672/1672/1484 1673/1673/1485 1674/1674/1482
f 1675/1675/1486 1676/1676/1487 1677/1677/1488
f 1678/1678/1489 1679/1679/1490 1680/1680/1491
f 1681/1681/1492 1682/1682/1493 1683/1683/1397
f 1684/1684/1494 1685/1685/1495 1686/1686/1496
f 1687/1687/1497 1688/1688/1498 1689/1689/1499
f 1690/1690/1499 1691/1691/1500 1692/1692/1501
f 1693/1693/1502 1694/1694/1503 1695/1695/1504
f 1696/1696/1504 1697/1697/1505 1698/1698/1502
f 1699/1699/1506 1700/1700/1507 1701/1701/1508
f 1702/1702/1508 1703/1703/1509 1704/1704/1506
f 1705/1705/1510 1706/1706/1511 1707/1707/1512
f 1708/1708/1513 1709/1709/1514 1710/1710/1515
f 1711/1711/1516 1712/1712/1517 1713/1713/1518
f 1714/1714/1518 1715/1715/1519 1716/1716/1516
f 1717/1717/1520 1718/1718/1521 1719/1719/1522
f 1720/1720/1523 1721/1721/1524 1722/1722/1525
f 1723/1723/1526 1724/1724/1527 1725/1725/1528
f 1726/1726/1529 1727/1727/1530 1728/1728/1531
f 1729/1729/1532 1730/1730/1533 1731/1731/1534
f 1732/1732/1534 1733/1733/1535 1734/1734/1536
f 1735/1735/1537 1736/1736/1538 1737/1737/1539
f 1738/1738/1540 1739/1739/1541 1740/1740/1542
f 1741/1741/1543 1742/1742/1544 1743/1743/1545
f 1744/1744/1546 1745/1745/1547 1746/1746/1548
f 1747/1747/1549 1748/1748/1550 1749/1749/1551
f 1750/1750/1552 1751/1751/1553 1752/1752/1549
f 1753/1753/1554 1754/1754/1555 1755/1755/1556
f 1756/1756/1556 1757/1757/1557 1758/1758/1558
f 1759/1759/1559 1760/1760/1560 1761/1761/1561
f 1762/1762/1562 1763/1763/1563 1764/1764/1564
f 1765/1765/1564 1766/1766/1565 1767/1767/1562
f 1768/1768/1566 1769/1769/1567 1770/1770/1568
f 1771/1771/1569 1772/1772/1570 1773/1773/1571
f 1774/1774/1572 1775/1775/1573 1776/1776/1574
f 1777/1777/1574 1778/1778/1575 1779/1779/1572
f 1780/1780/1576 1781/1781/1577 1782/1782/1578
f 1783/1783/1578 1784/1784/1579 1785/1785/1576
