# 3ds Max Wavefront OBJ Exporter v0.97b - (c)2007 guruware
# File Created: 23.10.2016 18:52:14

mtllib Skeleton.mtl

#
# object Skeleton
#

v  -62.2476 61.3984 1.8757
v  -64.6444 62.1622 1.1068
v  -61.5195 62.7172 0.9783
v  -64.3981 61.4024 1.6573
v  -65.4182 60.3418 1.1338
v  -64.2330 60.6264 1.0875
v  -61.5195 60.0796 0.9783
v  -61.5115 61.3984 2.1646
v  -61.6241 61.3984 -0.2394
v  -62.3300 61.3984 0.1171
v  -64.4507 61.4024 0.5356
v  -60.5649 61.3747 -1.3161
v  -60.9102 59.9330 -2.3451
v  -61.4157 61.3747 -1.0544
v  -60.2540 60.2187 -2.2643
v  -56.2428 61.3747 -0.8195
v  -55.9512 60.3111 -1.7516
v  -55.2642 59.9330 -1.6723
v  -55.5169 61.3747 -0.3961
v  -54.9673 61.3747 -2.9526
v  -55.2642 62.8164 -1.6723
v  -55.7565 61.3747 -2.6940
v  -55.9512 62.4348 -1.7516
v  -59.8628 61.3747 -3.2014
v  -60.2540 62.4382 -2.2643
v  -60.9102 62.8164 -2.3451
v  -60.4066 61.3747 -3.6338
v  -62.0111 61.3984 -1.7139
v  -64.2350 62.1622 -2.8929
v  -61.1826 62.7172 -2.5366
v  -64.0896 61.4024 -2.3076
v  -65.0015 60.3418 -3.0025
v  -63.8267 60.6264 -2.8394
v  -61.1826 60.0796 -2.5366
v  -61.3374 61.3984 -1.2999
v  -61.0249 61.3984 -3.6861
v  -61.7825 61.3984 -3.4595
v  -63.9438 61.4024 -3.4210
v  -61.3514 61.3747 -0.3426
v  -61.2240 61.3747 2.2117
v  -61.2935 59.9330 0.9349
v  -61.2935 62.8164 0.9349
v  -60.4751 61.3747 1.8307
v  -60.5698 62.4382 0.8988
v  -55.9327 62.4348 0.6676
v  -55.9342 61.3747 1.6043
v  -55.2089 62.8164 0.6315
v  -55.1511 61.3747 1.9089
v  -55.2089 59.9330 0.6315
v  -55.2784 61.3747 -0.6454
v  -56.0274 61.3747 -0.2643
v  -60.5682 61.3747 -0.0380
v  -60.5698 60.2187 0.8988
v  -55.9327 60.3111 0.6676
v  -60.9940 61.3747 2.9155
v  -60.1340 61.3747 5.4242
v  -60.5841 59.9330 4.1159
v  -60.5841 62.8164 4.1159
v  -59.5728 61.3747 5.0146
v  -59.9251 62.4382 4.0623
v  -55.7105 62.4348 3.0683
v  -55.4233 61.3747 3.9867
v  -55.0348 62.8164 2.9213
v  -54.6123 61.3747 4.1658
v  -55.0348 59.9330 2.9213
v  -55.4130 61.3747 1.6765
v  -56.0933 61.3747 2.1698
v  -60.1966 61.3747 3.1022
v  -59.9251 60.2187 4.0623
v  -55.7105 60.3111 3.0683
v  -52.4832 61.3747 8.2966
v  -53.1887 60.4832 7.1130
v  -53.6117 59.9271 7.5240
v  -52.3109 61.3747 7.6235
v  -49.8189 59.9587 3.5507
v  -48.5592 61.3747 4.4685
v  -49.5691 62.8164 3.6275
v  -53.1887 62.3333 7.1130
v  -53.3392 62.8164 7.7719
v  -54.6012 61.3672 -0.4844
v  -53.9271 62.5574 -1.5269
v  -48.5074 63.2421 0.4051
v  -54.8750 62.8164 -1.6057
v  -54.1254 61.3747 -2.8840
v  -54.0902 60.4564 0.5078
v  -52.7094 61.5362 -2.2971
v  -48.3353 62.4604 -1.8516
v  -48.0435 61.1909 0.4073
v  -47.3446 61.8617 -0.1706
v  -47.7095 62.2702 -2.1781
v  -47.7287 63.0411 -1.2637
v  -46.1002 62.2640 -2.3627
v  -39.4896 64.3091 -3.5016
v  -39.6815 65.2041 -2.5912
v  -39.3535 64.3152 -1.7301
v  -32.6642 69.2241 -3.0766
v  -31.9435 67.4142 -1.8148
v  -30.4402 68.1722 -1.3054
v  -31.2923 70.8604 -3.2931
v  -30.9020 67.9902 -3.3261
v  -30.9126 68.8823 -5.4112
v  -32.1995 67.3814 -4.3310
v  -32.5467 69.3785 0.2433
v  -32.0534 68.1626 1.4627
v  -38.6738 65.2681 1.6986
v  -31.0622 70.6035 0.1453
v  -30.6768 69.4000 1.3990
v  -30.9417 68.7720 0.1365
v  -28.1269 70.9659 -1.4660
v  -29.7386 70.4530 -0.7807
v  -28.7389 67.6487 -1.4660
v  -29.2114 69.0355 1.0349
v  -27.5200 69.6186 0.1916
v  -10.7649 73.1648 -1.4660
v  -20.5593 72.0181 -2.7074
v  -20.1958 71.0096 -1.4660
v  -12.7892 74.6966 -3.8732
v  0.0014 71.6216 8.5118
v  -5.9461 70.8124 7.2228
v  -4.4961 73.2094 5.7396
v  -0.0000 69.7114 10.1433
v  -5.5875 73.3349 7.9013
v  -0.0000 72.2933 10.5837
v  5.5875 73.3349 7.9013
v  5.9461 70.8124 7.2228
v  4.5243 73.1469 5.7151
v  6.4590 74.0317 6.4023
v  5.6064 75.4681 8.9451
v  5.6064 72.8503 7.6532
v  6.4590 76.3999 7.3022
v  5.6370 76.2256 9.5956
v  7.1597 79.3359 8.8819
v  5.6370 78.8913 10.7856
v  7.1597 77.1313 7.6337
v  2.9439 72.1456 8.7929
v  2.9439 74.9307 10.3477
v  2.9599 78.4316 12.0825
v  2.9599 75.4568 10.9315
v  -0.0000 78.2305 12.5621
v  -0.0000 75.1423 11.4254
v  -0.0000 71.6391 9.9763
v  -0.0000 74.6223 11.3651
v  -9.2448 76.4222 1.0942
v  -8.7044 76.9888 2.8664
v  -9.1641 80.0032 0.4020
v  -8.5579 82.6259 1.7542
v  -7.8567 83.2465 0.7449
v  -8.4628 80.2137 -0.7577
v  -7.4969 82.7912 -0.0567
v  -8.1030 80.9894 -1.1077
v  -7.4969 80.8509 -0.9497
v  -7.8567 80.0299 -0.6163
v  -8.5579 79.8344 0.5489
v  -5.6370 76.2256 9.5956
v  -7.1597 79.3359 8.8819
v  -7.1597 77.1313 7.6337
v  -5.6370 78.8913 10.7856
v  -2.9599 78.4316 12.0825
v  -2.9599 75.4568 10.9315
v  8.6635 71.4148 4.6787
v  9.7419 71.0694 0.0034
v  7.9168 69.5782 3.7680
v  11.3285 73.9394 0.0564
v  7.9238 71.8320 -3.7613
v  9.1628 74.8172 -4.4637
v  0.0370 70.6206 -6.8037
v  10.5069 72.9713 -5.1978
v  9.2611 69.9832 -4.5122
v  11.4255 69.2809 -0.0359
v  8.7544 68.1031 4.5843
v  13.0006 72.1697 0.0056
v  9.7040 69.9404 5.6657
v  0.0370 67.1659 7.2218
v  10.7649 73.1648 -1.4660
v  11.0978 75.2796 -4.8378
v  12.7892 74.6966 -3.8732
v  11.8062 76.8525 -1.4660
v  20.9251 73.0257 -1.4660
v  20.5593 72.0181 -2.7074
v  20.1958 71.0096 -1.4660
v  27.5200 69.6186 -3.1235
v  28.7389 67.6487 -1.4660
v  29.2114 69.0355 -3.9669
v  28.1269 70.9659 -1.4660
v  12.6664 84.7084 -0.9027
v  8.4638 82.1261 3.1426
v  8.6525 83.2793 -1.6776
v  12.8254 83.8970 1.7268
v  9.8806 85.3536 4.1668
v  12.4343 85.7219 1.8522
v  8.8581 85.8548 -3.3993
v  8.0947 89.1385 4.2059
v  6.8720 88.8914 -2.6584
v  16.7320 94.3676 -0.6081
v  16.1624 95.0287 -0.5945
v  20.9501 95.2584 -2.3553
v  21.3405 95.5203 -2.4275
v  21.3096 95.5211 -2.5204
v  16.1626 94.8613 -1.6769
v  20.8971 95.2550 -2.4921
v  16.5104 94.1798 -2.0303
v  11.8283 86.1970 -1.6203
v  1.7717 89.9158 10.6899
v  1.6265 90.1695 10.9562
v  0.9861 88.0726 11.2302
v  4.4948 90.3754 10.7347
v  4.5943 90.0511 10.4891
v  6.5048 87.7515 11.2657
v  6.8885 87.8899 11.5441
v  6.0350 85.2094 11.8354
v  6.1842 84.9630 12.1716
v  3.8725 84.3046 12.5191
v  3.7304 84.4207 12.1322
v  1.6102 85.3445 11.8434
v  1.3549 85.2232 12.1966
v  0.8509 88.2802 11.5441
v  -0.0000 92.2029 9.8643
v  4.1474 92.0587 9.8643
v  7.5597 88.0507 10.8393
v  7.2813 83.7897 11.8144
v  4.1252 82.0197 17.6971
v  -0.0000 82.9375 17.6971
v  -0.0000 84.3046 13.1373
v  -0.0000 88.3457 12.2815
v  -6.8885 87.8899 11.5441
v  -6.0159 85.2094 11.8354
v  -6.4856 87.7515 11.2657
v  -6.1842 84.9630 12.1716
v  -3.8725 84.3046 12.5191
v  -3.7112 84.4207 12.1322
v  -1.5910 85.3445 11.8434
v  -1.3549 85.2232 12.1966
v  -0.8509 88.2802 11.5441
v  -0.9669 88.0726 11.2302
v  -1.7526 89.9158 10.6899
v  -1.6265 90.1695 10.9562
v  -4.4948 90.3754 10.7347
v  -4.5752 90.0511 10.4891
v  -7.5597 88.0507 10.8393
v  -7.2813 83.7897 11.8144
v  -4.1252 82.0197 17.6971
v  -4.1474 92.0587 9.8643
v  -8.0947 89.1385 4.2059
v  -9.8806 85.3536 4.1668
v  -7.7766 79.7637 10.7911
v  -4.8167 79.1768 16.8331
v  -6.4590 74.0317 6.4023
v  -5.6064 75.4681 8.9451
v  -6.4590 76.3999 7.3022
v  -5.6064 72.8503 7.6532
v  -2.9439 72.1456 8.7929
v  -2.9439 74.9307 10.3477
v  -0.0000 72.0446 10.1668
v  -8.5027 76.9293 2.5986
v  -4.6783 72.4778 7.5396
v  -0.0000 78.4048 6.1966
v  -8.3587 82.6833 1.2937
v  -0.0000 84.7651 2.2265
v  8.3587 82.6833 1.2937
v  8.5027 76.9293 2.5987
v  4.6783 72.4778 7.5396
v  1.3439 63.6815 6.6800
v  9.8841 64.5956 4.9918
v  0.0370 64.6665 7.9825
v  8.6696 63.0584 4.3718
v  12.2324 64.6467 0.0014
v  10.7099 62.2883 -0.0019
v  7.4301 64.2370 3.6118
v  9.1441 64.2812 0.0029
v  8.6748 62.8770 -4.2453
v  7.4399 64.8709 -3.5243
v  0.0370 64.7275 -6.2006
v  9.8858 65.4032 -4.8923
v  10.6756 66.6465 0.0319
v  8.6407 65.7819 4.2703
v  1.3533 65.2587 6.9280
v  -1.2793 65.2587 6.9280
v  8.8673 59.3406 4.6246
v  1.2233 61.6768 6.3182
v  0.0370 61.2583 7.3570
v  7.7613 60.3980 3.8915
v  10.9681 56.8550 0.0028
v  9.5833 58.9128 -0.0080
v  6.6306 58.8959 3.3291
v  8.1616 57.0835 0.0068
v  7.7682 60.0016 -3.7384
v  6.6448 57.9860 -3.1343
v  0.0370 53.4857 -3.1881
v  5.2065 50.8731 -1.5349
v  4.4824 52.4850 -1.0142
v  6.0805 51.9362 -1.9699
v  7.5261 52.2603 1.0735
v  -6.0193 54.1543 4.2781
v  -5.1479 53.1173 3.9251
v  0.0370 57.0039 5.5022
v  -6.3750 50.8272 1.1115
v  -7.4520 52.2603 1.0735
v  -5.1324 50.8731 -1.5349
v  -1.1907 54.2957 -4.0998
v  0.0000 50.6349 -4.8071
v  -1.1230 50.6281 -3.9958
v  0.0000 54.3412 -4.9640
v  1.1907 54.2957 -4.0998
v  1.1230 50.6281 -3.9958
v  0.0000 54.2222 -2.7014
v  0.0000 50.6172 -2.6832
v  -5.8304 46.0247 0.4240
v  -5.8304 43.9483 0.8802
v  -4.8354 44.1448 -0.1499
v  -5.3810 46.0347 -2.1983
v  -5.2277 46.8586 -1.6688
v  -5.0559 46.4221 -0.8454
v  -3.6767 46.7641 -3.8338
v  -4.1003 47.4497 -4.7022
v  -4.1955 45.2474 -5.1180
v  -5.3810 42.3252 -1.2597
v  -5.2277 41.9164 -0.4649
v  -4.4724 42.7188 0.0235
v  -1.2712 42.2404 1.3633
v  -4.2667 43.2940 -1.4594
v  -3.1244 43.0598 -3.0249
v  0.0000 44.6338 -4.4152
v  0.0000 44.9268 -5.4576
v  0.0000 44.3276 -5.8096
v  -3.3070 40.0067 -3.8248
v  -2.9459 39.3470 -3.0411
v  -2.8274 40.4086 -2.6376
v  -0.6240 41.3809 -3.6103
v  0.0000 40.8135 -4.2828
v  3.3057 40.0067 -3.8310
v  4.2306 46.3614 -5.0984
v  4.1236 47.4497 -4.6854
v  3.6755 46.7641 -3.8295
v  5.2277 46.8586 -1.6688
v  5.3810 46.0347 -2.1983
v  5.3810 42.3252 -1.2597
v  5.2277 41.9164 -0.4649
v  2.9225 39.3470 -3.0579
v  0.6240 41.3809 -3.6103
v  -0.0000 40.2371 1.1234
v  -0.8949 40.7279 0.6356
v  0.0000 42.1928 -3.7908
v  3.1005 43.0598 -3.0366
v  4.2667 43.2940 -1.4594
v  4.8354 44.1448 -0.1499
v  5.0559 46.4221 -0.8454
v  5.8304 46.0247 0.4240
v  5.8304 43.9483 0.8802
v  4.4724 42.7188 0.0235
v  2.7926 40.4086 -2.6579
v  1.1395 41.9056 1.1198
v  1.2712 42.2404 1.3633
v  -1.1395 41.9056 1.1198
v  -3.8924 29.8318 0.7855
v  -5.4954 22.1306 3.7787
v  -4.9098 30.1453 1.4816
v  -3.6524 22.3676 2.1934
v  -2.8599 21.4096 2.5960
v  -5.2913 21.1780 -0.2428
v  -4.8070 29.6429 -0.5858
v  -3.8351 37.5830 -2.9911
v  -2.2029 37.8284 -0.2093
v  -4.0527 38.5732 1.1813
v  -2.3923 41.2186 1.0765
v  -2.1256 40.1194 -3.7415
v  -0.8074 39.2896 -0.2061
v  3.8924 29.8318 0.7855
v  3.8351 37.5830 -2.9911
v  4.8070 29.6429 -0.5858
v  2.2029 37.8284 -0.2093
v  4.9098 30.1453 1.4816
v  4.0527 38.5732 1.1813
v  2.3923 41.2186 1.0765
v  2.1256 40.1194 -3.7415
v  0.8074 39.2896 -0.2061
v  -6.3897 21.4266 1.6716
v  -5.9039 30.0281 0.3634
v  -3.8725 20.4032 2.3756
v  -6.3362 21.2717 3.9694
v  -6.5986 13.0955 0.0954
v  -7.5843 13.3996 1.2543
v  -4.4603 21.0559 1.8480
v  7.5843 13.3996 1.2543
v  8.4288 21.5008 2.0518
v  6.3362 21.2717 3.9694
v  8.7572 13.3372 0.2056
v  7.7718 13.0316 -0.9535
v  6.5069 21.6631 -0.0137
v  7.7796 24.3448 2.5587
v  7.5878 2.1106 14.7495
v  8.7533 1.3468 11.6550
v  7.5500 2.7034 11.6643
v  8.1465 1.3509 14.5225
v  7.6065 0.2902 15.5235
v  7.5828 0.5748 14.3378
v  7.5500 -0.0098 11.6643
v  6.3469 1.3468 11.6845
v  7.0237 1.3509 14.5362
v  11.4491 2.0870 14.7365
v  12.1252 1.3231 11.4997
v  10.9753 2.6546 11.9179
v  11.9663 1.3272 14.4263
v  11.5865 0.2665 15.4984
v  11.3808 0.5512 14.3304
v  10.9376 -0.0335 11.6937
v  9.7519 1.3231 11.8986
v  10.8589 1.3272 14.6124
v  13.0722 1.3520 11.0366
v  15.3157 2.1158 13.4657
v  14.1906 2.7086 10.5927
v  14.7126 1.3561 13.4654
v  14.1906 -0.0046 10.5927
v  15.1655 0.5800 13.0822
v  15.6066 0.2954 14.1832
v  15.3130 1.3520 10.1590
v  15.7582 1.3561 13.0559
v  12.2618 -0.0784 5.0567
v  13.3361 1.3231 4.4399
v  13.2529 1.3231 5.2662
v  12.2618 2.7246 4.9587
v  14.6299 1.3231 9.1680
v  13.7986 -0.0382 9.7512
v  14.0184 -0.1186 10.3747
v  15.1690 1.3231 9.6062
v  13.9710 1.3231 10.2401
v  14.3339 2.7648 10.1637
v  13.7986 2.6845 9.7512
v  12.9393 1.3231 10.2583
v  11.5265 1.3231 6.1436
v  12.8663 1.3231 11.1455
v  13.7028 2.7648 10.5857
v  10.9572 1.3231 5.5255
v  9.9475 -0.0784 5.6647
v  11.1494 1.3231 5.2391
v  10.9381 1.3231 6.0524
v  9.9475 2.7246 5.4982
v  11.6917 1.3231 10.5360
v  10.7771 -0.0382 10.7385
v  10.8972 -0.1186 11.4532
v  12.1573 1.3231 11.2355
v  10.8713 1.3231 11.2991
v  11.2428 2.7648 11.3951
v  10.7771 2.6845 10.7385
v  9.8466 1.3231 10.8461
v  9.0930 1.3231 6.3625
v  9.6352 1.3231 11.6594
v  10.5516 2.7648 11.5113
v  8.6273 1.3231 5.6630
v  8.9106 1.3231 5.8690
v  8.5748 1.3231 6.6393
v  7.6143 -0.0784 5.7953
v  7.6143 2.7246 5.7175
v  6.3074 1.3231 5.6213
v  6.6564 1.3231 6.3748
v  7.3840 0.2272 5.7315
v  5.9857 2.9373 0.3363
v  5.9857 0.3256 0.3363
v  7.3840 1.4689 5.7315
v  9.7516 0.2272 5.2858
v  9.7516 2.3536 5.2858
v  9.2025 3.8220 0.4119
v  9.2025 0.3256 -0.2691
v  12.4193 0.3256 -0.8746
v  12.1193 0.2272 4.8402
v  8.7631 1.3402 -0.1932
v  10.2939 0.3078 -3.6917
v  11.4540 1.3634 -1.6361
v  8.9275 1.1456 -2.0694
v  8.8648 3.1143 -2.9902
v  7.4873 0.1568 -3.7606
v  7.0765 4.1660 -1.2570
v  6.5315 0.8122 -1.8874
v  -5.9857 2.9373 0.3363
v  -9.2025 0.3256 -0.2691
v  -5.9857 0.3256 0.3363
v  -9.2025 3.8220 0.4118
v  -11.4540 1.3634 -1.6361
v  -10.1084 4.5055 -1.1022
v  -8.7631 1.3402 -0.1932
v  -10.2939 0.3078 -3.6917
v  -8.8648 3.1143 -2.9902
v  -7.7718 13.0316 -0.9535
v  -8.7572 13.3372 0.2056
v  -12.1193 1.4689 4.8402
v  -11.8450 2.9373 -0.8583
v  -9.7516 2.3536 5.2858
v  -7.3840 1.4689 5.7315
v  -7.6082 2.6845 10.7917
v  -8.5861 1.3231 10.9898
v  -7.6143 2.7246 5.7175
v  -8.9453 1.3231 11.8043
v  -7.9717 2.7648 11.5490
v  -7.6053 1.3231 11.3102
v  -7.6046 -0.1186 11.4528
v  -7.6082 -0.0382 10.7917
v  -7.6143 -0.0784 5.7953
v  -8.5748 1.3231 6.6393
v  -8.9106 1.3231 5.8690
v  -6.3074 1.3231 5.6213
v  -6.6564 1.3231 6.3748
v  -6.6319 1.3231 10.5125
v  -6.2659 1.3231 11.2754
v  -7.2374 2.7648 11.3567
v  -7.3840 0.2272 5.7315
v  -10.7771 2.6845 10.7385
v  -11.6917 1.3231 10.5360
v  -9.9475 2.7246 5.4982
v  -12.1573 1.3231 11.2355
v  -11.2428 2.7648 11.3951
v  -10.8713 1.3231 11.2991
v  -10.8972 -0.1186 11.4532
v  -10.7771 -0.0382 10.7385
v  -9.9475 -0.0784 5.6647
v  -10.9381 1.3231 6.0524
v  -11.1494 1.3231 5.2391
v  -8.6273 1.3231 5.6630
v  -9.0930 1.3231 6.3625
v  -9.8466 1.3231 10.8461
v  -9.6352 1.3231 11.6594
v  -10.5516 2.7648 11.5113
v  -11.5041 0.8481 4.8512
v  -9.7516 0.2272 5.2858
v  -12.4193 0.3256 -0.8746
v  -12.1193 0.2272 4.8402
v  -11.7658 1.6315 -0.8560
v  -13.7986 2.6845 9.7512
v  -14.6299 1.3231 9.1679
v  -12.2619 2.7246 4.9587
v  -15.1690 1.3231 9.6062
v  -14.3339 2.7648 10.1637
v  -13.9710 1.3231 10.2401
v  -14.0184 -0.1186 10.3747
v  -13.7986 -0.0382 9.7512
v  -12.2619 -0.0784 5.0567
v  -13.2529 1.3231 5.2662
v  -13.3361 1.3231 4.4399
v  -10.9572 1.3231 5.5255
v  -11.5265 1.3231 6.1436
v  -12.9393 1.3231 10.2583
v  -12.8663 1.3231 11.1455
v  -13.7028 2.7648 10.5857
v  -13.0722 1.3520 11.0366
v  -15.3157 2.1158 13.4657
v  -14.1906 2.7086 10.5927
v  -14.7126 1.3561 13.4654
v  -14.1906 -0.0046 10.5927
v  -15.1656 0.5800 13.0822
v  -15.6066 0.2954 14.1832
v  -15.3130 1.3520 10.1590
v  -15.7582 1.3561 13.0559
v  -11.4491 2.0870 14.7365
v  -12.1252 1.3231 11.4997
v  -10.9753 2.6546 11.9179
v  -11.9663 1.3272 14.4263
v  -11.5865 0.2665 15.4984
v  -11.3808 0.5512 14.3304
v  -10.9376 -0.0335 11.6937
v  -9.7519 1.3231 11.8986
v  -10.8589 1.3272 14.6124
v  -6.3469 1.3468 11.6845
v  -7.5878 2.1106 14.7495
v  -7.5500 2.7034 11.6643
v  -7.0237 1.3509 14.5362
v  -7.5500 -0.0098 11.6643
v  -7.5828 0.5748 14.3378
v  -7.6065 0.2902 15.5235
v  -8.7533 1.3468 11.6550
v  -8.1465 1.3509 14.5225
v  -1.0304 59.9537 6.1731
v  1.1044 59.9537 6.1731
v  -7.3561 64.2370 3.6118
v  -10.6015 66.6465 0.0319
v  -8.5667 65.7819 4.2703
v  -9.0701 64.2812 0.0029
v  -7.3659 64.8709 -3.5243
v  -8.5703 67.3964 -4.1881
v  -9.8118 65.4032 -4.8923
v  1.6114 70.4039 -7.0867
v  0.0000 74.8351 -5.0995
v  0.0000 70.0901 -5.2241
v  1.5875 75.2443 -6.9169
v  3.6045 69.4258 -9.4474
v  3.4682 68.3855 -8.7857
v  2.7399 69.5383 -8.8065
v  11.4548 72.5142 -6.3826
v  11.4548 75.3872 -6.3826
v  12.0261 72.0354 -5.5038
v  6.9051 73.1357 -6.9926
v  3.4993 75.5545 -8.8065
v  4.3924 75.6671 -9.4474
v  4.5187 76.7074 -8.7857
v  12.0261 75.8661 -5.5038
v  1.4843 68.4600 -7.0221
v  0.0000 62.9144 -7.2590
v  0.0000 68.5582 -8.0935
v  1.4158 62.9010 -6.2313
v  1.3851 60.8661 -5.9136
v  0.0000 56.1917 -5.6297
v  0.0000 60.8710 -6.9199
v  1.3166 56.1709 -4.6735
v  47.7095 62.2702 -2.1781
v  47.3446 61.8617 -0.1706
v  46.1002 62.2640 -2.3627
v  47.7287 63.0411 -1.2637
v  39.4896 64.3091 -3.5015
v  46.4829 64.3514 0.9228
v  38.6738 65.2681 1.6987
v  45.9987 62.8363 2.4096
v  38.9839 66.1640 0.8149
v  47.3365 62.4180 -0.7477
v  48.2709 64.5123 0.9784
v  47.6763 63.0349 2.5609
v  54.6548 62.8406 2.6556
v  54.4665 61.3563 1.6356
v  48.5074 63.2421 0.4051
v  54.2496 61.3747 3.9721
v  54.0902 60.4564 0.5078
v  54.6012 61.3672 -0.4844
v  54.8794 62.8164 0.6151
v  48.0435 61.1909 0.4074
v  47.9442 62.4116 2.5219
v  53.1887 62.3333 7.1130
v  54.0091 61.3747 6.5452
v  49.5691 62.8164 3.6275
v  54.8453 61.3747 6.8505
v  53.9867 62.8164 7.3756
v  53.6117 59.9271 7.5240
v  53.1887 60.4832 7.1130
v  49.8189 59.9587 3.5507
v  50.5415 61.3747 2.7631
v  52.4832 61.3747 8.2966
v  52.3109 61.3747 7.6235
v  48.5592 61.3747 4.4685
v  53.3392 62.8164 7.7719
v  54.6123 61.3747 4.1658
v  55.4130 61.3747 1.6765
v  55.0348 59.9330 2.9213
v  55.0348 62.8164 2.9213
v  56.0933 61.3747 2.1698
v  55.7105 62.4348 3.0683
v  59.9251 62.4382 4.0623
v  60.1966 61.3747 3.1022
v  60.5841 62.8164 4.1159
v  60.9940 61.3747 2.9155
v  60.5841 59.9330 4.1159
v  60.1340 61.3747 5.4243
v  59.5728 61.3747 5.0146
v  55.4233 61.3747 3.9867
v  55.7105 60.3111 3.0683
v  59.9251 60.2187 4.0623
v  55.1511 61.3747 1.9089
v  55.2784 61.3747 -0.6454
v  55.2089 59.9330 0.6315
v  55.2089 62.8164 0.6315
v  56.0274 61.3747 -0.2643
v  55.9327 62.4348 0.6676
v  60.5698 62.4382 0.8988
v  60.5682 61.3747 -0.0380
v  61.2935 62.8164 0.9349
v  61.3514 61.3747 -0.3426
v  61.2935 59.9330 0.9349
v  61.2240 61.3747 2.2117
v  60.4751 61.3747 1.8307
v  55.9342 61.3747 1.6043
v  55.9327 60.3111 0.6676
v  60.5698 60.2187 0.8988
v  55.9512 60.3111 -1.7516
v  56.2428 61.3747 -0.8195
v  55.2642 59.9330 -1.6723
v  60.2540 60.2187 -2.2643
v  60.5649 61.3747 -1.3161
v  60.9102 59.9330 -2.3450
v  61.4157 61.3747 -1.0544
v  55.7565 61.3747 -2.6939
v  54.9673 61.3747 -2.9526
v  59.8628 61.3747 -3.2013
v  60.4066 61.3747 -3.6338
v  60.9102 62.8164 -2.3450
v  60.2540 62.4382 -2.2643
v  55.9512 62.4348 -1.7516
v  55.2642 62.8164 -1.6723
v  55.5169 61.3747 -0.3961
v  -16.1626 94.8613 -1.6769
v  -20.8971 95.2550 -2.4921
v  -21.3096 95.5211 -2.5205
v  -16.5104 94.1798 -2.0303
v  -6.8720 88.8914 -2.6584
v  -16.7320 94.3676 -0.6081
v  -8.8581 85.8548 -3.3993
v  -5.1126 89.6742 -5.6008
v  -5.6440 85.2904 -6.8467
v  -6.7719 90.5891 -0.4042
v  -16.1624 95.0287 -0.5945
v  -21.3405 95.5203 -2.4275
v  -20.9501 95.2584 -2.3553
v  -12.8254 83.8970 1.7268
v  -12.6664 84.7084 -0.9027
v  -11.8283 86.1970 -1.6203
v  -12.4343 85.7219 1.8521
v  -11.8062 76.8525 -1.4660
v  -12.7892 74.6966 0.9413
v  -20.9251 73.0257 -1.4660
v  -20.5593 72.0181 -0.2246
v  -29.7386 70.4530 -2.1512
v  -29.2114 69.0355 -3.9669
v  -27.5200 69.6186 -3.1235
v  -11.0978 75.2796 -4.8378
v  -11.0978 75.2796 1.9059
v  -9.1870 69.9832 -4.5122
v  -11.3514 69.2809 -0.0359
v  -10.4329 72.9713 -5.1978
v  -12.9265 72.1697 0.0056
v  -9.0887 74.8172 -4.4637
v  -11.2544 73.9394 0.0564
v  -9.6300 69.9404 5.6657
v  -8.5895 71.4148 4.6787
v  -8.6804 68.1031 4.5843
v  -7.8428 69.5782 3.7680
v  -9.6679 71.0694 0.0034
v  -7.8498 71.8320 -3.7613
v  -9.8101 64.5956 4.9918
v  -12.1583 64.6467 0.0014
v  -10.6359 62.2883 -0.0019
v  -8.6008 62.8770 -4.2453
v  -8.5956 63.0584 4.3718
v  -1.2699 63.6815 6.6800
v  -8.7933 59.3406 4.6246
v  -7.6615 57.8418 4.0876
v  -10.8941 56.8550 0.0028
v  -9.4833 55.0658 0.0279
v  -7.6606 56.0021 -3.8030
v  -1.5330 55.5066 -4.6050
v  -1.3166 56.1709 -4.6735
v  0.0000 55.5340 -5.7183
v  1.5330 55.5066 -4.6050
v  0.0000 56.1372 -3.1264
v  0.0000 55.4622 -2.8036
v  0.0000 60.8583 -4.2856
v  -1.3851 60.8661 -5.9136
v  0.0000 61.5285 -4.2070
v  -1.6405 61.5323 -6.1355
v  -1.4843 68.4600 -7.0221
v  -1.4158 62.9010 -6.2313
v  -1.7570 69.2142 -7.1403
v  0.0000 69.3474 -8.4075
v  1.7570 69.2143 -7.1403
v  0.0000 68.9989 -5.0900
v  0.0000 68.3009 -5.2885
v  0.0000 62.8794 -4.5685
v  -1.6496 62.1561 -6.2756
v  0.0000 62.1561 -7.4741
v  1.6496 62.1560 -6.2756
v  0.0000 62.1559 -4.3364
v  -1.6114 70.4039 -7.0867
v  0.0000 70.1087 -8.4860
v  -1.8794 69.8951 -7.1422
v  0.0000 70.5978 -8.2379
v  -1.5875 75.2443 -6.9169
v  0.0000 75.4972 -8.0401
v  -1.8592 75.7870 -6.8589
v  0.0000 76.0949 -8.1707
v  1.8592 75.7870 -6.8589
v  0.0000 75.2887 -4.7364
v  -1.8523 76.2372 -6.9412
v  -1.5552 76.7377 -6.7058
v  0.0000 76.5491 -8.2465
v  0.0000 77.0094 -7.7987
v  1.5552 76.7377 -6.7058
v  1.8523 76.2372 -6.9412
v  0.0000 75.7325 -4.8290
v  0.0000 76.2981 -4.9374
v  0.0000 69.5495 -4.9678
v  1.8794 69.8951 -7.1422
v  -1.4286 81.5355 -5.2922
v  0.0000 81.8387 -6.2795
v  1.4286 81.5355 -5.2922
v  0.0000 81.0448 -3.6946
v  0.0000 82.0245 -5.0436
v  -5.6440 83.1552 -5.1664
v  0.0000 85.2904 -8.0867
v  0.0000 83.1620 -6.3875
v  -8.6525 83.2793 -1.6776
v  -8.4638 82.1261 3.1426
v  -7.1197 78.7127 10.3847
v  -4.3622 77.9998 16.5597
v  -2.3887 78.9901 23.5160
v  -1.9319 78.8192 23.0837
v  -0.0000 77.6037 16.5597
v  -0.0000 78.5859 23.5179
v  1.9319 78.8192 23.0837
v  4.3622 77.9998 16.5598
v  2.3887 78.9901 23.5160
v  4.8167 79.1768 16.8331
v  7.1197 78.7127 10.3848
v  7.7766 79.7637 10.7911
v  1.9137 80.6498 22.8752
v  -0.0000 80.0082 24.1794
v  -0.0000 78.9901 24.4794
v  -1.9137 80.6498 22.8752
v  -1.3183 81.5073 22.3026
v  -0.0000 81.1647 23.1737
v  1.3183 81.5073 22.3026
v  3.7268 87.2389 11.3196
v  6.7719 91.2811 3.1704
v  6.7719 90.5891 -0.4042
v  5.1126 89.6742 -5.6008
v  5.6440 85.2904 -6.8467
v  5.6440 83.1552 -5.1664
v  0.0000 89.4282 -6.8408
v  0.0000 92.2418 -2.4358
v  -0.0000 93.5126 2.6644
v  -3.6627 87.2419 11.3277
v  -6.7719 91.2811 3.1704
v  8.7044 76.9888 2.8664
v  9.1641 80.0032 0.4020
v  8.5579 79.8344 0.5489
v  8.4628 80.2137 -0.7577
v  7.8567 80.0299 -0.6163
v  7.4969 80.8510 -0.9497
v  8.1030 80.9895 -1.1077
v  7.4969 82.7912 -0.0567
v  7.8567 83.2465 0.7449
v  8.5579 82.6259 1.7542
v  9.2448 76.4222 1.0942
v  8.6443 67.3964 -4.1881
v  7.7356 57.8418 4.0876
v  9.5574 55.0658 0.0279
v  -1.1493 61.6768 6.3182
v  -7.6872 60.3980 3.8915
v  -9.5093 58.9128 -0.0080
v  -6.5566 58.8959 3.3291
v  -8.0875 57.0835 0.0068
v  -7.6941 60.0016 -3.7384
v  -6.5707 57.9860 -3.1343
v  0.0000 61.5346 -7.3273
v  1.6405 61.5323 -6.1355
v  0.0370 59.2172 -5.1561
v  -8.7896 58.0168 -4.3909
v  -5.2650 55.0191 3.6762
v  -6.5114 53.3718 1.0099
v  -4.3922 53.9848 3.3089
v  -5.4136 52.5035 1.0747
v  -5.2791 53.5501 -1.4636
v  -4.4083 52.4850 -1.0142
v  -6.0065 51.9362 -1.9699
v  -1.3058 50.1711 -4.0621
v  0.0000 50.1617 -5.0039
v  1.3058 50.1711 -4.0621
v  0.0000 50.1863 -2.5383
v  -1.4121 54.9566 -4.3105
v  0.0000 54.8741 -2.6520
v  1.4121 54.9566 -4.3105
v  0.0000 55.0076 -5.3355
v  0.0000 49.4932 -4.8333
v  -1.0947 48.9873 -3.8384
v  -1.2993 49.5138 -3.8970
v  0.0000 48.9533 -4.6260
v  1.0947 48.9873 -3.8384
v  1.2993 49.5138 -3.8970
v  0.0000 49.0424 -2.5639
v  0.0000 49.5470 -2.3819
v  -1.0269 46.0170 -4.2546
v  0.0000 46.2198 -3.0703
v  0.0000 45.5043 -4.1836
v  1.0269 46.0170 -4.2546
v  0.0000 45.8916 -4.9865
v  0.8949 40.7279 0.6356
v  -0.0000 41.9472 2.5434
v  -0.0000 41.0897 0.4280
v  -0.0000 42.6355 0.4447
v  -0.0000 43.2284 2.0761
v  4.4254 39.8692 0.8165
v  6.4839 39.5952 -1.4330
v  4.2119 38.8838 -3.3680
v  6.0585 38.0976 -1.0149
v  5.9039 30.0281 0.3634
v  5.2913 21.1780 -0.2428
v  3.6524 22.3676 2.1934
v  2.8599 21.4096 2.5960
v  5.4954 22.1306 3.7787
v  4.6276 24.1856 2.7042
v  4.6289 22.1298 3.6320
v  5.3757 23.1046 5.0243
v  6.4265 21.4698 4.0024
v  7.5361 23.1178 4.8357
v  8.1245 22.1511 3.3268
v  8.1232 24.2069 2.3991
v  6.4244 24.7961 3.2987
v  3.8725 20.4032 2.3756
v  6.3897 21.4266 1.6716
v  6.7715 24.2428 2.4913
v  6.9829 24.3158 0.8284
v  6.3552 22.0130 2.0565
v  6.8717 23.8248 4.0993
v  4.4603 21.0559 1.8480
v  6.5986 13.0955 0.0954
v  -6.7715 24.2428 2.4913
v  -7.7796 24.3448 2.5587
v  -6.9829 24.3158 0.8284
v  -6.5069 21.6631 -0.0137
v  -6.3552 22.0130 2.0565
v  -6.8717 23.8248 4.0993
v  -7.0765 4.1660 -1.2570
v  -7.4873 0.1568 -3.7606
v  -8.9275 1.1456 -2.0694
v  -6.5315 0.8122 -1.8874
v  -8.4288 21.5008 2.0518
v  -7.5361 23.1178 4.8357
v  -6.4265 21.4698 4.0024
v  -8.1245 22.1511 3.3268
v  -5.3757 23.1046 5.0243
v  -4.6289 22.1298 3.6320
v  -4.6276 24.1856 2.7042
v  -6.4244 24.7961 3.2987
v  -8.1232 24.2069 2.3990
v  -6.0585 38.0976 -1.0149
v  -6.4839 39.5952 -1.4330
v  -4.2119 38.8838 -3.3680
v  -4.4254 39.8692 0.8165
v  6.5855 53.3718 1.0099
v  5.4877 52.5035 1.0747
v  4.4663 53.9848 3.3089
v  5.3531 53.5501 -1.4636
v  5.3391 55.0191 3.6762
v  5.2219 53.1173 3.9251
v  6.4491 50.8272 1.1115
v  6.0933 54.1543 4.2781
v  7.7346 56.0021 -3.8030
v  8.8636 58.0168 -4.3909
v  11.0978 75.2796 1.9059
v  12.7892 74.6966 0.9413
v  -4.5187 76.7074 -8.7857
v  -4.3924 75.6671 -9.4474
v  -3.4993 75.5545 -8.8065
v  -2.7399 69.5383 -8.8065
v  -6.9051 73.1357 -6.9927
v  -12.0261 75.8661 -5.5038
v  -11.4548 75.3872 -6.3826
v  -3.6045 69.4258 -9.4474
v  -3.4682 68.3855 -8.7857
v  -12.0261 72.0354 -5.5038
v  -11.4548 72.5142 -6.3826
v  20.5593 72.0181 -0.2246
v  27.5200 69.6186 0.1916
v  29.7386 70.4530 -0.7807
v  29.2114 69.0355 1.0349
v  29.7386 70.4530 -2.1512
v  31.2923 70.8604 -3.2931
v  32.1995 67.3814 -4.3310
v  30.9126 68.8823 -5.4111
v  30.9020 67.9902 -3.3261
v  30.4402 68.1722 -1.3054
v  32.6642 69.2241 -3.0766
v  39.6815 65.2041 -2.5911
v  39.3535 64.3152 -1.7300
v  31.9435 67.4142 -1.8148
v  29.8926 65.3705 -3.4563
v  30.5289 67.3804 -5.4666
v  31.6770 65.4414 -3.1874
v  39.1594 63.4148 -2.6433
v  47.0962 60.4980 -1.3182
v  47.4735 61.5745 -2.1985
v  47.2926 61.9064 2.5598
v  46.8712 60.4042 0.9350
v  45.4957 61.3645 0.8887
v  38.4618 64.3722 0.7902
v  31.0131 68.7569 -1.0958
v  30.2007 67.2378 0.0856
v  32.0534 68.1626 1.4627
v  30.4408 68.4769 1.3867
v  30.9417 68.7720 0.1365
v  31.0622 70.6035 0.1453
v  32.5467 69.3785 0.2433
v  30.6768 69.4000 1.3990
v  53.9271 62.5574 -1.5269
v  54.8750 62.8164 -1.6057
v  54.1254 61.3747 -2.8840
v  52.7094 61.5362 -2.2971
v  61.0305 61.3984 3.0722
v  61.6718 61.3984 3.5348
v  60.7813 60.0418 4.2494
v  63.7008 61.4024 4.2803
v  63.3994 60.6264 4.7913
v  64.5626 60.3418 5.0226
v  63.8026 62.1622 4.8747
v  60.7813 62.7550 4.2494
v  60.5428 61.3984 5.4288
v  61.3150 61.3984 5.2588
v  63.4732 61.4024 5.3799
v  55.7261 60.6264 9.7986
v  53.0572 61.3984 8.5969
v  53.9101 60.0778 7.6905
v  55.4324 61.4024 10.3141
v  56.5186 60.3418 10.6810
v  55.9989 62.1622 10.1071
v  53.9101 62.7155 7.6905
v  54.8600 61.3984 7.0027
v  56.2736 61.4024 9.5702
v  48.3353 62.4604 -1.8516
v  11.7658 1.6315 -0.8560
v  11.8450 2.9373 -0.8583
v  12.1193 1.4689 4.8402
v  11.5041 0.8481 4.8512
v  10.1084 4.5055 -1.1022
v  8.5861 1.3231 10.9898
v  7.6046 -0.1186 11.4528
v  7.6082 -0.0382 10.7917
v  8.9453 1.3231 11.8043
v  7.6053 1.3231 11.3102
v  7.9717 2.7648 11.5490
v  7.6082 2.6845 10.7917
v  6.6319 1.3231 10.5125
v  6.2659 1.3231 11.2754
v  7.2374 2.7648 11.3567
v  -45.9987 62.8363 2.4096
v  -46.4829 64.3514 0.9228
v  -48.2709 64.5123 0.9784
v  -47.3365 62.4180 -0.7477
v  -38.9839 66.1640 0.8149
v  -31.0131 68.7569 -1.0958
v  -30.2007 67.2378 0.0856
v  -30.4408 68.4769 1.3867
v  -38.4618 64.3722 0.7902
v  -45.4957 61.3645 0.8886
v  -46.8712 60.4042 0.9350
v  -47.2926 61.9064 2.5598
v  -47.6763 63.0349 2.5609
v  -54.6548 62.8406 2.6556
v  -54.4665 61.3563 1.6356
v  -54.2496 61.3747 3.9721
v  -54.8794 62.8164 0.6151
v  -47.9442 62.4116 2.5219
v  -54.0091 61.3747 6.5451
v  -54.8453 61.3747 6.8505
v  -53.9867 62.8164 7.3756
v  -50.5415 61.3747 2.7631
v  -56.5186 60.3418 10.6810
v  -55.9989 62.1622 10.1071
v  -55.4324 61.4024 10.3140
v  -53.9101 62.7155 7.6905
v  -53.0572 61.3984 8.5969
v  -54.8600 61.3984 7.0027
v  -56.2736 61.4024 9.5702
v  -55.7261 60.6264 9.7986
v  -53.9101 60.0778 7.6905
v  -63.4732 61.4024 5.3799
v  -64.5626 60.3418 5.0226
v  -63.8026 62.1622 4.8747
v  -63.3994 60.6264 4.7912
v  -60.7813 60.0418 4.2494
v  -61.3150 61.3984 5.2588
v  -60.7813 62.7550 4.2494
v  -60.5428 61.3984 5.4288
v  -61.0305 61.3984 3.0721
v  -61.6718 61.3984 3.5347
v  -63.7008 61.4024 4.2803
v  -47.0962 60.4980 -1.3182
v  -39.1594 63.4148 -2.6433
v  -31.6770 65.4414 -3.1874
v  -29.8926 65.3705 -3.4564
v  -30.5289 67.3804 -5.4666
v  -47.4735 61.5745 -2.1986
v  62.0111 61.3984 -1.7139
v  64.2350 62.1622 -2.8928
v  61.1826 62.7172 -2.5366
v  64.0896 61.4024 -2.3076
v  65.0015 60.3418 -3.0024
v  63.8267 60.6264 -2.8394
v  61.1826 60.0796 -2.5366
v  61.3374 61.3984 -1.2999
v  61.0249 61.3984 -3.6861
v  61.7825 61.3984 -3.4595
v  63.9438 61.4024 -3.4210
v  62.2476 61.3984 1.8757
v  64.6444 62.1622 1.1068
v  61.5195 62.7172 0.9783
v  64.3981 61.4024 1.6573
v  65.4182 60.3418 1.1338
v  64.2330 60.6264 1.0875
v  61.5195 60.0796 0.9783
v  61.5115 61.3984 2.1646
v  61.6241 61.3984 -0.2393
v  62.3300 61.3984 0.1171
v  64.4507 61.4024 0.5356
# 1084 vertices

vn 0.2309 0.0045 -0.9730
vn 0.6714 -0.7404 -0.0322
vn -0.0644 -0.9979 -0.0028
vn 0.2026 0.0884 -0.9753
vn 0.8999 0.4343 -0.0391
vn -0.0123 0.9999 -0.0016
vn -0.0555 0.9985 -0.0029
vn -0.7322 -0.0000 -0.6811
vn -0.6719 -0.0000 0.7406
vn 0.3179 0.0043 0.9481
vn 0.6713 -0.7404 -0.0322
vn 0.2868 0.0868 0.9540
vn -0.0122 0.9999 -0.0016
vn -0.0554 0.9985 -0.0029
vn -0.0933 -0.0059 -0.9956
vn 0.2296 0.9610 0.1543
vn 0.8690 -0.0005 -0.4948
vn -0.2416 0.9685 -0.0612
vn 0.3320 -0.0059 -0.9432
vn 0.2383 0.9704 0.0391
vn -0.2457 0.9662 -0.0778
vn -0.5592 -0.0001 -0.8290
vn -0.8044 -0.0001 0.5940
vn -0.2437 -0.9668 -0.0774
vn 0.1040 -0.0053 0.9946
vn 0.2411 -0.9697 0.0397
vn -0.3715 -0.0078 0.9284
vn -0.2589 -0.9635 -0.0681
vn 0.1750 -0.9750 0.1367
vn 0.4559 -0.0030 0.8900
vn 0.1751 -0.9750 0.1367
vn 0.2383 0.9704 0.0390
vn 0.3948 0.0041 -0.9188
vn 0.6668 -0.7392 0.0947
vn -0.0622 -0.9980 0.0059
vn 0.3693 0.0890 -0.9251
vn 0.8928 0.4343 0.1200
vn -0.0117 0.9999 0.0038
vn -0.0533 0.9986 0.0062
vn -0.6084 0.0000 -0.7936
vn -0.7790 0.0001 0.6270
vn 0.1522 0.0047 0.9883
vn 0.1188 0.0867 0.9891
vn -0.0116 0.9999 0.0037
vn -0.0531 0.9986 0.0063
vn 0.7316 -0.0029 0.6817
vn 0.6602 -0.0030 -0.7511
vn 0.3235 0.9461 -0.0161
vn 0.2715 -0.9623 -0.0135
vn -0.2530 -0.0075 -0.9674
vn -0.2420 -0.9702 0.0121
vn 0.2425 -0.9701 -0.0121
vn 0.1645 -0.0056 -0.9864
vn -0.2696 -0.9629 0.0134
vn -0.7275 -0.0001 -0.6861
vn -0.2716 0.9623 0.0135
vn -0.6556 -0.0001 0.7551
vn 0.2618 -0.0056 0.9651
vn -0.1556 -0.0075 0.9878
vn -0.2248 0.9743 0.0112
vn 0.2401 0.9707 -0.0120
vn 0.8547 -0.0011 0.5192
vn 0.4931 -0.0030 -0.8700
vn 0.2724 0.9532 -0.1312
vn 0.2164 -0.9695 -0.1153
vn -0.4071 -0.0078 -0.9134
vn -0.2454 -0.9673 0.0647
vn 0.2340 -0.9702 -0.0622
vn -0.0026 -0.0054 -1.0000
vn -0.2348 -0.9668 0.1013
vn -0.8594 -0.0000 -0.5113
vn -0.2367 0.9662 0.1018
vn -0.4741 -0.0001 0.8804
vn -0.2348 -0.9668 0.1012
vn 0.4297 -0.0058 0.9030
vn -0.0289 -0.0062 0.9996
vn -0.2266 0.9722 0.0590
vn 0.2312 0.9710 -0.0613
vn -0.2266 0.9722 0.0589
vn 0.2311 0.9710 -0.0613
vn -0.7482 0.0803 -0.6586
vn -0.1515 0.9569 0.2476
vn 0.4862 0.4893 -0.7240
vn -0.9064 0.0501 -0.4194
vn -0.4940 0.6156 0.6140
vn -0.9800 0.0518 -0.1922
vn -0.5393 -0.5681 0.6217
vn -0.0006 -0.9982 0.0598
vn 0.6229 -0.6192 -0.4782
vn 0.4862 0.4892 -0.7241
vn 0.9917 -0.0862 -0.0952
vn -0.0595 -0.9981 -0.0173
vn -0.2274 -0.9574 0.1782
vn 0.5110 -0.8577 0.0568
vn 0.6004 0.5390 0.5907
vn 0.2675 0.9626 0.0429
vn -0.2778 -0.2023 0.9391
vn -0.0594 -0.9981 -0.0173
vn -0.6670 0.3849 0.6380
vn -0.8554 0.5132 0.0705
vn -0.8554 0.5131 0.0705
vn 0.8221 0.1784 -0.5406
vn 0.7972 0.3034 0.5220
vn 0.5889 -0.7778 0.2197
vn 0.1757 -0.0245 0.9841
vn 0.1416 0.0070 0.9899
vn 0.3693 -0.9293 -0.0043
vn 0.8222 0.1784 -0.5406
vn -0.0880 -0.0119 -0.9961
vn 0.6762 -0.7310 -0.0914
vn 0.1159 0.0628 -0.9913
vn -0.5560 -0.5843 -0.5911
vn -0.6046 -0.7963 -0.0176
vn -0.9390 -0.2644 0.2197
vn -0.6959 0.1936 0.6915
vn 0.2349 0.0297 0.9716
vn 0.5508 -0.8346 0.0050
vn -0.0730 -0.0312 -0.9968
vn -0.0564 -0.0164 -0.9983
vn -0.6585 -0.7236 0.2069
vn -0.8631 0.0705 -0.5000
vn -0.9607 -0.2768 0.0201
vn 0.3508 -0.9364 0.0000
vn 0.9125 -0.3604 0.1937
vn 0.3236 0.9462 0.0000
vn 0.3454 0.2202 -0.9122
vn -0.2374 -0.0329 -0.9709
vn -0.6434 0.7656 0.0000
vn 0.0335 -0.0005 0.9994
vn -0.2938 0.9559 -0.0000
vn 0.2933 0.0548 0.9544
vn 0.0001 -0.6447 -0.7644
vn -0.2403 -0.8935 -0.3793
vn 0.2461 -0.6133 -0.7505
vn -0.0001 -0.9849 0.1731
vn -0.7097 -0.1309 0.6922
vn -0.0000 -0.1797 0.9837
vn 0.7097 -0.1309 0.6922
vn 0.2459 -0.8955 -0.3710
vn -0.2456 -0.6270 -0.7392
vn 0.8990 -0.1763 0.4010
vn 0.8000 -0.2686 0.5365
vn 0.8001 -0.2686 0.5365
vn 0.4691 -0.4117 0.7813
vn 0.4690 -0.4116 0.7814
vn 0.4691 -0.4117 0.7814
vn 0.4765 -0.3371 0.8120
vn 0.4766 -0.3370 0.8120
vn 0.1815 -0.3472 0.9201
vn 0.1816 -0.3471 0.9201
vn 0.3681 -0.4226 0.8282
vn 0.3681 -0.4227 0.8282
vn -0.0006 0.9936 -0.1134
vn 0.4400 0.8954 0.0686
vn -0.9264 -0.3765 -0.0079
vn 0.2884 -0.6239 -0.7263
vn -0.9332 -0.0059 0.3592
vn -0.9537 -0.2289 -0.1951
vn -0.9671 0.2457 -0.0660
vn -0.8280 0.3970 -0.3961
vn -0.6488 -0.2123 -0.7307
vn -0.3188 0.5137 -0.7966
vn -0.1786 0.1710 -0.9690
vn 0.2334 -0.0192 -0.9722
vn -0.0539 -0.7553 -0.6531
vn -0.2041 -0.9361 -0.2866
vn -0.8000 -0.2686 0.5365
vn -0.8001 -0.2686 0.5365
vn -0.4765 -0.3371 0.8120
vn -0.4766 -0.3370 0.8120
vn -0.1815 -0.3472 0.9201
vn -0.1816 -0.3471 0.9201
vn -0.4525 0.8903 0.0503
vn -0.4525 0.8904 0.0503
vn -0.1687 0.7943 0.5837
vn -0.9929 -0.1174 -0.0191
vn -0.8875 -0.0769 -0.4543
vn -0.1681 0.9516 0.2572
vn -0.6631 -0.1167 0.7393
vn -0.2071 0.9745 0.0859
vn -0.9004 -0.1256 -0.4165
vn 0.5709 0.1049 -0.8143
vn 0.0181 -0.9862 -0.1649
vn 0.1168 -0.9746 -0.1913
vn 0.2647 -0.9195 0.2907
vn 0.9905 0.1160 0.0743
vn 0.5434 0.0205 0.8392
vn 0.1670 -0.0291 0.9855
vn -0.6433 -0.7656 -0.0000
vn -0.4320 0.1545 -0.8885
vn 0.2933 -0.0548 -0.9544
vn -0.0711 0.9975 -0.0000
vn 0.3428 0.9394 0.0000
vn 0.0335 0.0005 -0.9994
vn -0.6434 -0.7655 -0.0000
vn -0.2938 -0.9559 0.0000
vn -0.2374 0.0329 -0.9709
vn 0.3236 -0.9462 0.0000
vn 0.3454 -0.2202 -0.9122
vn 0.3508 0.9364 0.0000
vn 0.4696 -0.6317 -0.6169
vn 0.8037 -0.5625 0.1944
vn 0.6222 -0.4623 -0.6318
vn 0.6726 -0.6034 0.4284
vn 0.8810 0.3391 0.3299
vn 0.0382 0.5821 0.8122
vn 0.7159 0.4494 -0.5343
vn 0.8904 0.3405 0.3021
vn 0.7881 0.2871 -0.5444
vn 0.4916 -0.4928 0.7179
vn -0.0136 0.8511 0.5248
vn 0.1239 -0.0339 0.9917
vn 0.6359 0.2659 0.7245
vn 0.2655 0.1608 -0.9506
vn -0.3080 0.7941 -0.5240
vn -0.2528 -0.1480 -0.9561
vn 0.1076 -0.4765 -0.8725
vn -0.1044 0.5572 -0.8238
vn 0.5114 -0.4560 0.7284
vn 0.3586 0.0258 0.9331
vn 0.8565 0.0440 0.5143
vn -0.0438 0.0111 0.9990
vn -0.3017 -0.5442 0.7828
vn -0.7116 -0.0359 0.7017
vn -0.1321 0.2004 0.9708
vn -0.4816 0.6143 0.6251
vn -0.0480 0.3533 0.9343
vn 0.1282 0.7745 0.6195
vn 0.0599 0.8996 0.4327
vn 0.6361 0.6361 0.4368
vn 0.5057 0.5510 0.6639
vn 0.6591 0.1950 0.7263
vn -0.0000 0.6984 0.7157
vn 0.4304 0.8001 0.4179
vn 0.7255 0.4225 0.5432
vn 0.7609 0.1913 0.6200
vn 0.6703 0.5965 0.4413
vn -0.0000 0.9463 0.3233
vn -0.0000 0.6878 0.7259
vn -0.0000 0.3527 0.9357
vn 0.1184 0.2040 0.9718
vn 0.4670 0.6106 0.6396
vn 0.6904 -0.0256 0.7230
vn 0.0399 0.3493 0.9361
vn -0.1294 0.7750 0.6185
vn -0.0629 0.9008 0.4296
vn -0.6516 0.6383 0.4098
vn -0.5155 0.5543 0.6535
vn -0.6747 0.1908 0.7130
vn -0.8773 0.0331 0.4788
vn -0.5232 -0.4696 0.7111
vn -0.3670 0.0196 0.9300
vn 0.0393 0.0161 0.9991
vn 0.2941 -0.5349 0.7921
vn -0.7255 0.4225 0.5432
vn -0.7609 0.1913 0.6200
vn -0.6703 0.5965 0.4413
vn -0.4304 0.8001 0.4179
vn -0.8904 0.3405 0.3021
vn -0.8810 0.3391 0.3299
vn -0.9255 -0.3020 0.2285
vn -0.8882 -0.2404 0.3915
vn -0.8990 -0.1763 0.4010
vn -0.4690 -0.4117 0.7814
vn -0.4691 -0.4117 0.7813
vn -0.4691 -0.4117 0.7814
vn -0.3680 -0.4226 0.8282
vn -0.3681 -0.4227 0.8282
vn -0.3681 -0.4226 0.8282
vn -0.0000 0.5386 0.8425
vn -0.3600 0.4392 0.8231
vn -0.4031 0.4929 0.7711
vn 0.0000 0.4708 0.8823
vn -0.3141 0.3822 0.8691
vn 0.0000 0.4025 0.9154
vn 0.3141 0.3822 0.8691
vn 0.3600 0.4392 0.8231
vn 0.4031 0.4929 0.7711
vn 0.4608 -0.3872 0.7986
vn 0.6275 0.0641 0.7760
vn -0.0001 0.0648 0.9979
vn 0.1225 -0.8906 0.4379
vn 0.9977 0.0646 0.0185
vn 0.0144 -0.9998 -0.0162
vn -0.9315 -0.0584 -0.3589
vn -0.9963 -0.0659 0.0560
vn -0.0774 -0.9867 -0.1427
vn -0.6589 -0.0631 0.7496
vn -0.9139 -0.0615 -0.4012
vn 0.5664 0.0565 -0.8222
vn -0.0404 0.9930 0.1112
vn 0.0520 0.9260 0.3739
vn 0.3893 0.4853 0.7829
vn -0.0000 0.0648 0.9979
vn 0.0000 0.0648 0.9979
vn -0.0000 0.2912 0.9567
vn -0.3893 0.4854 0.7829
vn 0.3893 0.4854 0.7829
vn 0.6538 0.0980 0.7503
vn 0.5696 0.3167 0.7584
vn -0.0000 -0.1035 0.9946
vn 0.2553 0.9648 0.0627
vn 0.9994 0.0276 -0.0193
vn 0.1190 0.9875 -0.1035
vn -0.9386 -0.0411 -0.3425
vn -0.9968 -0.0228 0.0765
vn 0.0253 0.9919 0.1244
vn -0.6383 -0.0261 0.7693
vn -0.8521 0.1460 -0.5026
vn -0.2367 -0.9708 -0.0387
vn -0.6868 0.1097 0.7185
vn 0.5952 -0.0400 -0.8026
vn 0.9993 0.0059 -0.0382
vn -0.6566 0.1837 0.7316
vn 0.1072 -0.6610 0.7427
vn -0.3047 0.2532 0.9182
vn 0.1469 -0.9373 0.3160
vn -0.9993 0.0059 -0.0382
vn 0.2367 -0.9708 -0.0387
vn -0.9784 -0.1833 -0.0961
vn 0.0000 0.1818 -0.9833
vn -0.9765 0.1865 -0.1078
vn 0.0000 -0.2770 -0.9609
vn 0.9784 -0.1832 -0.0961
vn 0.9765 0.1865 -0.1078
vn 0.0000 -0.0347 0.9994
vn -0.0000 0.1636 0.9865
vn -0.1036 0.7444 0.6597
vn -0.2417 -0.2159 0.9460
vn 0.7043 0.3088 0.6392
vn -0.9566 0.0599 -0.2852
vn -0.4591 0.8832 0.0965
vn 0.6750 0.5683 0.4706
vn 0.6739 0.4904 0.5527
vn 0.0352 0.9460 -0.3224
vn -0.5995 -0.0167 -0.8002
vn -0.9404 -0.2890 -0.1793
vn -0.4833 -0.6947 0.5327
vn 0.3898 -0.4127 0.8233
vn -0.5245 0.7134 0.4647
vn 0.9481 0.1813 0.2613
vn 0.5817 0.2058 0.7869
vn 0.0002 0.6501 0.7599
vn -0.0453 0.8681 -0.4943
vn -0.0203 0.0197 -0.9996
vn -0.4909 -0.7011 -0.5171
vn 0.1818 -0.8381 0.5143
vn 0.6541 -0.0560 0.7544
vn 0.0500 -0.5334 0.8444
vn 0.0094 -0.8879 -0.4599
vn 0.4995 -0.6859 -0.5292
vn 0.5912 0.0679 -0.8037
vn -0.0817 0.9645 -0.2513
vn -0.6724 0.4920 0.5530
vn 0.4441 0.8886 0.1149
vn 0.9562 0.0858 -0.2799
vn 0.9392 -0.2880 -0.1868
vn 0.4811 -0.6958 0.5333
vn -0.1832 -0.8393 0.5119
vn -0.0499 -0.5361 0.8427
vn -0.0000 -0.9344 0.3561
vn -0.9897 -0.0729 -0.1236
vn 0.0005 0.5007 0.8656
vn -0.5785 0.2063 0.7891
vn -0.9466 0.1842 0.2647
vn -0.7042 0.3087 0.6393
vn -0.6742 0.5693 0.4704
vn 0.1036 0.7444 0.6596
vn 0.2417 -0.2159 0.9460
vn -0.3893 -0.4114 0.8242
vn -0.6525 -0.0550 0.7558
vn 0.9666 0.1240 -0.2244
vn 0.5245 0.7134 0.4647
vn -0.9666 0.1240 -0.2244
vn -0.9802 0.0586 -0.1892
vn -0.0066 0.0826 -0.9966
vn 0.1504 -0.1446 -0.9780
vn -0.9247 -0.3725 -0.0785
vn -0.9876 0.0192 -0.1559
vn -0.3656 0.4319 0.8245
vn -0.0861 0.1934 0.9773
vn -0.1256 0.2289 0.9653
vn -0.0861 0.1933 0.9773
vn -0.8728 0.4047 -0.2729
vn 0.1203 -0.1883 -0.9747
vn -0.2890 -0.8062 -0.5163
vn -0.5533 -0.5512 0.6246
vn -0.9744 0.1234 -0.1879
vn -0.9802 -0.0586 0.1892
vn -0.1256 -0.2289 -0.9653
vn -0.0861 -0.1934 -0.9773
vn -0.8728 -0.4047 0.2729
vn 0.1505 0.1446 0.9780
vn 0.1202 0.1883 0.9747
vn -0.2890 0.8062 0.5163
vn -0.5533 0.5512 -0.6245
vn -0.9744 -0.1234 0.1879
vn 0.9929 -0.0861 0.0822
vn 0.9972 -0.0343 0.0660
vn 0.1505 -0.1447 -0.9780
vn -0.0067 0.0826 -0.9966
vn 0.4148 0.8899 -0.1897
vn -0.0432 0.9672 -0.2505
vn -0.2940 -0.2305 -0.9276
vn -0.9872 0.1505 0.0532
vn -0.0321 0.2212 -0.9747
vn -0.9580 -0.2865 0.0136
vn -0.0322 -0.2213 0.9747
vn 0.9977 0.0480 0.0479
vn -0.2940 0.2305 0.9276
vn 0.9944 0.0804 0.0681
vn 0.0423 0.1590 -0.9864
vn -0.2233 0.5612 -0.7970
vn 0.7950 0.5945 0.1203
vn 0.0098 0.7407 0.6717
vn 0.9834 -0.0086 0.1815
vn 0.0028 0.9742 0.2256
vn 0.9622 -0.0881 0.2576
vn 0.0141 -0.4343 0.9007
vn 0.0002 -0.9998 0.0177
vn 0.0029 -0.9716 0.2365
vn -0.9786 -0.0086 0.2055
vn -0.9538 -0.0904 0.2865
vn 0.0029 -0.9716 0.2364
vn 0.0003 -0.9998 0.0177
vn 0.1134 0.7376 0.6657
vn 0.9995 -0.0121 0.0296
vn 0.0384 0.9728 0.2286
vn 0.9902 -0.0897 0.1072
vn 0.1524 -0.4343 0.8878
vn 0.0030 -0.9998 0.0174
vn 0.0392 -0.9716 0.2332
vn -0.9349 -0.0121 0.3547
vn 0.1134 0.7375 0.6657
vn -0.8981 -0.0920 0.4301
vn 0.0029 -0.9998 0.0175
vn -0.8429 -0.0086 0.5380
vn 0.2464 0.7407 0.6250
vn 0.0823 0.9742 0.2101
vn -0.7911 -0.0904 0.6049
vn 0.0862 -0.9716 0.2203
vn 0.0065 -0.9998 0.0165
vn 0.3313 -0.4343 0.8376
vn 0.9841 -0.0086 -0.1775
vn 0.9912 -0.0881 -0.0989
vn -0.1947 -0.8769 -0.4395
vn 0.8462 -0.0200 -0.5324
vn 0.9935 -0.0008 -0.1136
vn -0.1945 0.8667 -0.4592
vn 0.8468 -0.0298 -0.5311
vn -0.0751 -0.9812 -0.1780
vn 0.8400 -0.4372 0.3213
vn 0.9555 -0.0288 0.2935
vn 0.5222 0.0830 0.8488
vn 0.2719 0.5540 0.7869
vn 0.0063 0.9995 0.0295
vn -0.9896 -0.0330 0.1399
vn -0.1946 0.8667 -0.4592
vn -0.8657 0.0079 0.5004
vn -0.2642 -0.0563 0.9628
vn 0.6160 0.4755 0.6281
vn -0.1749 -0.5169 0.8380
vn -0.9991 -0.0097 0.0421
vn -0.0754 -0.8790 -0.4708
vn 0.9132 -0.0305 -0.4064
vn 0.9991 0.0030 0.0419
vn -0.0735 0.8599 -0.5052
vn 0.9401 -0.0300 -0.3396
vn -0.0754 -0.8790 -0.4707
vn -0.0263 -0.9848 -0.1719
vn 0.6802 -0.4435 0.5836
vn 0.7950 -0.0338 0.6057
vn 0.1652 0.0836 0.9827
vn -0.0599 0.5029 0.8623
vn 0.0094 0.9997 0.0242
vn -0.9995 -0.0269 -0.0184
vn -0.0735 0.8598 -0.5053
vn -0.9323 0.0115 0.3616
vn -0.5533 -0.0338 0.8323
vn 0.3385 0.5028 0.7953
vn -0.4520 -0.4435 0.7740
vn -0.0263 -0.9848 -0.1720
vn -0.9946 -0.0210 -0.1014
vn 0.9652 -0.0120 -0.2612
vn 0.9805 0.0031 0.1966
vn 0.0599 -0.8757 -0.4791
vn 0.0617 0.8669 -0.4947
vn -0.9679 -0.0122 -0.2510
vn -0.9778 0.0035 0.2096
vn -0.4468 -0.5681 0.6911
vn -0.7691 0.5897 -0.2463
vn -0.6750 -0.5623 -0.4776
vn -0.5056 0.4384 0.7431
vn 0.1621 -0.5371 0.8278
vn 0.1660 0.5700 0.8047
vn -0.7692 0.5897 -0.2463
vn -0.2124 0.6457 -0.7335
vn -0.1390 -0.6633 -0.7353
vn 0.1622 -0.5371 0.8278
vn 0.5037 -0.3160 -0.8040
vn 0.6855 -0.1958 0.7013
vn -0.0048 -0.7067 0.7075
vn 0.0542 -0.8384 -0.5423
vn 0.8719 -0.2901 0.3944
vn 0.0016 -0.8445 -0.5356
vn 0.0101 -0.0073 -0.9999
vn 0.0639 -0.8630 -0.5012
vn 0.0017 -0.8445 -0.5356
vn -0.9959 0.0850 0.0307
vn -0.8483 -0.4339 0.3036
vn -0.0966 -0.1103 0.9892
vn -0.1847 -0.1068 0.9770
vn -0.2676 -0.0799 0.9602
vn 0.8720 0.2901 -0.3944
vn 0.9561 -0.2587 -0.1375
vn -0.0048 0.7067 -0.7075
vn 0.0541 0.8384 0.5423
vn 0.0101 0.0073 0.9999
vn 0.0423 -0.1590 0.9864
vn 0.9944 -0.0804 -0.0681
vn -0.0321 0.2213 -0.9747
vn -0.0048 0.7066 -0.7076
vn -0.9176 0.3837 0.1036
vn -0.0649 0.9576 0.2808
vn -0.9176 0.3837 0.1037
vn 0.7558 0.5573 0.3439
vn 0.7558 0.5573 0.3438
vn 0.0022 -0.9989 -0.0464
vn 0.9822 0.0344 0.1846
vn 0.0617 -0.8669 0.4947
vn 0.5647 0.0563 -0.8234
vn -0.3766 -0.4754 -0.7951
vn -0.1649 -0.0901 -0.9822
vn 0.4394 0.5169 -0.7346
vn 0.0161 0.9831 0.1826
vn 0.0599 0.8757 0.4791
vn 0.9805 -0.0031 -0.1966
vn 0.9652 0.0120 0.2612
vn -0.9679 0.0122 0.2510
vn -0.9778 -0.0035 -0.2096
vn -0.9777 0.0285 0.2081
vn 0.0160 0.9831 0.1826
vn -0.6274 0.4496 -0.6358
vn -0.7461 0.0152 -0.6657
vn 0.0706 -0.5446 -0.8357
vn 0.6872 -0.7074 0.1652
vn 0.0094 -0.9997 -0.0242
vn 0.9401 0.0300 0.3396
vn -0.0735 -0.8598 0.5053
vn 0.7950 0.0338 -0.6057
vn -0.0599 -0.5028 -0.8623
vn 0.1652 -0.0836 -0.9827
vn 0.6802 0.4435 -0.5836
vn -0.0263 0.9848 0.1719
vn -0.0754 0.8790 0.4708
vn 0.9991 -0.0030 -0.0420
vn 0.9132 0.0305 0.4064
vn -0.9946 0.0210 0.1014
vn -0.9323 -0.0115 -0.3616
vn -0.9995 0.0269 0.0184
vn -0.4520 0.4435 -0.7739
vn -0.5533 0.0338 -0.8323
vn 0.3385 -0.5028 -0.7954
vn 0.1956 0.0211 -0.9804
vn 0.2062 0.0423 -0.9776
vn 0.2062 0.0422 -0.9776
vn 0.1956 0.0211 -0.9805
vn 0.1850 -0.0000 -0.9827
vn -0.9931 0.1169 0.0086
vn -0.8757 -0.4778 0.0695
vn -0.8757 -0.4779 0.0694
vn -0.3503 -0.0637 0.9345
vn -0.2713 -0.1025 0.9570
vn -0.4265 -0.0243 0.9042
vn 0.0063 -0.9995 -0.0295
vn 0.8468 0.0298 0.5311
vn -0.1946 -0.8668 0.4592
vn 0.9556 0.0281 -0.2935
vn 0.2718 -0.5540 -0.7869
vn 0.5222 -0.0830 -0.8488
vn 0.8400 0.4372 -0.3213
vn -0.0751 0.9812 0.1781
vn -0.1947 0.8769 0.4395
vn 0.9935 0.0008 0.1136
vn 0.8462 0.0200 0.5324
vn -0.9991 0.0097 -0.0421
vn -0.8657 -0.0079 -0.5005
vn -0.9896 0.0330 -0.1400
vn -0.0751 0.9812 0.1780
vn -0.1749 0.5169 -0.8380
vn -0.2642 0.0563 -0.9628
vn 0.6159 -0.4755 -0.6282
vn -0.1945 -0.8668 0.4592
vn -0.8429 0.0086 -0.5380
vn 0.2464 -0.7407 -0.6250
vn 0.0823 -0.9742 -0.2101
vn -0.7911 0.0904 -0.6049
vn 0.0863 0.9716 -0.2202
vn 0.0065 0.9998 -0.0165
vn 0.3313 0.4343 -0.8376
vn 0.9841 0.0086 0.1775
vn 0.0822 -0.9742 -0.2100
vn 0.9912 0.0881 0.0989
vn 0.0064 0.9998 -0.0165
vn 0.0862 0.9716 -0.2202
vn 0.1135 -0.7375 -0.6657
vn 0.9995 0.0121 -0.0296
vn 0.0384 -0.9728 -0.2286
vn 0.9902 0.0897 -0.1072
vn 0.1523 0.4342 -0.8878
vn 0.0030 0.9998 -0.0175
vn 0.0392 0.9716 -0.2332
vn -0.9349 0.0121 -0.3547
vn 0.1134 -0.7375 -0.6657
vn -0.8981 0.0920 -0.4301
vn 0.1523 0.4343 -0.8878
vn -0.9786 0.0086 -0.2055
vn 0.0098 -0.7407 -0.6717
vn 0.0028 -0.9742 -0.2255
vn -0.9538 0.0904 -0.2865
vn 0.0029 0.9716 -0.2365
vn 0.0002 0.9998 -0.0178
vn 0.0141 0.4343 -0.9007
vn 0.0097 -0.7407 -0.6718
vn 0.9834 0.0086 -0.1815
vn 0.9622 0.0881 -0.2576
vn 0.0002 0.9998 -0.0177
vn -0.0000 -0.3996 0.9167
vn 0.0000 -0.1036 0.9946
vn -0.3027 -0.4453 0.8427
vn 0.3027 -0.4453 0.8427
vn 0.9316 -0.0584 -0.3589
vn 0.0404 0.9930 0.1112
vn -0.0520 0.9260 0.3739
vn 0.9962 -0.0659 0.0561
vn 0.6589 -0.0631 0.7496
vn 0.1167 0.9908 0.0679
vn 0.9139 -0.0615 -0.4012
vn -0.5664 0.0565 -0.8222
vn 0.9626 0.2558 -0.0888
vn -0.0000 -0.3490 0.9371
vn 0.0000 0.2127 0.9771
vn 0.9624 -0.2189 -0.1610
vn -0.0909 -0.2724 -0.9579
vn -0.4551 -0.8258 0.3331
vn -0.9640 -0.2091 0.1640
vn 0.6100 -0.2074 -0.7648
vn 0.5738 0.1961 -0.7952
vn 0.6104 -0.5624 0.5577
vn -0.3343 0.0375 0.9417
vn -0.8942 0.4187 0.1585
vn -0.1151 0.3321 -0.9362
vn -0.4778 0.8480 0.2295
vn 0.4903 0.6964 0.5240
vn 0.9742 -0.1950 -0.1137
vn -0.0000 0.0655 -0.9979
vn -0.0000 -0.2642 -0.9645
vn 0.9829 0.1442 -0.1145
vn 0.9726 -0.2162 -0.0853
vn 0.0000 -0.0685 -0.9976
vn 0.0000 -0.4001 -0.9165
vn 0.9838 0.1298 -0.1236
vn 0.7972 -0.3034 -0.5220
vn 0.8221 -0.1784 0.5406
vn 0.1757 0.0245 -0.9841
vn 0.5918 0.7750 -0.2216
vn 0.1416 -0.0070 -0.9899
vn 0.0646 0.9976 -0.0246
vn -0.0564 0.0164 0.9983
vn -0.0122 0.0039 0.9999
vn 0.2970 0.7707 -0.5638
vn 0.4586 -0.1456 -0.8766
vn 0.6137 0.7844 -0.0899
vn 0.6546 -0.4646 0.5963
vn 0.5140 0.8418 0.1648
vn 0.9950 -0.0632 0.0774
vn -0.2274 0.9574 -0.1782
vn 0.7272 -0.4257 0.5384
vn 0.2675 -0.9626 -0.0429
vn 0.9917 0.0862 0.0952
vn 0.7455 0.6640 0.0573
vn -0.2275 0.9573 -0.1782
vn -0.8554 -0.5131 -0.0705
vn -0.6470 0.0107 0.7624
vn -0.0006 0.9982 -0.0598
vn 0.4861 -0.0215 -0.8736
vn -0.5393 0.5681 -0.6217
vn 0.7302 -0.0959 -0.6765
vn 0.2516 0.5021 0.8274
vn 0.4862 -0.4893 0.7240
vn -0.1515 -0.9570 -0.2475
vn -0.4940 -0.6156 -0.6140
vn 0.2385 -0.0093 -0.9711
vn -0.7482 -0.0803 0.6586
vn -0.1515 -0.9569 -0.2476
vn -0.9065 -0.0501 0.4193
vn -0.9800 -0.0518 0.1922
vn -0.0007 0.9982 -0.0597
vn 0.6228 0.6192 0.4782
vn -0.8594 0.0000 0.5112
vn -0.4741 0.0001 -0.8805
vn -0.2367 -0.9662 -0.1018
vn -0.2348 0.9667 -0.1012
vn 0.4297 0.0058 -0.9030
vn 0.2340 0.9703 0.0622
vn -0.2454 0.9673 -0.0647
vn -0.0289 0.0062 -0.9996
vn 0.2163 0.9695 0.1153
vn 0.8547 0.0011 -0.5192
vn 0.2724 -0.9532 0.1312
vn 0.4931 0.0031 0.8700
vn 0.2164 0.9695 0.1153
vn -0.4070 0.0078 0.9134
vn 0.2340 0.9702 0.0622
vn -0.0026 0.0054 1.0000
vn -0.2348 0.9668 -0.1012
vn 0.2311 -0.9710 0.0613
vn -0.2266 -0.9722 -0.0589
vn 0.2312 -0.9710 0.0613
vn -0.7275 0.0001 0.6861
vn -0.6556 0.0001 -0.7551
vn -0.2716 -0.9623 -0.0135
vn -0.2696 0.9629 -0.0135
vn 0.2619 0.0056 -0.9651
vn 0.2425 0.9701 0.0121
vn -0.2420 0.9702 -0.0121
vn -0.1555 0.0075 -0.9878
vn 0.2715 0.9623 0.0135
vn 0.7316 0.0030 -0.6817
vn 0.3235 -0.9461 0.0162
vn 0.6602 0.0030 0.7511
vn 0.2715 0.9623 0.0136
vn -0.2531 0.0075 0.9674
vn 0.1646 0.0056 0.9864
vn 0.2401 -0.9707 0.0120
vn -0.2248 -0.9743 -0.0112
vn 0.3235 -0.9461 0.0161
vn 0.2383 -0.9704 -0.0390
vn 0.3320 0.0059 0.9433
vn -0.2456 -0.9662 0.0778
vn -0.2416 -0.9684 0.0612
vn -0.0933 0.0059 0.9956
vn 0.2295 -0.9610 -0.1543
vn 0.8690 0.0004 0.4949
vn 0.1040 0.0053 -0.9946
vn -0.2457 -0.9662 0.0778
vn -0.8044 0.0001 -0.5940
vn -0.3715 0.0078 -0.9284
vn -0.2416 -0.9685 0.0612
vn 0.2296 -0.9610 -0.1543
vn 0.4559 0.0031 -0.8900
vn 0.1750 0.9750 -0.1366
vn -0.2589 0.9635 0.0681
vn 0.2411 0.9697 -0.0397
vn -0.2437 0.9668 0.0774
vn -0.5592 0.0001 0.8290
vn -0.2437 0.9667 0.0774
vn -0.2590 0.9635 0.0681
vn 0.1751 0.9750 -0.1367
vn 0.3080 0.7941 -0.5240
vn 0.2528 -0.1480 -0.9561
vn -0.2655 0.1608 -0.9506
vn -0.1076 -0.4765 -0.8725
vn -0.7881 0.2871 -0.5445
vn -0.4916 -0.4928 0.7179
vn -0.7159 0.4494 -0.5343
vn -0.4963 0.6164 -0.6114
vn -0.5286 -0.1786 -0.8299
vn -0.1459 0.9121 -0.3831
vn 0.0136 0.8511 0.5248
vn -0.6359 0.2659 0.7245
vn -0.1239 -0.0339 0.9917
vn -0.6726 -0.6034 0.4284
vn -0.4695 -0.6316 -0.6169
vn 0.1044 0.5572 -0.8238
vn -0.0382 0.5821 0.8123
vn -0.0711 -0.9975 0.0000
vn 0.2933 0.0548 -0.9544
vn 0.3428 -0.9394 -0.0000
vn 0.0335 -0.0005 -0.9994
vn 0.3236 0.9462 -0.0000
vn 0.9125 -0.3604 -0.1937
vn 0.3454 0.2202 0.9122
vn -0.2374 -0.0330 0.9708
vn -0.4320 -0.1545 0.8885
vn -0.6434 0.7656 -0.0000
vn -0.4321 -0.1545 -0.8885
vn -0.0181 -0.9862 -0.1649
vn -0.1168 -0.9746 -0.1913
vn -0.5709 0.1049 -0.8143
vn -0.9905 0.1160 0.0743
vn 0.2071 0.9745 0.0859
vn 0.1681 0.9516 0.2572
vn -0.5434 0.0205 0.8392
vn 0.1687 0.7943 0.5837
vn -0.1670 -0.0291 0.9855
vn -0.2647 -0.9195 0.2907
vn 0.8875 -0.0769 -0.4543
vn 0.9929 -0.1174 -0.0191
vn 0.6631 -0.1167 0.7393
vn 0.9004 -0.1256 -0.4165
vn 0.5560 0.7974 0.2345
vn -0.3893 0.4853 0.7829
vn -0.6275 0.0641 0.7760
vn -0.9977 0.0646 0.0185
vn -0.0144 -0.9998 -0.0162
vn 0.0774 -0.9867 -0.1427
vn 0.9963 -0.0659 0.0561
vn 0.9315 -0.0584 -0.3589
vn -0.1225 -0.8906 0.4379
vn -0.4608 -0.3872 0.7986
vn -0.6538 0.0980 0.7503
vn -0.3027 -0.4453 0.8426
vn 0.0000 -0.1035 0.9946
vn 0.0289 -0.7536 0.6567
vn -0.9994 0.0276 -0.0193
vn 0.1304 -0.9759 0.1751
vn 0.2104 -0.9596 -0.1870
vn -0.9467 0.2943 -0.1309
vn -0.9838 0.1298 -0.1236
vn 0.0000 0.1334 -0.9911
vn 0.9467 0.2943 -0.1310
vn 0.0000 0.3399 0.9405
vn 0.0000 0.4326 0.9016
vn -0.0000 0.0635 0.9980
vn -0.9726 -0.2162 -0.0854
vn -0.0000 -0.1166 0.9932
vn -0.9254 -0.3745 -0.0571
vn -0.9742 -0.1950 -0.1137
vn -0.9829 0.1442 -0.1145
vn -0.9298 -0.3520 -0.1077
vn 0.0000 -0.3733 -0.9277
vn 0.9298 -0.3520 -0.1077
vn 0.0000 -0.2702 0.9628
vn 0.0000 -0.0717 0.9974
vn -0.0000 0.2162 0.9763
vn -0.9461 0.3050 -0.1092
vn 0.0000 0.2747 -0.9615
vn 0.9461 0.3049 -0.1092
vn -0.0000 0.3001 0.9539
vn -0.9829 0.1442 -0.1144
vn -0.9298 -0.3520 -0.1078
vn -0.9626 0.2558 -0.0888
vn -0.0000 0.4558 -0.8901
vn -0.8799 0.4718 -0.0568
vn 0.0000 0.2550 -0.9670
vn -0.9624 -0.2189 -0.1610
vn 0.0000 -0.0919 -0.9958
vn -0.8855 -0.4225 -0.1935
vn 0.0000 -0.2180 -0.9760
vn 0.8854 -0.4226 -0.1935
vn -0.0000 -0.6205 0.7842
vn -0.8678 0.4949 0.0451
vn -0.9559 0.2922 -0.0291
vn 0.0000 0.7001 -0.7140
vn 0.0000 0.5191 -0.8547
vn 0.9559 0.2922 -0.0291
vn 0.8678 0.4949 0.0451
vn -0.0000 0.1811 0.9835
vn -0.0000 -0.0317 0.9995
vn -0.8798 0.4719 -0.0568
vn 0.0000 0.4211 0.9070
vn 0.8798 0.4719 -0.0568
vn -0.7435 0.6616 0.0977
vn 0.0000 0.7920 -0.6105
vn 0.7435 0.6616 0.0978
vn 0.0000 0.4489 0.8936
vn -0.7435 0.6616 0.0978
vn -0.0000 0.9725 0.2331
vn -0.4447 -0.5553 -0.7028
vn -0.0000 -0.1875 -0.9823
vn -0.0000 -0.6212 -0.7837
vn -0.6222 -0.4623 -0.6318
vn -0.8037 -0.5625 0.1944
vn -0.8490 -0.5136 0.1245
vn -0.5853 -0.7623 0.2761
vn -0.7180 -0.3273 0.6143
vn -0.3453 -0.8978 0.2734
vn -0.0000 -0.9884 0.1518
vn 0.0000 -0.9696 0.2448
vn 0.3453 -0.8978 0.2734
vn 0.5853 -0.7623 0.2761
vn 0.7180 -0.3273 0.6143
vn 0.8882 -0.2404 0.3915
vn 0.8490 -0.5136 0.1245
vn 0.9255 -0.3020 0.2285
vn 0.6014 0.5603 0.5696
vn -0.0000 0.3977 0.9175
vn 0.0000 -0.4322 0.9018
vn -0.6014 0.5603 0.5696
vn -0.1335 0.9438 0.3024
vn -0.0000 0.9514 0.3080
vn 0.1335 0.9438 0.3024
vn -0.0101 0.2770 0.9608
vn 0.0289 0.2770 0.9604
vn 0.2861 0.9404 0.1840
vn 0.1459 0.9121 -0.3831
vn 0.4963 0.6164 -0.6114
vn 0.5286 -0.1786 -0.8299
vn 0.4447 -0.5553 -0.7028
vn 0.0000 -0.1875 -0.9823
vn 0.0000 -0.6212 -0.7837
vn -0.0000 0.6077 -0.7941
vn -0.0000 0.9367 -0.3502
vn 0.0000 1.0000 -0.0067
vn 0.0000 0.6984 0.7157
vn -0.0461 0.2628 0.9637
vn 0.0374 0.2273 0.9731
vn 0.0482 0.2619 0.9639
vn 0.0557 0.2669 0.9621
vn -0.0356 0.2931 0.9554
vn -0.0222 0.2225 0.9747
vn -0.0346 0.2267 0.9733
vn 0.0116 0.2740 0.9617
vn -0.0298 0.2746 0.9611
vn 0.0187 0.2219 0.9749
vn 0.0324 0.2955 0.9548
vn -0.0555 0.2690 0.9615
vn 0.0000 0.6077 -0.7941
vn 0.0000 0.9367 -0.3502
vn -0.0000 1.0000 -0.0067
vn -0.2861 0.9404 0.1840
vn -0.5782 0.7874 0.2135
vn 0.9537 -0.2289 -0.1951
vn 0.2040 -0.9361 -0.2866
vn 0.6488 -0.2123 -0.7307
vn 0.0538 -0.7553 -0.6531
vn -0.2334 -0.0192 -0.9722
vn 0.1786 0.1710 -0.9690
vn 0.3188 0.5137 -0.7966
vn 0.8280 0.3970 -0.3961
vn 0.9671 0.2457 -0.0660
vn 0.9332 -0.0059 0.3592
vn 0.9260 -0.3775 -0.0071
vn -0.2706 -0.6332 -0.7252
vn -0.9316 -0.0584 -0.3589
vn -0.9963 -0.0659 0.0561
vn -0.1167 0.9908 0.0679
vn -0.9386 -0.0410 -0.3425
vn -0.0289 -0.7536 0.6567
vn -0.1304 -0.9759 0.1751
vn -0.0000 -0.1036 0.9946
vn -0.5696 0.3167 0.7584
vn -0.2553 0.9648 0.0627
vn -0.1190 0.9875 -0.1035
vn 0.9386 -0.0411 -0.3425
vn 0.9968 -0.0228 0.0765
vn -0.0253 0.9919 0.1244
vn 0.6383 -0.0261 0.7693
vn -0.9726 -0.2162 -0.0853
vn -0.9254 -0.3746 -0.0571
vn 0.0000 -0.5224 -0.8527
vn 0.9254 -0.3745 -0.0572
vn 0.9265 -0.0137 -0.3759
vn -0.5446 0.0215 -0.8384
vn 0.6383 -0.0260 0.7693
vn 0.9386 -0.0410 -0.3425
vn -0.3387 0.9380 -0.0739
vn -0.3048 0.2532 0.9182
vn -0.1570 0.9497 -0.2710
vn 0.9162 0.0406 -0.3986
vn 0.9927 0.1116 0.0461
vn -0.0713 0.9956 -0.0616
vn 0.6868 0.1097 0.7185
vn 0.8521 0.1460 -0.5026
vn -0.5952 -0.0400 -0.8026
vn 0.9927 0.1115 0.0461
vn -0.9204 0.3798 -0.0931
vn 0.0000 0.3908 -0.9205
vn 0.9204 0.3798 -0.0931
vn 0.0000 0.3125 0.9499
vn -0.9204 0.3797 -0.0930
vn -0.9784 -0.1832 -0.0960
vn -0.9385 -0.3377 -0.0714
vn -0.0000 -0.0755 0.9971
vn 0.9385 -0.3377 -0.0714
vn 0.0000 -0.4864 -0.8737
vn 0.0000 -0.3626 -0.9319
vn -0.9739 -0.1999 -0.1073
vn -0.9236 -0.3717 -0.0938
vn 0.0000 -0.1264 -0.9920
vn 0.9739 -0.1999 -0.1073
vn 0.9236 -0.3718 -0.0938
vn 0.0000 -0.2510 0.9680
vn 0.0000 -0.3290 0.9443
vn -0.9236 -0.3718 -0.0938
vn -0.7965 -0.6041 -0.0246
vn 0.0000 -0.6077 0.7942
vn 0.0000 -0.9984 0.0570
vn 0.7966 -0.6041 -0.0246
vn -0.0000 -0.5168 -0.8561
vn 0.9897 -0.0729 -0.1236
vn -0.0000 -0.2892 0.9573
vn -0.9666 0.1240 -0.2245
vn 0.0000 0.5685 -0.8227
vn 0.0000 0.5134 -0.8582
vn 0.9666 0.1240 -0.2245
vn 0.0000 0.9231 0.3846
vn 0.1203 0.1883 0.9747
vn -0.2532 0.9103 0.3275
vn 0.9050 0.4033 -0.1353
vn -0.3151 0.6647 -0.6774
vn 0.9884 -0.1516 -0.0129
vn 0.9972 0.0343 -0.0660
vn -0.3656 -0.4319 -0.8245
vn -0.9247 0.3725 0.0785
vn -0.9876 -0.0192 0.1559
vn -0.0067 -0.0827 0.9966
vn 0.1504 0.1446 0.9780
vn -0.7247 0.5049 0.4689
vn -0.7491 -0.2822 0.5994
vn -0.4475 0.1367 0.8838
vn 0.0704 -0.6404 0.7648
vn 0.5748 0.1225 0.8091
vn 0.8169 -0.2853 0.5013
vn 0.7846 0.4733 0.4006
vn 0.0482 0.7974 0.6015
vn -0.0432 -0.9672 0.2505
vn 0.4148 -0.8899 0.1897
vn -0.8309 0.5544 0.0474
vn -0.1866 0.9135 -0.3615
vn -0.8830 0.4692 0.0152
vn -0.2263 0.7648 0.6032
vn -0.9580 0.2865 -0.0136
vn -0.9872 -0.1505 -0.0532
vn -0.0321 -0.2213 0.9747
vn -0.9872 -0.1505 -0.0531
vn -0.0321 -0.2212 0.9747
vn 0.0423 0.1591 -0.9864
vn 0.9929 0.0861 -0.0822
vn -0.3656 -0.4320 -0.8245
vn -0.8309 -0.5544 -0.0474
vn 0.7950 -0.5945 -0.1202
vn -0.1866 -0.9135 0.3615
vn -0.2233 -0.5612 0.7970
vn -0.8830 -0.4691 -0.0152
vn -0.2264 -0.7648 -0.6032
vn -0.9959 -0.0850 -0.0307
vn 0.0639 0.8630 0.5011
vn 0.0017 0.8445 0.5356
vn -0.0047 0.7067 -0.7075
vn -0.8483 0.4339 -0.3036
vn 0.9977 -0.0480 -0.0479
vn 0.5748 -0.1224 -0.8091
vn 0.0703 0.6404 -0.7648
vn 0.8169 0.2853 -0.5013
vn -0.4475 -0.1367 -0.8838
vn -0.7491 0.2822 -0.5994
vn -0.7247 -0.5049 -0.4689
vn 0.0482 -0.7974 -0.6015
vn 0.7846 -0.4733 -0.4006
vn 0.9884 0.1516 0.0129
vn 0.9050 -0.4033 0.1353
vn -0.3151 -0.6647 0.6774
vn -0.2532 -0.9103 -0.3275
vn 0.1505 -0.1446 -0.9780
vn 0.1570 0.9497 -0.2710
vn -0.9927 0.1116 0.0461
vn -0.9162 0.0406 -0.3986
vn 0.0712 0.9956 -0.0616
vn 0.3387 0.9380 -0.0739
vn -0.9927 0.1115 0.0461
vn -0.1072 -0.6610 0.7427
vn -0.1469 -0.9373 0.3160
vn 0.6566 0.1837 0.7316
vn 0.3047 0.2532 0.9182
vn 0.3048 0.2532 0.9182
vn -0.6383 -0.0260 0.7693
vn -0.2104 -0.9596 -0.1870
vn 0.5446 0.0215 -0.8384
vn -0.9265 -0.0138 -0.3759
vn -0.4320 0.1545 0.8885
vn 0.2933 -0.0548 0.9544
vn -0.4778 -0.8480 -0.2295
vn -0.1152 -0.3322 0.9362
vn -0.8942 -0.4187 -0.1585
vn -0.9640 0.2091 -0.1641
vn -0.3343 -0.0375 -0.9417
vn 0.4903 -0.6964 -0.5240
vn 0.5738 -0.1961 0.7952
vn -0.0909 0.2724 0.9579
vn -0.4551 0.8258 -0.3332
vn 0.6105 0.5624 -0.5577
vn 0.6100 0.2074 0.7648
vn -0.0711 0.9975 0.0000
vn 0.0335 0.0005 0.9994
vn -0.2374 0.0330 0.9708
vn 0.3236 -0.9462 -0.0000
vn 0.3508 0.9364 -0.0000
vn 0.9125 0.3604 -0.1937
vn 0.3454 -0.2202 0.9122
vn 0.9125 0.3604 0.1937
vn -0.6046 0.7963 0.0175
vn 0.2348 -0.0297 -0.9716
vn -0.6959 -0.1936 -0.6915
vn -0.9391 0.2644 -0.2197
vn -0.5561 0.5843 0.5911
vn 0.6762 0.7310 0.0914
vn 0.3693 0.9293 0.0044
vn 0.8222 -0.1784 0.5406
vn -0.0880 0.0119 0.9961
vn 0.1159 -0.0628 0.9913
vn -0.9506 -0.3075 -0.0420
vn -0.8443 -0.1978 0.4981
vn -0.3533 0.5262 -0.7735
vn -0.0468 -0.9986 0.0247
vn -0.0880 0.0119 0.9960
vn -0.3053 -0.9509 -0.0506
vn 0.1668 -0.9218 -0.3501
vn 0.1757 0.0246 -0.9841
vn 0.8391 0.0336 -0.5430
vn 0.4585 -0.1456 -0.8767
vn 0.8084 -0.0060 0.5885
vn 0.1117 -0.9910 -0.0741
vn -0.4921 -0.8701 -0.0296
vn -0.2714 -0.7404 -0.6149
vn -0.2710 0.2711 -0.9236
vn -0.9116 -0.3922 0.1233
vn -0.0730 0.0312 0.9968
vn -0.6561 0.5076 0.5584
vn -0.9607 0.2768 -0.0201
vn -0.6585 0.7236 -0.2070
vn 0.5508 0.8346 -0.0050
vn -0.0729 0.0312 0.9968
vn -0.8631 -0.0706 0.5001
vn -0.0595 0.9981 0.0173
vn 0.5110 0.8577 -0.0568
vn 0.6004 -0.5391 -0.5907
vn -0.2778 0.2023 -0.9391
vn -0.2274 0.9573 -0.1782
vn 0.7455 0.6641 0.0573
vn 0.9917 0.0862 0.0953
vn -0.2716 -0.9623 -0.0136
vn -0.5333 0.0000 -0.8459
vn 0.4668 -0.0045 -0.8844
vn -0.0462 -0.9989 -0.0095
vn 0.4357 -0.0866 -0.8959
vn -0.0076 -1.0000 -0.0016
vn 0.8827 -0.4343 0.1795
vn 0.6638 0.7355 0.1358
vn -0.0554 0.9984 -0.0114
vn -0.8253 -0.0000 0.5647
vn -0.0461 -0.9989 -0.0096
vn 0.0774 -0.0045 0.9970
vn 0.6638 0.7355 0.1357
vn 0.0498 -0.0889 0.9948
vn 0.8827 -0.4342 0.1795
vn 0.0114 -0.9999 0.0058
vn -0.9915 -0.0051 -0.1302
vn -0.3250 -0.8662 -0.3795
vn -0.5388 -0.0908 0.8375
vn 0.5990 -0.4342 0.6728
vn 0.4447 0.7477 0.4932
vn -0.3367 0.8552 -0.3940
vn 0.0050 -0.0058 -1.0000
vn 0.0113 -0.9999 0.0058
vn 0.8965 -0.0882 -0.4342
vn 0.5990 -0.4343 0.6728
vn 0.4447 0.7476 0.4932
vn -0.8554 -0.5132 -0.0705
vn -0.6670 -0.3849 -0.6380
vn 0.4967 0.1551 -0.8540
vn 0.6882 0.4423 -0.5750
vn 0.7781 0.2603 0.5716
vn 0.7355 0.1123 0.6682
vn 0.5037 -0.3159 -0.8040
vn 0.9561 0.2587 0.1375
vn 0.0541 -0.8384 -0.5424
vn -0.0048 -0.7066 0.7076
vn 0.9822 -0.0344 -0.1846
vn 0.4394 -0.5169 0.7346
vn 0.0161 -0.9831 -0.1826
vn 0.5647 -0.0563 0.8234
vn -0.1650 0.0901 0.9822
vn -0.3766 0.4755 0.7951
vn 0.0022 0.9989 0.0464
vn 0.0617 0.8668 -0.4947
vn -0.9777 -0.0285 -0.2081
vn -0.6274 -0.4496 0.6358
vn -0.7461 -0.0151 0.6657
vn 0.0706 0.5446 0.8357
vn -0.1649 0.0901 0.9822
vn 0.1825 -0.1636 -0.9695
vn 0.0033 -0.9998 -0.0174
vn 0.0101 0.0074 0.9999
vn -0.0122 -0.0039 -0.9999
vn 0.0646 -0.9976 0.0246
vn 0.6137 -0.7844 0.0899
vn 0.4586 0.1456 0.8767
vn 0.2970 -0.7707 0.5638
vn -0.2710 -0.2711 0.9236
vn -0.9116 0.3922 -0.1233
vn -0.6561 -0.5076 -0.5584
vn -0.0729 -0.0312 -0.9968
vn -0.2714 0.7404 0.6149
vn -0.4920 0.8701 0.0296
vn 0.1117 0.9910 0.0741
vn 0.8084 0.0060 -0.5886
vn 0.6547 0.4645 -0.5963
vn 0.5140 -0.8418 -0.1648
vn 0.9950 0.0632 -0.0773
vn 0.7272 0.4258 -0.5384
vn 0.7455 -0.6640 -0.0573
vn -0.6470 -0.0107 -0.7624
vn -0.2275 -0.9573 0.1782
vn -0.2274 -0.9573 0.1782
vn 0.7455 -0.6641 -0.0573
vn 0.9917 -0.0862 -0.0953
vn 0.4861 0.0215 0.8736
vn -0.1515 0.9570 0.2475
vn 0.7302 0.0958 0.6765
vn 0.4863 0.4892 -0.7240
vn 0.2516 -0.5022 -0.8274
vn 0.2385 0.0093 0.9711
vn 0.5990 0.4343 -0.6728
vn 0.4447 -0.7476 -0.4932
vn -0.5388 0.0908 -0.8376
vn -0.3367 -0.8552 0.3940
vn -0.9915 0.0052 0.1302
vn 0.0050 0.0058 1.0000
vn 0.8965 0.0882 0.4342
vn 0.4447 -0.7477 -0.4932
vn 0.5990 0.4343 -0.6727
vn 0.0113 0.9999 -0.0058
vn -0.3250 0.8662 0.3795
vn 0.0113 0.9999 -0.0059
vn 0.0498 0.0889 -0.9948
vn 0.8827 0.4343 -0.1795
vn 0.6638 -0.7354 -0.1358
vn -0.0076 1.0000 0.0016
vn -0.0461 0.9989 0.0096
vn 0.0774 0.0045 -0.9970
vn -0.0554 -0.9984 0.0114
vn -0.8253 -0.0000 -0.5647
vn -0.5334 0.0000 0.8459
vn -0.0554 -0.9984 0.0115
vn 0.4668 0.0045 0.8843
vn 0.6638 -0.7355 -0.1358
vn 0.4357 0.0866 0.8959
vn 0.8827 0.4343 -0.1796
vn -0.0461 0.9989 0.0095
vn 0.1667 0.9218 0.3501
vn -0.3053 0.9509 0.0506
vn 0.2348 0.0296 0.9716
vn -0.0469 0.9986 -0.0247
vn -0.9506 0.3075 0.0419
vn -0.3533 -0.5262 0.7735
vn -0.8442 0.1978 -0.4981
vn 0.8390 -0.0336 0.5430
vn 0.2000 0.6060 0.7699
vn 0.2252 0.5672 0.7922
vn 0.7702 0.2901 0.5680
vn -0.0209 -0.5604 0.8280
vn 0.2125 -0.6004 0.7710
vn 0.2184 -0.6116 0.7605
vn 0.3969 -0.6522 0.6459
vn 0.3969 0.6522 0.6459
vn -0.9915 0.0054 0.1298
vn -0.9915 -0.0054 0.1298
vn 0.2237 -0.6251 -0.7478
vn 0.2237 0.6251 -0.7478
vn 0.0094 0.5762 -0.8172
vn 0.0136 0.5672 -0.8235
vn 0.5921 0.2945 -0.7501
vn -0.2451 -0.5575 -0.7932
vn 0.0333 -0.6026 -0.7974
vn 0.0156 -0.5781 -0.8158
vn 0.0713 0.5877 0.8059
vn 0.0822 0.5672 0.8195
vn 0.6582 0.2901 0.6947
vn -0.1663 -0.5604 0.8114
vn 0.0893 -0.6018 0.7937
vn 0.0826 -0.5914 0.8021
vn 0.2804 -0.6410 0.7145
vn 0.2804 0.6410 0.7145
vn -0.9983 -0.0360 -0.0468
vn -0.9983 0.0360 -0.0468
vn 0.3418 -0.6520 -0.6768
vn 0.3418 0.6520 -0.6768
vn 0.1389 0.5999 -0.7879
vn 0.1584 0.5672 -0.8082
vn 0.7150 0.2945 -0.6341
vn -0.1017 -0.5575 -0.8240
vn 0.1527 -0.6008 -0.7847
vn 0.1552 -0.6052 -0.7808
# 1285 vertex normals

vt 0.3054 0.0833 0.0000
vt 0.1745 0.7083 0.0000
vt 0.1745 0.0833 0.0000
vt 0.3054 0.7035 0.0000
vt 0.3054 0.7047 0.0000
vt 0.4363 0.7083 0.0000
vt 0.4363 0.0833 0.0000
vt 0.2489 0.0627 0.0000
vt 0.3426 0.0730 0.0000
vt 0.3709 0.0833 0.0000
vt 0.2968 0.0626 0.0000
vt 0.3054 0.7083 0.0000
vt 0.3054 0.7029 0.0000
vt 0.2882 0.0420 0.0000
vt 0.6667 0.1592 0.0000
vt 0.5000 0.1592 0.0000
vt 0.5417 0.1592 0.0000
vt 0.5000 0.4775 0.0000
vt 0.6667 0.4775 0.0000
vt 0.8333 0.4775 0.0000
vt 0.8333 0.1592 0.0000
vt 0.7917 0.1592 0.0000
vt -1.6420 -2.0061 0.0000
vt -1.7015 -1.0134 0.0000
vt -1.7015 -2.0061 0.0000
vt -1.6420 -1.0134 0.0000
vt -1.6994 -1.0061 0.0000
vt -1.5930 -1.9848 0.0000
vt -1.6994 -1.9848 0.0000
vt -1.5930 -1.0061 0.0000
vt -1.8875 -2.0061 0.0000
vt -1.8875 -1.0134 0.0000
vt -1.8863 -1.9848 0.0000
vt -1.8863 -1.0061 0.0000
vt -2.0930 -1.9848 0.0000
vt -2.0930 -1.0061 0.0000
vt -2.0930 -2.0061 0.0000
vt -2.0930 -1.0134 0.0000
vt 1.0000 1.0000 0.0000
vt 0.0000 0.0000 0.0000
vt 1.0000 0.0000 0.0000
vt 0.0000 1.0000 0.0000
vt 0.4167 0.1592 0.0000
vt 0.4167 0.4775 0.0000
vt 0.3333 0.1592 0.0000
vt 0.3333 0.4775 0.0000
vt -2.4867 -1.0061 0.0000
vt -2.5930 -1.9848 0.0000
vt -2.5930 -1.0061 0.0000
vt -2.4867 -1.9848 0.0000
vt -2.2997 -1.9848 0.0000
vt -2.2997 -1.0061 0.0000
vt 0.5500 0.7500 0.0000
vt 0.4500 1.0000 0.0000
vt 0.5500 1.0000 0.0000
vt 0.4500 0.7500 0.0000
vt 0.3500 1.0000 0.0000
vt 0.3500 0.7500 0.0000
vt 0.2250 0.5000 0.0000
vt 0.3500 0.5000 0.0000
vt 0.3500 0.2500 0.0000
vt 0.3500 0.0000 0.0000
vt 0.4500 0.0000 0.0000
vt 0.4500 0.2500 0.0000
vt 0.5500 0.0000 0.0000
vt 0.5500 0.2500 0.0000
vt 0.4500 0.5000 0.0000
vt 0.5500 0.5000 0.0000
vt 0.8492 -1.5573 0.0000
vt 0.8357 -1.7092 0.0000
vt 0.8855 -1.6414 0.0000
vt 0.8244 -1.6050 0.0000
vt 0.8116 -1.5194 0.0000
vt 0.8251 -1.4977 0.0000
vt 0.8962 -1.4899 0.0000
vt 0.8229 -1.2967 0.0000
vt 0.9102 -1.3112 0.0000
vt 0.8271 -1.0946 0.0000
vt 0.8293 -1.0557 0.0000
vt 0.8243 -1.0422 0.0000
vt 0.8235 -1.0267 0.0000
vt 0.8242 -1.0267 0.0000
vt 0.8373 -1.0655 0.0000
vt 0.8253 -1.0424 0.0000
vt 0.8383 -1.1056 0.0000
vt 0.8603 -1.4697 0.0000
vt 0.5979 -1.2509 0.0000
vt 0.5848 -1.2360 0.0000
vt 0.5496 -1.3594 0.0000
vt 0.6682 -1.2239 0.0000
vt 0.6762 -1.2430 0.0000
vt 0.6798 -1.3783 0.0000
vt 0.6780 -1.3701 0.0000
vt 0.6635 -1.5278 0.0000
vt 0.6591 -1.5423 0.0000
vt 0.6163 -1.5811 0.0000
vt 0.6205 -1.5742 0.0000
vt 0.5658 -1.5199 0.0000
vt 0.5520 -1.5270 0.0000
vt 0.5396 -1.3472 0.0000
vt 0.5000 -1.1164 0.0000
vt 0.6892 -1.1249 0.0000
vt 0.6965 -1.3607 0.0000
vt 0.6766 -1.6114 0.0000
vt 0.5652 -1.7155 0.0000
vt 0.5000 -1.6615 0.0000
vt 0.5000 -1.5811 0.0000
vt 0.5000 -1.3433 0.0000
vt 0.3220 -1.3701 0.0000
vt 0.3365 -1.5278 0.0000
vt 0.3203 -1.3783 0.0000
vt 0.3409 -1.5423 0.0000
vt 0.3838 -1.5811 0.0000
vt 0.3795 -1.5742 0.0000
vt 0.4342 -1.5199 0.0000
vt 0.4480 -1.5270 0.0000
vt 0.4604 -1.3472 0.0000
vt 0.4505 -1.3594 0.0000
vt 0.4021 -1.2509 0.0000
vt 0.4153 -1.2360 0.0000
vt 0.3318 -1.2239 0.0000
vt 0.3238 -1.2430 0.0000
vt 0.3035 -1.3607 0.0000
vt 0.3234 -1.6114 0.0000
vt 0.4348 -1.7155 0.0000
vt 0.3109 -1.1249 0.0000
vt 0.1771 -1.2967 0.0000
vt 0.1884 -1.5194 0.0000
vt 0.3013 -1.8482 0.0000
vt 0.4190 -1.8827 0.0000
vt -2.5441 -2.0061 0.0000
vt -2.4846 -1.0134 0.0000
vt -2.5441 -1.0134 0.0000
vt -2.4846 -2.0061 0.0000
vt -2.2986 -2.0061 0.0000
vt -2.2986 -1.0134 0.0000
vt 0.1232 0.0224 0.0000
vt 0.2500 1.0000 0.0000
vt 1.0000 0.4775 0.0000
vt 0.8000 0.1592 0.0000
vt 1.0000 0.1592 0.0000
vt 0.8000 0.4775 0.0000
vt 0.6000 0.4775 0.0000
vt 0.6000 0.1592 0.0000
vt 0.3000 0.4775 0.0000
vt 0.3000 0.1592 0.0000
vt -0.0164 0.7993 0.0000
vt -0.0164 0.5787 0.0000
vt 0.0689 0.5996 0.0000
vt 0.0221 0.8003 0.0000
vt 0.0353 0.8879 0.0000
vt 0.0500 0.8415 0.0000
vt 0.1683 0.8778 0.0000
vt 0.1320 0.9507 0.0000
vt 0.1238 0.7167 0.0000
vt 0.0221 0.4063 0.0000
vt 0.0353 0.3629 0.0000
vt 0.1000 0.4481 0.0000
vt 0.3746 0.3973 0.0000
vt 0.1177 0.5092 0.0000
vt 0.2156 0.4843 0.0000
vt 0.4836 0.6515 0.0000
vt 0.4836 0.6826 0.0000
vt 0.4836 0.6190 0.0000
vt 0.2000 0.1600 0.0000
vt 0.2309 0.0899 0.0000
vt 0.2411 0.2027 0.0000
vt 0.4301 0.3060 0.0000
vt 0.4836 0.2457 0.0000
vt 0.7671 0.1600 0.0000
vt 0.8464 0.8351 0.0000
vt 0.8372 0.9507 0.0000
vt 0.7988 0.8778 0.0000
vt 0.9319 0.8879 0.0000
vt 0.9450 0.8003 0.0000
vt 0.9450 0.4063 0.0000
vt 0.9319 0.3629 0.0000
vt 0.7342 0.0899 0.0000
vt 0.5371 0.3060 0.0000
vt 0.4836 0.1845 0.0000
vt 0.4068 0.2366 0.0000
vt 0.4836 0.3922 0.0000
vt 0.7495 0.4843 0.0000
vt 0.8495 0.5092 0.0000
vt 0.8983 0.5996 0.0000
vt 0.9172 0.8415 0.0000
vt 0.9836 0.7993 0.0000
vt 0.9836 0.5787 0.0000
vt 0.8671 0.4481 0.0000
vt 0.7231 0.2027 0.0000
vt 0.5813 0.3617 0.0000
vt 0.5926 0.3973 0.0000
vt 0.3859 0.3617 0.0000
vt 0.3272 0.9167 0.0000
vt 0.4363 0.9167 0.0000
vt 0.3272 0.0833 0.0000
vt 0.2945 0.9167 0.0000
vt 0.1745 0.9167 0.0000
vt 0.2836 0.0833 0.0000
vt 0.3054 0.9167 0.0000
vt 0.2618 0.0000 0.0000
vt 0.3491 0.0833 0.0000
vt -1.0000 1.0000 0.0000
vt -1.0000 0.0000 0.0000
vt 0.5000 0.0000 0.0000
vt 0.5000 1.0000 0.0000
vt 0.0000 2.0000 0.0000
vt 0.5000 2.0000 0.0000
vt 0.0000 3.0000 0.0000
vt 0.5000 3.0000 0.0000
vt 0.0000 4.0000 0.0000
vt 0.5000 4.0000 0.0000
vt 1.0000 3.0000 0.0000
vt 1.0000 4.0000 0.0000
vt 0.2848 0.3750 0.0000
vt 0.7507 0.0000 0.0000
vt 0.3491 0.0417 0.0000
vt 0.4363 0.1875 0.0000
vt 0.3054 0.1354 0.0000
vt 0.2182 0.0417 0.0000
vt 0.3054 0.2770 0.0000
vt 0.1769 0.5833 0.0000
vt 1.0000 2.0000 0.0000
vt 1.0000 0.5000 0.0000
vt 2.0000 0.0000 0.0000
vt 2.0000 0.5000 0.0000
vt 2.0000 1.0000 0.0000
vt 1.0000 2.5000 0.0000
vt -0.6544 3.1462 0.0000
vt -0.6544 3.0274 0.0000
vt -0.6544 3.1590 0.0000
vt -0.6544 3.4987 0.0000
vt -0.6544 3.8267 0.0000
vt -0.6544 3.4441 0.0000
vt -0.6544 3.5697 0.0000
vt -0.6544 3.8458 0.0000
vt -0.6544 3.8587 0.0000
vt -0.6544 3.9774 0.0000
vt -0.6544 3.8814 0.0000
vt 0.3196 0.0782 0.0000
vt 0.1627 -1.0655 0.0000
vt 0.1748 -1.0424 0.0000
vt 0.1759 -1.0267 0.0000
vt 0.1618 -1.1056 0.0000
vt 0.0898 -1.3112 0.0000
vt 0.1729 -1.0946 0.0000
vt 0.1038 -1.4899 0.0000
vt 0.0565 -1.2652 0.0000
vt 0.0571 -1.5231 0.0000
vt 0.1062 -1.2113 0.0000
vt 0.1707 -1.0557 0.0000
vt 0.1765 -1.0267 0.0000
vt 0.1758 -1.0422 0.0000
vt 0.1757 -1.6050 0.0000
vt 0.1509 -1.5573 0.0000
vt 0.1398 -1.4697 0.0000
vt 0.1749 -1.4977 0.0000
vt 0.0000 0.5000 0.0000
vt 0.0000 0.1592 0.0000
vt 0.0000 0.4775 0.0000
vt 0.5400 0.4775 0.0000
vt 0.0636 -1.6487 0.0000
vt 0.0000 -1.5231 0.0000
vt 0.0000 -1.6483 0.0000
vt 0.1145 -1.6414 0.0000
vt 0.1643 -1.7092 0.0000
vt 0.2975 -1.9100 0.0000
vt 0.4235 -1.9520 0.0000
vt 0.4754 -1.8937 0.0000
vt 0.4795 -1.9038 0.0000
vt 0.5000 -1.9753 0.0000
vt 0.5000 -1.9175 0.0000
vt 0.5206 -1.9038 0.0000
vt 0.5765 -1.9520 0.0000
vt 0.5246 -1.8937 0.0000
vt 0.5810 -1.8827 0.0000
vt 0.7026 -1.9100 0.0000
vt 0.6988 -1.8482 0.0000
vt 0.5206 -1.7961 0.0000
vt 0.5000 -1.8338 0.0000
vt 0.5000 -1.8937 0.0000
vt 0.4794 -1.7961 0.0000
vt 0.4852 -1.7456 0.0000
vt 0.5000 -1.7658 0.0000
vt 0.5148 -1.7456 0.0000
vt 0.0494 0.0050 0.0000
vt 0.8516 -1.1706 0.0000
vt 0.8939 -1.2113 0.0000
vt 0.9435 -1.2652 0.0000
vt 0.9429 -1.5231 0.0000
vt 0.9364 -1.6487 0.0000
vt 1.0000 -1.5231 0.0000
vt 1.0000 -1.6483 0.0000
vt 1.0000 -1.2796 0.0000
vt 1.0000 -1.1141 0.0000
vt 1.0000 -1.0393 0.0000
vt 0.5016 -1.1164 0.0000
vt 0.1196 0.0107 0.0000
vt 0.0000 -1.2796 0.0000
vt 0.0000 -1.1141 0.0000
vt 0.0000 -1.0393 0.0000
vt 0.1484 -1.1706 0.0000
vt 0.9167 0.4775 0.0000
vt 0.9167 0.1592 0.0000
vt 0.2250 0.3750 0.0000
vt 0.5400 0.1592 0.0000
vt 0.5603 0.2366 0.0000
vt 0.4836 0.3661 0.0000
vt 0.4836 0.2750 0.0000
vt 0.4836 0.4392 0.0000
vt 0.4836 0.5022 0.0000
vt -2.6383 1.8166 0.0000
vt -2.6383 1.1986 0.0000
vt -2.6383 1.4917 0.0000
vt -2.6383 1.0002 0.0000
vt -2.6383 1.4956 0.0000
vt -2.6383 1.2050 0.0000
vt -2.6383 1.8231 0.0000
vt -2.6383 2.0002 0.0000
vt 0.2029 0.0730 0.0000
# 320 texture coords

g Skeleton
usemtl Material__25
s 1
f 1/1/1 2/2/2 3/3/3 
f 4/4/4 2/2/2 1/1/1 
f 2/2/2 4/4/4 5/5/5 
f 5/5/5 4/4/4 6/6/6 
f 6/6/6 4/4/4 7/1/7 
f 1/1/1 7/1/7 4/4/4 
f 7/1/7 1/1/1 8/1/8 
f 3/1/3 8/1/8 1/1/1 
f 9/1/9 8/1/8 3/1/3 
f 8/1/8 9/1/9 7/1/7 
f 7/1/7 9/1/9 10/1/10 
f 3/1/3 10/1/10 9/1/9 
f 2/6/11 10/1/10 3/1/3 
f 10/1/10 2/6/11 11/4/12 
f 5/5/5 11/4/12 2/6/11 
f 6/2/13 11/4/12 5/5/5 
f 7/3/14 11/4/12 6/2/13 
f 11/4/12 7/3/14 10/1/10 
f 12/1/15 13/3/16 14/1/17 
f 13/3/16 12/1/15 15/3/18 
f 16/1/19 15/3/18 12/1/15 
f 15/3/18 16/1/19 17/7/20 
f 17/7/20 16/1/19 18/7/21 
f 19/1/22 18/7/21 16/1/19 
f 18/7/21 19/1/22 20/1/23 
f 21/7/24 20/1/23 19/1/22 
f 20/1/23 21/7/24 22/1/25 
f 23/7/26 22/1/25 21/7/24 
f 22/1/25 23/7/26 24/1/27 
f 25/3/28 24/1/27 23/7/26 
f 26/3/29 24/1/27 25/3/28 
f 27/1/30 24/1/27 26/3/29 
f 24/1/27 27/1/30 13/7/16 
f 13/7/16 27/1/30 14/1/17 
f 26/7/31 14/1/17 27/1/30 
f 14/1/17 26/7/31 12/1/15 
f 25/7/28 12/1/15 26/7/31 
f 12/1/15 25/7/28 16/1/19 
f 23/3/26 16/1/19 25/7/28 
f 21/3/24 16/1/19 23/3/26 
f 16/1/19 21/3/24 19/1/22 
f 15/7/18 24/1/27 13/7/16 
f 17/3/32 24/1/27 15/7/18 
f 24/1/27 17/3/32 22/1/25 
f 18/3/21 22/1/25 17/3/32 
f 22/1/25 18/3/21 20/1/23 
f 28/1/33 29/2/34 30/3/35 
f 31/4/36 29/2/34 28/1/33 
f 29/2/34 31/4/36 32/5/37 
f 32/5/37 31/4/36 33/6/38 
f 33/6/38 31/4/36 34/1/39 
f 28/1/33 34/1/39 31/4/36 
f 34/1/39 28/1/33 35/1/40 
f 30/1/35 35/1/40 28/1/33 
f 36/1/41 35/1/40 30/1/35 
f 35/1/40 36/1/41 34/1/39 
f 34/1/39 36/1/41 37/1/42 
f 30/1/35 37/1/42 36/1/41 
f 29/6/34 37/1/42 30/1/35 
f 37/1/42 29/6/34 38/4/43 
f 32/5/37 38/4/43 29/6/34 
f 33/2/44 38/4/43 32/5/37 
f 34/3/45 38/4/43 33/2/44 
f 38/4/43 34/3/45 37/1/42 
f 39/1/46 40/1/47 41/7/48 
f 42/7/49 40/1/47 39/1/46 
f 40/1/47 42/7/49 43/1/50 
f 44/7/51 43/1/50 42/7/49 
f 45/3/52 43/1/50 44/7/51 
f 43/1/50 45/3/52 46/1/53 
f 47/3/54 46/1/53 45/3/52 
f 48/1/55 46/1/53 47/3/54 
f 46/1/53 48/1/55 49/7/56 
f 49/7/56 48/1/55 50/1/57 
f 47/7/54 50/1/57 48/1/55 
f 50/1/57 47/7/54 51/1/58 
f 45/7/52 51/1/58 47/7/54 
f 44/3/51 51/1/58 45/7/52 
f 51/1/58 44/3/51 52/1/59 
f 42/3/49 52/1/59 44/3/51 
f 39/1/46 52/1/59 42/3/49 
f 41/7/48 52/1/59 39/1/46 
f 53/7/60 52/1/59 41/7/48 
f 54/3/61 52/1/59 53/7/60 
f 52/1/59 54/3/61 51/1/58 
f 49/3/56 51/1/58 54/3/61 
f 51/1/58 49/3/56 50/1/57 
f 43/1/50 41/3/48 40/1/47 
f 41/3/48 43/1/50 53/3/60 
f 53/3/60 43/1/50 54/7/61 
f 46/1/53 54/7/61 43/1/50 
f 54/7/61 46/1/53 49/7/56 
f 55/1/62 56/1/63 57/7/64 
f 58/7/65 56/1/63 55/1/62 
f 56/1/63 58/7/65 59/1/66 
f 60/7/67 59/1/66 58/7/65 
f 61/3/68 59/1/66 60/7/67 
f 59/1/66 61/3/68 62/1/69 
f 63/3/70 62/1/69 61/3/68 
f 64/1/71 62/1/69 63/3/70 
f 62/1/69 64/1/71 65/7/72 
f 65/7/72 64/1/71 66/1/73 
f 63/7/74 66/1/73 64/1/71 
f 66/1/73 63/7/74 67/1/75 
f 61/7/68 67/1/75 63/7/74 
f 60/3/67 67/1/75 61/7/68 
f 67/1/75 60/3/67 68/1/76 
f 58/3/65 68/1/76 60/3/67 
f 55/1/62 68/1/76 58/3/65 
f 57/7/64 68/1/76 55/1/62 
f 69/7/77 68/1/76 57/7/64 
f 68/1/76 69/7/77 67/1/75 
f 70/3/78 67/1/75 69/7/77 
f 65/3/72 67/1/75 70/3/78 
f 67/1/75 65/3/72 66/1/73 
f 59/1/66 57/3/64 56/1/63 
f 57/3/64 59/1/66 69/3/79 
f 69/3/79 59/1/66 70/7/80 
f 62/1/69 70/7/80 59/1/66 
f 70/7/80 62/1/69 65/7/72 
f 71/1/81 72/3/82 73/8/83 
f 74/1/84 72/3/82 71/1/81 
f 72/3/82 74/1/84 75/1/85 
f 76/1/86 75/1/85 74/1/84 
f 75/1/85 76/1/86 77/3/87 
f 74/1/84 77/3/87 76/1/86 
f 77/3/87 74/1/84 78/7/88 
f 71/1/81 78/7/88 74/1/84 
f 78/7/88 71/1/81 79/7/89 
f 73/9/90 79/7/89 71/1/81 
f 79/7/89 73/9/90 78/7/88 
f 80/1/91 81/7/92 82/10/93 
f 81/7/92 80/1/91 83/7/94 
f 83/7/94 80/1/91 84/1/95 
f 85/7/96 84/1/95 80/1/91 
f 86/1/97 84/1/95 85/7/96 
f 84/1/95 86/1/97 83/3/94 
f 83/3/94 86/1/97 81/3/98 
f 81/3/98 86/1/97 82/10/93 
f 87/1/99 82/10/93 86/1/97 
f 82/10/93 87/1/99 88/7/100 
f 87/1/99 85/7/96 88/3/101 
f 85/7/96 87/1/99 86/1/97 
f 89/11/102 90/7/103 91/1/104 
f 92/7/105 90/7/103 89/11/102 
f 90/7/103 92/7/105 91/1/104 
f 93/12/106 91/1/104 92/7/105 
f 94/13/107 91/1/104 93/12/106 
f 91/1/104 94/13/107 89/3/108 
f 89/3/108 94/13/107 95/12/109 
f 96/1/110 95/12/109 94/13/107 
f 95/12/109 96/1/110 97/7/111 
f 97/7/111 96/1/110 98/7/112 
f 99/1/113 98/7/112 96/1/110 
f 98/7/112 99/1/113 100/14/114 
f 101/3/115 100/14/114 99/1/113 
f 100/14/114 101/3/115 102/3/116 
f 99/1/113 102/3/116 101/3/115 
f 96/1/110 102/3/116 99/1/113 
f 94/13/107 102/3/116 96/1/110 
f 102/3/116 94/13/107 93/12/106 
f 103/1/117 104/7/118 105/12/119 
f 106/1/120 104/7/118 103/1/117 
f 104/7/118 106/1/120 107/7/121 
f 108/14/122 107/7/121 106/1/120 
f 107/7/121 108/14/122 104/7/118 
f 109/7/123 110/7/124 111/11/125 
f 110/7/124 109/7/123 112/1/126 
f 113/1/127 112/1/126 109/7/123 
f 111/11/125 112/1/126 113/1/127 
f 112/1/126 111/11/125 110/7/124 
f 114/3/128 115/13/129 116/12/130 
f 115/13/129 114/3/128 117/1/131 
f 118/15/132 119/16/133 120/17/134 
f 121/15/135 119/16/133 118/15/132 
f 119/16/133 121/15/135 122/18/136 
f 122/18/136 121/15/135 123/19/137 
f 123/19/137 121/15/135 124/20/138 
f 124/20/138 121/15/135 125/21/139 
f 118/15/132 125/21/139 121/15/135 
f 125/21/139 118/15/132 126/22/140 
f 127/23/141 128/24/141 129/25/141 
f 128/24/141 127/23/141 130/26/141 
f 131/27/142 132/28/142 133/29/143 
f 132/28/142 131/27/142 134/30/142 
f 135/31/144 128/24/145 136/32/146 
f 128/24/145 135/31/144 129/25/144 
f 131/27/147 137/33/148 138/34/148 
f 137/33/148 131/27/147 133/29/148 
f 138/34/149 139/35/150 140/36/150 
f 139/35/150 138/34/149 137/33/149 
f 141/37/151 136/32/152 142/38/151 
f 136/32/152 141/37/151 135/31/151 
f 118/39/153 122/40/154 123/41/153 
f 122/40/154 118/39/153 120/42/154 
f 119/16/133 143/43/155 120/17/156 
f 122/18/136 143/43/155 119/16/133 
f 144/44/157 143/43/155 122/18/136 
f 143/43/155 144/44/157 145/45/158 
f 146/46/159 145/45/158 144/44/157 
f 147/46/160 145/45/158 146/46/159 
f 145/45/158 147/46/160 148/45/161 
f 149/46/162 148/45/161 147/46/160 
f 148/45/161 149/46/162 150/45/163 
f 151/45/164 150/45/163 149/46/162 
f 150/45/163 151/45/164 148/45/161 
f 152/45/165 148/45/161 151/45/164 
f 153/45/166 148/45/161 152/45/165 
f 148/45/161 153/45/166 145/45/158 
f 154/47/167 155/48/167 156/49/167 
f 155/48/167 154/47/167 157/50/168 
f 154/47/169 158/51/170 157/50/170 
f 158/51/170 154/47/169 159/52/170 
f 159/52/171 139/35/172 158/51/171 
f 139/35/172 159/52/171 140/36/172 
f 124/41/173 118/42/153 123/40/153 
f 118/42/153 124/41/173 126/39/174 
f 160/53/175 161/54/176 162/55/177 
f 163/56/178 161/54/176 160/53/175 
f 161/54/176 163/56/178 164/57/179 
f 165/58/180 164/57/179 163/56/178 
f 164/57/179 165/58/180 166/59/181 
f 167/60/182 166/59/181 165/58/180 
f 168/61/183 166/59/181 167/60/182 
f 166/59/181 168/61/183 164/62/179 
f 164/62/179 168/61/183 161/63/176 
f 169/64/184 161/63/176 168/61/183 
f 161/63/176 169/64/184 162/65/177 
f 162/65/177 169/64/184 170/66/185 
f 171/67/186 170/66/185 169/64/184 
f 172/68/187 170/66/185 171/67/186 
f 170/66/185 172/68/187 173/54/188 
f 173/54/188 172/68/187 160/53/175 
f 160/53/175 172/68/187 163/56/178 
f 171/67/186 163/56/178 172/68/187 
f 163/56/178 171/67/186 165/58/180 
f 165/58/180 171/67/186 167/60/182 
f 169/64/184 167/60/182 171/67/186 
f 167/60/182 169/64/184 168/61/183 
f 174/1/189 175/1/190 176/1/191 
f 177/1/192 175/1/190 174/1/189 
f 175/1/190 177/1/192 176/1/191 
f 178/12/193 176/1/191 177/1/192 
f 179/13/194 176/1/191 178/12/193 
f 176/1/191 179/13/194 174/3/195 
f 174/3/195 179/13/194 180/12/196 
f 181/1/197 180/12/196 179/13/194 
f 180/12/196 181/1/197 182/11/198 
f 182/11/198 181/1/197 183/1/199 
f 183/1/199 181/1/197 184/3/200 
f 179/13/194 184/3/200 181/1/197 
f 184/3/200 179/13/194 178/12/193 
f 185/69/201 186/70/202 187/71/203 
f 188/72/204 186/70/202 185/69/201 
f 186/70/202 188/72/204 189/73/205 
f 190/74/206 189/73/205 188/72/204 
f 191/75/207 189/73/205 190/74/206 
f 189/73/205 191/75/207 192/76/208 
f 193/77/209 192/76/208 191/75/207 
f 194/78/210 192/76/208 193/77/209 
f 192/76/208 194/78/210 195/79/211 
f 196/80/212 195/79/211 194/78/210 
f 197/81/213 195/79/211 196/80/212 
f 198/82/214 195/79/211 197/81/213 
f 195/79/211 198/82/214 199/83/215 
f 200/84/216 199/83/215 198/82/214 
f 201/85/217 199/83/215 200/84/216 
f 199/83/215 201/85/217 193/77/209 
f 193/77/209 201/85/217 194/78/210 
f 200/84/216 194/78/210 201/85/217 
f 194/78/210 200/84/216 196/80/212 
f 196/80/212 200/84/216 202/86/218 
f 202/86/218 200/84/216 185/69/201 
f 198/82/214 185/69/201 200/84/216 
f 197/81/213 185/69/201 198/82/214 
f 185/69/201 197/81/213 188/72/204 
f 196/80/212 188/72/204 197/81/213 
f 188/72/204 196/80/212 190/74/206 
f 202/86/218 190/74/206 196/80/212 
f 190/74/206 202/86/218 191/75/207 
f 185/69/201 191/75/207 202/86/218 
f 191/75/207 185/69/201 187/71/203 
f 203/87/219 204/88/220 205/89/221 
f 204/88/220 203/87/219 206/90/222 
f 207/91/223 206/90/222 203/87/219 
f 208/92/224 206/90/222 207/91/223 
f 206/90/222 208/92/224 209/93/225 
f 210/94/226 209/93/225 208/92/224 
f 209/93/225 210/94/226 211/95/227 
f 211/95/227 210/94/226 212/96/228 
f 213/97/229 212/96/228 210/94/226 
f 214/98/230 212/96/228 213/97/229 
f 212/96/228 214/98/230 215/99/231 
f 215/99/231 214/98/230 216/100/232 
f 205/89/221 216/100/232 214/98/230 
f 204/88/220 216/100/232 205/89/221 
f 216/100/232 204/88/220 217/101/233 
f 206/90/222 217/101/233 204/88/220 
f 217/101/233 206/90/222 218/102/234 
f 218/102/234 206/90/222 219/103/235 
f 209/93/225 219/103/235 206/90/222 
f 211/95/227 219/103/235 209/93/225 
f 219/103/235 211/95/227 220/104/236 
f 212/96/228 220/104/236 211/95/227 
f 220/104/236 212/96/228 221/105/237 
f 221/105/237 212/96/228 222/106/238 
f 222/106/238 212/96/228 223/107/239 
f 215/99/231 223/107/239 212/96/228 
f 223/107/239 215/99/231 224/108/240 
f 216/100/232 224/108/240 215/99/231 
f 224/108/240 216/100/232 217/101/233 
f 225/109/241 226/110/242 227/111/243 
f 228/112/244 226/110/242 225/109/241 
f 229/113/245 226/110/242 228/112/244 
f 226/110/242 229/113/245 230/114/246 
f 230/114/246 229/113/245 231/115/247 
f 232/116/248 231/115/247 229/113/245 
f 233/117/249 231/115/247 232/116/248 
f 231/115/247 233/117/249 234/118/250 
f 234/118/250 233/117/249 235/119/251 
f 236/120/252 235/119/251 233/117/249 
f 237/121/253 235/119/251 236/120/252 
f 235/119/251 237/121/253 238/122/254 
f 238/122/254 237/121/253 227/111/243 
f 227/111/243 237/121/253 225/109/241 
f 239/123/255 225/109/241 237/121/253 
f 225/109/241 239/123/255 228/112/244 
f 240/124/256 228/112/244 239/123/255 
f 228/112/244 240/124/256 229/113/245 
f 241/125/257 229/113/245 240/124/256 
f 222/106/238 229/113/245 241/125/257 
f 223/107/239 229/113/245 222/106/238 
f 229/113/245 223/107/239 232/116/248 
f 224/108/240 232/116/248 223/107/239 
f 232/116/248 224/108/240 233/117/249 
f 217/101/233 233/117/249 224/108/240 
f 233/117/249 217/101/233 236/120/252 
f 236/120/252 217/101/233 237/121/253 
f 242/126/258 237/121/253 217/101/233 
f 237/121/253 242/126/258 239/123/255 
f 243/127/259 239/123/255 242/126/258 
f 244/128/260 239/123/255 243/127/259 
f 239/123/255 244/128/260 240/124/256 
f 245/129/261 240/124/256 244/128/260 
f 246/130/262 240/124/256 245/129/261 
f 240/124/256 246/130/262 241/125/257 
f 247/131/263 248/132/263 249/133/263 
f 248/132/263 247/131/263 250/134/263 
f 251/135/264 248/132/265 250/134/265 
f 248/132/265 251/135/264 252/136/266 
f 141/37/267 252/136/268 251/135/269 
f 252/136/268 141/37/267 142/38/269 
f 253/137/270 254/137/271 255/137/272 
f 256/137/273 254/137/271 253/137/270 
f 254/137/271 256/137/273 257/137/274 
f 257/137/274 256/137/273 258/137/275 
f 258/137/275 256/137/273 259/137/276 
f 259/137/276 256/137/273 260/137/277 
f 253/137/270 260/137/277 256/137/273 
f 260/137/277 253/137/270 261/137/278 
f 262/39/279 263/68/280 264/42/281 
f 265/66/282 263/68/280 262/39/279 
f 263/68/280 265/66/282 266/67/283 
f 266/67/283 265/66/282 267/64/284 
f 268/65/285 267/64/284 265/66/282 
f 269/63/286 267/64/284 268/65/285 
f 267/64/284 269/63/286 270/61/287 
f 271/62/288 270/61/287 269/63/286 
f 272/59/289 270/61/287 271/62/288 
f 273/60/290 270/61/287 272/59/289 
f 270/61/287 273/60/290 267/64/284 
f 267/64/284 273/60/290 266/67/283 
f 274/56/291 266/67/283 273/60/290 
f 266/67/283 274/56/291 263/68/280 
f 275/53/292 263/68/280 274/56/291 
f 276/42/293 263/68/280 275/53/292 
f 263/68/280 276/42/293 264/39/294 
f 264/41/295 173/54/296 277/40/297 
f 173/54/296 264/41/295 276/40/298 
f 278/68/299 279/42/300 280/39/301 
f 279/42/300 278/68/299 281/53/302 
f 282/67/303 281/53/302 278/68/299 
f 283/56/304 281/53/302 282/67/303 
f 281/53/302 283/56/304 284/55/305 
f 284/55/305 283/56/304 285/54/306 
f 286/58/307 285/54/306 283/56/304 
f 285/54/306 286/58/307 287/57/308 
f 288/59/309 289/61/310 290/62/311 
f 291/60/312 289/61/310 288/59/309 
f 289/61/310 291/60/312 292/67/313 
f 293/68/314 294/66/315 295/138/316 
f 294/66/315 293/68/314 296/64/317 
f 297/67/318 296/64/317 293/68/314 
f 296/64/317 297/67/318 298/61/319 
f 299/139/320 300/140/321 301/141/322 
f 302/142/323 300/140/321 299/139/320 
f 303/143/324 300/140/321 302/142/323 
f 300/140/321 303/143/324 304/144/325 
f 305/145/326 304/144/325 303/143/324 
f 304/144/325 305/145/326 306/146/327 
f 307/147/328 308/148/329 309/149/330 
f 308/148/329 307/147/328 310/150/331 
f 310/150/331 307/147/328 311/151/332 
f 311/151/332 307/147/328 312/152/333 
f 309/149/330 312/152/333 307/147/328 
f 313/153/334 312/152/333 309/149/330 
f 312/152/333 313/153/334 311/151/332 
f 314/154/335 311/151/332 313/153/334 
f 311/151/332 314/154/335 310/150/331 
f 315/155/336 310/150/331 314/154/335 
f 316/156/337 310/150/331 315/155/336 
f 310/150/331 316/156/337 308/148/329 
f 317/157/338 308/148/329 316/156/337 
f 318/158/339 308/148/329 317/157/338 
f 308/148/329 318/158/339 309/149/330 
f 319/159/340 309/149/330 318/158/339 
f 320/160/341 309/149/330 319/159/340 
f 309/149/330 320/160/341 313/153/334 
f 321/161/342 313/153/334 320/160/341 
f 322/162/343 313/153/334 321/161/342 
f 313/153/334 322/162/343 314/154/335 
f 323/163/344 314/154/335 322/162/343 
f 314/154/335 323/163/344 315/155/336 
f 324/164/345 315/155/336 323/163/344 
f 325/165/346 315/155/336 324/164/345 
f 315/155/336 325/165/346 316/156/337 
f 316/156/337 325/165/346 317/157/338 
f 326/166/347 317/157/338 325/165/346 
f 317/157/338 326/166/347 318/158/339 
f 327/167/348 318/158/339 326/166/347 
f 318/158/339 327/167/348 320/160/341 
f 320/160/341 327/167/348 321/161/342 
f 321/161/342 327/167/348 328/168/349 
f 326/166/347 328/168/349 327/167/348 
f 328/168/349 326/166/347 329/169/350 
f 325/165/346 329/169/350 326/166/347 
f 324/164/345 329/169/350 325/165/346 
f 329/169/350 324/164/345 330/170/351 
f 330/170/351 324/164/345 331/171/352 
f 323/163/344 331/171/352 324/164/345 
f 331/171/352 323/163/344 332/172/353 
f 322/162/343 332/172/353 323/163/344 
f 333/173/354 332/172/353 322/162/343 
f 334/174/355 332/172/353 333/173/354 
f 332/172/353 334/174/355 331/171/352 
f 335/175/356 331/171/352 334/174/355 
f 336/176/357 331/171/352 335/175/356 
f 331/171/352 336/176/357 330/170/351 
f 337/177/358 330/170/351 336/176/357 
f 338/178/359 330/170/351 337/177/358 
f 330/170/351 338/178/359 329/169/350 
f 339/179/360 329/169/350 338/178/359 
f 340/180/361 329/169/350 339/179/360 
f 329/169/350 340/180/361 328/168/349 
f 341/181/362 328/168/349 340/180/361 
f 342/182/363 328/168/349 341/181/362 
f 328/168/349 342/182/363 321/161/342 
f 321/161/342 342/182/363 322/162/343 
f 343/183/364 322/162/343 342/182/363 
f 322/162/343 343/183/364 333/173/354 
f 344/184/365 333/173/354 343/183/364 
f 345/185/366 333/173/354 344/184/365 
f 346/186/367 333/173/354 345/185/366 
f 333/173/354 346/186/367 334/174/355 
f 347/187/368 334/174/355 346/186/367 
f 334/174/355 347/187/368 335/175/356 
f 348/188/369 335/175/356 347/187/368 
f 335/175/356 348/188/369 336/176/357 
f 336/176/357 348/188/369 337/177/358 
f 349/189/370 337/177/358 348/188/369 
f 337/177/358 349/189/370 338/178/359 
f 350/190/371 338/178/359 349/189/370 
f 338/178/359 350/190/371 339/179/360 
f 339/179/360 350/190/371 343/183/364 
f 343/183/364 350/190/371 344/184/365 
f 349/189/370 344/184/365 350/190/371 
f 351/191/372 344/184/365 349/189/370 
f 352/192/373 344/184/365 351/191/372 
f 344/184/365 352/192/373 345/185/366 
f 349/189/370 345/185/366 352/192/373 
f 348/188/369 345/185/366 349/189/370 
f 347/187/368 345/185/366 348/188/369 
f 345/185/366 347/187/368 346/186/367 
f 320/160/341 353/193/374 318/158/339 
f 319/159/340 353/193/374 320/160/341 
f 353/193/374 319/159/340 318/158/339 
f 354/194/375 355/7/376 356/195/377 
f 357/196/378 355/7/376 354/194/375 
f 355/7/376 357/196/378 358/196/379 
f 358/196/379 357/196/378 359/3/380 
f 354/197/375 359/3/380 357/196/378 
f 359/3/380 354/197/375 360/198/381 
f 354/197/375 361/7/382 360/195/383 
f 361/7/382 354/197/375 362/199/384 
f 356/198/377 362/199/384 354/197/375 
f 363/3/385 362/199/384 356/198/377 
f 362/199/384 363/3/385 364/3/386 
f 364/3/386 363/3/385 365/7/387 
f 361/7/382 365/7/387 363/3/385 
f 362/199/384 365/7/387 361/7/382 
f 365/7/387 362/199/384 366/199/388 
f 364/3/386 366/199/388 362/199/384 
f 366/199/388 364/3/386 365/7/387 
f 367/197/389 368/7/390 369/195/391 
f 368/7/390 367/197/389 370/199/392 
f 371/198/393 370/199/392 367/197/389 
f 372/3/394 370/199/392 371/198/393 
f 370/199/392 372/3/394 373/3/395 
f 373/3/395 372/3/394 374/7/396 
f 368/7/390 374/7/396 372/3/394 
f 370/199/392 374/7/396 368/7/390 
f 374/7/396 370/199/392 375/199/397 
f 373/3/395 375/199/397 370/199/392 
f 375/199/397 373/3/395 374/7/396 
f 360/195/381 376/1/398 359/7/380 
f 377/200/399 376/1/398 360/195/381 
f 356/198/400 376/1/398 377/200/399 
f 376/1/398 356/198/400 355/3/401 
f 376/201/402 378/202/403 359/3/380 
f 355/7/376 378/202/403 376/201/402 
f 358/196/379 378/202/403 355/7/376 
f 378/202/403 358/196/379 359/3/380 
f 379/3/404 380/200/405 381/198/406 
f 380/200/405 379/3/404 382/1/407 
f 383/195/408 384/1/409 385/7/410 
f 386/200/411 384/1/409 383/195/408 
f 387/198/412 384/1/409 386/200/411 
f 388/3/413 384/1/409 387/198/412 
f 389/1/414 384/1/409 388/3/413 
f 384/1/409 389/1/414 385/7/410 
f 390/6/415 391/1/416 392/7/417 
f 391/1/416 390/6/415 393/4/418 
f 394/5/419 393/4/418 390/6/415 
f 395/2/420 393/4/418 394/5/419 
f 396/3/421 393/4/418 395/2/420 
f 393/4/418 396/3/421 391/1/416 
f 397/1/422 390/2/415 392/3/417 
f 390/2/415 397/1/422 398/4/423 
f 396/7/424 398/4/423 397/1/422 
f 395/6/425 398/4/423 396/7/424 
f 394/5/419 398/4/423 395/6/425 
f 398/4/423 394/5/419 390/2/415 
f 399/6/426 400/1/427 401/7/428 
f 400/1/427 399/6/426 402/4/429 
f 403/5/430 402/4/429 399/6/426 
f 404/2/431 402/4/429 403/5/430 
f 405/3/432 402/4/429 404/2/431 
f 402/4/429 405/3/432 400/1/427 
f 406/1/433 399/2/434 401/3/428 
f 399/2/434 406/1/433 407/4/435 
f 405/7/432 407/4/435 406/1/433 
f 404/6/436 407/4/435 405/7/432 
f 403/5/430 407/4/435 404/6/436 
f 407/4/435 403/5/430 399/2/434 
f 408/1/437 409/2/438 410/3/439 
f 409/2/438 408/1/437 411/4/440 
f 412/7/441 411/4/440 408/1/437 
f 413/6/442 411/4/440 412/7/441 
f 414/5/443 411/4/440 413/6/442 
f 411/4/440 414/5/443 409/2/438 
f 409/6/438 415/1/444 410/7/439 
f 415/1/444 409/6/438 416/4/445 
f 414/5/443 416/4/445 409/6/438 
f 413/2/442 416/4/445 414/5/443 
f 412/3/441 416/4/445 413/2/442 
f 416/4/445 412/3/441 415/1/444 
f 417/1/446 418/1/447 419/1/448 
f 420/1/449 418/1/447 417/1/446 
f 418/1/447 420/1/449 419/1/448 
f 421/1/450 419/1/448 420/1/449 
f 419/1/448 421/1/450 417/3/446 
f 417/3/446 421/1/450 422/7/451 
f 422/7/451 421/1/450 423/7/452 
f 424/1/453 423/7/452 421/1/450 
f 423/7/452 424/1/453 425/14/454 
f 426/3/455 425/14/454 424/1/453 
f 425/14/454 426/3/455 427/3/456 
f 424/1/453 427/3/456 426/3/455 
f 421/1/450 427/3/456 424/1/453 
f 427/3/456 421/1/450 420/1/449 
f 428/1/457 420/3/458 429/1/459 
f 420/3/458 428/1/457 427/7/456 
f 430/1/460 427/7/456 428/1/457 
f 431/7/461 427/7/456 430/1/460 
f 427/7/456 431/7/461 425/14/454 
f 430/1/460 425/14/454 431/7/461 
f 425/14/454 430/1/460 423/3/462 
f 428/1/457 423/3/462 430/1/460 
f 423/3/462 428/1/457 422/3/451 
f 422/3/451 428/1/457 417/1/446 
f 429/1/459 417/1/446 428/1/457 
f 417/1/446 429/1/459 432/1/463 
f 420/1/449 432/1/463 429/1/459 
f 432/1/463 420/1/449 417/1/446 
f 433/1/464 434/1/465 435/1/466 
f 436/1/467 434/1/465 433/1/464 
f 434/1/465 436/1/467 435/1/466 
f 437/1/468 435/1/466 436/1/467 
f 435/1/466 437/1/468 433/3/469 
f 433/3/469 437/1/468 438/7/470 
f 438/7/470 437/1/468 439/7/471 
f 440/1/472 439/7/471 437/1/468 
f 439/7/471 440/1/472 441/14/473 
f 442/3/474 441/14/473 440/1/472 
f 441/14/473 442/3/474 443/3/475 
f 440/1/472 443/3/475 442/3/474 
f 437/1/468 443/3/475 440/1/472 
f 443/3/475 437/1/468 436/1/467 
f 444/1/476 436/3/477 445/1/478 
f 436/3/477 444/1/476 443/7/475 
f 446/1/479 443/7/475 444/1/476 
f 447/7/480 443/7/475 446/1/479 
f 443/7/475 447/7/480 441/14/473 
f 446/1/479 441/14/473 447/7/480 
f 441/14/473 446/1/479 439/3/481 
f 444/1/476 439/3/481 446/1/479 
f 439/3/481 444/1/476 438/3/482 
f 438/3/482 444/1/476 433/1/464 
f 445/1/478 433/1/464 444/1/476 
f 433/1/464 445/1/478 448/1/483 
f 436/1/467 448/1/483 445/1/478 
f 448/1/483 436/1/467 433/1/464 
f 449/1/484 450/1/485 451/1/486 
f 450/1/485 449/1/484 452/1/487 
f 451/1/486 452/1/487 449/1/484 
f 452/1/487 451/1/486 453/1/488 
f 454/1/489 453/1/488 451/1/486 
f 453/1/488 454/1/489 452/1/487 
f 455/40/490 456/203/491 457/204/492 
f 456/203/491 455/40/490 458/42/493 
f 459/205/494 458/42/493 455/40/490 
f 460/206/495 458/42/493 459/205/494 
f 458/42/493 460/206/495 456/207/496 
f 461/208/497 456/207/496 460/206/495 
f 456/207/496 461/208/497 457/209/492 
f 462/210/498 457/209/492 461/208/497 
f 457/209/492 462/210/498 455/211/490 
f 455/211/490 462/210/498 459/212/499 
f 463/213/500 459/212/499 462/210/498 
f 459/212/499 463/213/500 464/214/501 
f 465/215/502 466/7/503 467/216/504 
f 468/217/505 466/7/503 465/215/502 
f 466/7/503 468/217/505 469/218/506 
f 470/3/507 469/219/506 468/220/508 
f 469/219/506 470/3/507 471/221/509 
f 472/1/510 471/221/509 470/3/507 
f 471/221/509 472/1/510 465/215/502 
f 470/3/507 465/215/502 472/1/510 
f 465/215/502 470/3/507 468/220/508 
f 473/207/511 474/210/512 475/209/511 
f 474/210/512 473/207/511 476/208/513 
f 477/1/514 478/221/515 479/215/516 
f 480/7/517 478/221/515 477/1/514 
f 481/219/518 478/221/515 480/7/517 
f 482/195/519 478/221/515 481/219/518 
f 483/200/520 478/221/515 482/195/519 
f 381/198/521 478/221/515 483/200/520 
f 478/221/515 381/198/521 479/222/522 
f 484/39/523 476/208/524 485/223/525 
f 486/206/524 476/208/524 484/39/523 
f 487/42/526 476/208/524 486/206/524 
f 476/208/524 487/42/526 473/207/527 
f 488/3/528 489/1/529 490/1/530 
f 489/1/529 488/3/528 491/1/531 
f 491/1/531 488/3/528 492/3/532 
f 493/14/533 492/3/532 488/3/528 
f 492/3/532 493/14/533 491/1/531 
f 494/7/534 491/1/531 493/14/533 
f 491/1/531 494/7/534 489/1/529 
f 495/7/535 489/1/529 494/7/534 
f 496/3/536 489/1/529 495/7/535 
f 497/1/537 489/1/529 496/3/536 
f 489/1/529 497/1/537 490/1/530 
f 490/1/530 497/1/537 498/1/538 
f 496/1/536 498/1/538 497/1/537 
f 498/1/538 496/1/536 490/1/530 
f 499/1/539 490/1/530 496/1/536 
f 490/1/530 499/1/539 500/1/540 
f 496/1/536 500/1/540 499/1/539 
f 500/1/540 496/1/536 501/1/541 
f 495/3/542 501/1/541 496/1/536 
f 494/3/543 501/1/541 495/3/542 
f 501/1/541 494/3/543 502/1/544 
f 493/14/533 502/1/544 494/3/543 
f 502/1/544 493/14/533 503/7/545 
f 488/7/528 503/7/545 493/14/533 
f 503/7/545 488/7/528 502/1/544 
f 502/1/544 488/7/528 501/1/541 
f 490/3/530 501/1/541 488/7/528 
f 501/1/541 490/3/530 500/1/540 
f 475/204/546 487/42/526 504/40/546 
f 487/42/526 475/204/546 473/203/527 
f 505/3/547 506/1/548 507/1/549 
f 506/1/548 505/3/547 508/1/550 
f 508/1/550 505/3/547 509/3/551 
f 510/14/552 509/3/551 505/3/547 
f 509/3/551 510/14/552 508/1/550 
f 511/7/553 508/1/550 510/14/552 
f 508/1/550 511/7/553 506/1/548 
f 512/7/554 506/1/548 511/7/553 
f 513/3/555 506/1/548 512/7/554 
f 514/1/556 506/1/548 513/3/555 
f 506/1/548 514/1/556 507/1/549 
f 507/1/549 514/1/556 515/1/557 
f 513/1/555 515/1/557 514/1/556 
f 515/1/557 513/1/555 507/1/549 
f 516/1/558 507/1/549 513/1/555 
f 507/1/549 516/1/558 517/1/559 
f 513/1/555 517/1/559 516/1/558 
f 517/1/559 513/1/555 518/1/560 
f 512/3/554 518/1/560 513/1/555 
f 511/3/561 518/1/560 512/3/554 
f 518/1/560 511/3/561 519/1/562 
f 510/14/552 519/1/562 511/3/561 
f 519/1/562 510/14/552 520/7/563 
f 505/7/547 520/7/563 510/14/552 
f 520/7/563 505/7/547 519/1/562 
f 519/1/562 505/7/547 518/1/560 
f 507/3/549 518/1/560 505/7/547 
f 518/1/560 507/3/549 517/1/559 
f 486/206/564 521/224/565 484/39/566 
f 521/224/565 486/206/564 522/205/567 
f 487/42/568 522/205/567 486/206/564 
f 522/205/567 487/42/568 504/40/568 
f 521/224/569 523/225/570 524/41/571 
f 523/225/570 521/224/569 525/226/569 
f 484/39/525 525/226/569 521/224/569 
f 525/226/569 484/39/525 485/227/525 
f 474/210/512 525/228/572 523/213/573 
f 476/208/513 525/228/572 474/210/512 
f 525/228/572 476/208/513 485/223/574 
f 526/3/575 527/1/576 528/1/577 
f 527/1/576 526/3/575 529/1/578 
f 529/1/578 526/3/575 530/3/579 
f 531/14/580 530/3/579 526/3/575 
f 530/3/579 531/14/580 529/1/578 
f 532/7/581 529/1/578 531/14/580 
f 529/1/578 532/7/581 527/1/576 
f 533/7/582 527/1/576 532/7/581 
f 534/3/583 527/1/576 533/7/582 
f 535/1/584 527/1/576 534/3/583 
f 527/1/576 535/1/584 528/1/577 
f 528/1/577 535/1/584 536/1/585 
f 534/1/583 536/1/585 535/1/584 
f 536/1/585 534/1/583 528/1/577 
f 537/1/586 528/1/577 534/1/583 
f 528/1/577 537/1/586 538/1/587 
f 534/1/583 538/1/587 537/1/586 
f 538/1/587 534/1/583 539/1/588 
f 533/3/589 539/1/588 534/1/583 
f 532/3/590 539/1/588 533/3/589 
f 539/1/588 532/3/590 540/1/591 
f 531/14/580 540/1/591 532/3/590 
f 540/1/591 531/14/580 541/7/592 
f 526/7/575 541/7/592 531/14/580 
f 541/7/592 526/7/575 540/1/591 
f 540/1/591 526/7/575 539/1/588 
f 528/3/593 539/1/588 526/7/575 
f 539/1/588 528/3/593 538/1/587 
f 542/1/594 543/2/595 544/3/596 
f 543/2/595 542/1/594 545/4/597 
f 546/7/598 545/4/597 542/1/594 
f 547/6/599 545/4/597 546/7/598 
f 548/5/600 545/4/597 547/6/599 
f 545/4/597 548/5/600 543/2/595 
f 543/6/595 549/1/601 544/7/602 
f 549/1/601 543/6/595 550/4/603 
f 548/5/600 550/4/603 543/6/595 
f 547/2/604 550/4/603 548/5/600 
f 546/3/605 550/4/603 547/2/604 
f 550/4/603 546/3/605 549/1/601 
f 551/6/606 552/1/607 553/7/608 
f 552/1/607 551/6/606 554/4/609 
f 555/5/610 554/4/609 551/6/606 
f 556/2/611 554/4/609 555/5/610 
f 557/3/612 554/4/609 556/2/611 
f 554/4/609 557/3/612 552/1/607 
f 558/1/613 551/2/614 553/3/608 
f 551/2/614 558/1/613 559/4/615 
f 557/7/612 559/4/615 558/1/613 
f 556/6/611 559/4/615 557/7/612 
f 555/5/616 559/4/615 556/6/611 
f 559/4/615 555/5/616 551/2/614 
f 560/1/617 561/2/618 562/3/619 
f 561/2/618 560/1/617 563/4/620 
f 564/7/621 563/4/620 560/1/617 
f 565/6/622 563/4/620 564/7/621 
f 566/5/623 563/4/620 565/6/622 
f 563/4/620 566/5/623 561/2/618 
f 561/6/624 567/1/625 562/7/619 
f 567/1/625 561/6/624 568/4/626 
f 566/5/623 568/4/626 561/6/624 
f 565/2/627 568/4/626 566/5/623 
f 564/3/621 568/4/626 565/2/627 
f 568/4/626 564/3/621 567/1/625 
f 295/205/628 280/39/629 569/42/630 
f 280/39/629 295/205/628 570/42/631 
f 571/55/632 572/56/633 573/53/634 
f 574/54/635 572/56/633 571/55/632 
f 575/57/636 572/56/633 574/54/635 
f 572/56/633 575/57/636 576/58/637 
f 272/59/638 576/58/637 575/57/636 
f 577/60/639 576/58/637 272/59/638 
f 576/58/637 577/60/639 572/56/633 
f 578/144/640 579/145/641 580/146/642 
f 579/145/641 578/144/640 581/143/643 
f 582/229/644 583/230/645 584/231/646 
f 583/230/645 582/229/644 585/232/647 
f 586/233/648 585/232/647 582/229/644 
f 587/234/649 585/232/647 586/233/648 
f 585/232/647 587/234/649 583/230/645 
f 588/235/650 583/230/645 587/234/649 
f 583/230/645 588/235/650 584/231/646 
f 589/236/651 584/231/646 588/235/650 
f 590/237/652 584/231/646 589/236/651 
f 584/231/646 590/237/652 582/229/644 
f 582/229/644 590/237/652 586/233/648 
f 586/233/648 590/237/652 591/238/653 
f 589/236/651 591/238/653 590/237/652 
f 588/235/650 591/238/653 589/236/651 
f 591/238/653 588/235/650 592/239/654 
f 587/234/649 592/239/654 588/235/650 
f 586/233/648 592/239/654 587/234/649 
f 592/239/654 586/233/648 591/238/653 
f 593/143/655 594/140/656 595/142/657 
f 594/140/656 593/143/655 596/144/658 
f 597/143/659 598/140/660 599/142/661 
f 598/140/660 597/143/659 600/144/662 
f 601/7/663 602/11/664 603/7/665 
f 602/11/664 601/7/663 604/1/666 
f 603/7/665 604/1/666 601/7/663 
f 604/1/666 603/7/665 605/12/667 
f 606/1/668 607/12/669 608/3/670 
f 607/12/669 606/1/668 609/13/671 
f 609/13/671 606/1/668 610/240/672 
f 610/240/672 606/1/668 611/1/673 
f 608/3/670 611/1/673 606/1/668 
f 611/1/673 608/3/670 612/3/674 
f 610/240/672 612/3/674 608/3/670 
f 612/3/674 610/240/672 611/1/673 
f 613/1/675 614/1/676 615/10/677 
f 616/1/678 614/1/676 613/1/675 
f 617/7/679 614/1/676 616/1/678 
f 618/1/680 614/1/676 617/7/679 
f 619/7/681 614/1/676 618/1/680 
f 614/1/676 619/7/681 615/199/682 
f 620/7/683 621/1/684 615/10/677 
f 617/3/679 621/1/684 620/7/683 
f 616/1/678 621/1/684 617/3/679 
f 613/1/675 621/1/684 616/1/678 
f 621/1/684 613/1/675 615/3/677 
f 622/3/685 623/1/686 624/7/687 
f 623/1/686 622/3/685 625/1/688 
f 625/1/688 622/3/685 626/3/689 
f 627/9/690 626/3/689 622/3/685 
f 626/3/689 627/9/690 625/1/688 
f 628/7/691 625/1/688 627/9/690 
f 625/1/688 628/7/691 623/1/686 
f 629/1/692 623/1/686 628/7/691 
f 623/1/686 629/1/692 630/1/693 
f 624/7/687 630/1/693 629/1/692 
f 630/1/693 624/7/687 623/1/686 
f 631/1/694 628/3/695 627/8/690 
f 632/1/696 628/3/695 631/1/694 
f 628/3/695 632/1/696 629/1/692 
f 633/1/697 629/1/692 632/1/696 
f 629/1/692 633/1/697 624/3/687 
f 632/1/696 624/3/687 633/1/697 
f 624/3/687 632/1/696 622/7/698 
f 631/1/694 622/7/698 632/1/696 
f 622/7/698 631/1/694 634/7/699 
f 627/9/690 634/7/699 631/1/694 
f 634/7/699 627/9/690 622/7/698 
f 635/1/700 636/1/701 637/7/702 
f 638/7/703 636/1/701 635/1/700 
f 636/1/701 638/7/703 639/1/704 
f 640/7/705 639/1/704 638/7/703 
f 641/3/706 639/1/704 640/7/705 
f 639/1/704 641/3/706 642/1/707 
f 643/3/708 642/1/707 641/3/706 
f 644/1/709 642/1/707 643/3/708 
f 642/1/707 644/1/709 645/7/710 
f 645/7/710 644/1/709 646/1/711 
f 643/7/712 646/1/711 644/1/709 
f 646/1/711 643/7/712 647/1/713 
f 641/7/706 647/1/713 643/7/712 
f 640/3/714 647/1/713 641/7/706 
f 647/1/713 640/3/714 648/1/715 
f 638/3/716 648/1/715 640/3/714 
f 635/1/700 648/1/715 638/3/716 
f 637/7/702 648/1/715 635/1/700 
f 649/7/717 648/1/715 637/7/702 
f 648/1/715 649/7/717 647/1/713 
f 650/3/718 647/1/713 649/7/717 
f 645/3/710 647/1/713 650/3/718 
f 647/1/713 645/3/710 646/1/711 
f 639/1/704 637/3/702 636/1/701 
f 637/3/702 639/1/704 649/3/719 
f 649/3/719 639/1/704 650/7/718 
f 642/1/707 650/7/718 639/1/704 
f 650/7/718 642/1/707 645/7/710 
f 651/1/720 652/1/721 653/7/722 
f 654/7/723 652/1/721 651/1/720 
f 652/1/721 654/7/723 655/1/724 
f 656/7/725 655/1/724 654/7/723 
f 657/3/726 655/1/724 656/7/725 
f 655/1/724 657/3/726 658/1/727 
f 659/3/728 658/1/727 657/3/726 
f 660/1/729 658/1/727 659/3/728 
f 658/1/727 660/1/729 661/7/730 
f 661/7/730 660/1/729 662/1/731 
f 659/7/732 662/1/731 660/1/729 
f 662/1/731 659/7/732 663/1/733 
f 657/7/726 663/1/733 659/7/732 
f 656/3/725 663/1/733 657/7/726 
f 663/1/733 656/3/725 664/1/734 
f 654/3/723 664/1/734 656/3/725 
f 651/1/720 664/1/734 654/3/723 
f 653/7/722 664/1/734 651/1/720 
f 665/7/735 664/1/734 653/7/722 
f 664/1/734 665/7/735 663/1/733 
f 666/3/736 663/1/733 665/7/735 
f 661/3/737 663/1/733 666/3/736 
f 663/1/733 661/3/737 662/1/731 
f 667/7/738 668/1/739 669/7/740 
f 670/3/741 668/1/739 667/7/738 
f 668/1/739 670/3/741 671/1/742 
f 672/3/743 671/1/742 670/3/741 
f 671/1/742 672/3/743 673/1/744 
f 674/1/745 669/3/746 675/1/747 
f 669/3/746 674/1/745 667/3/738 
f 676/1/748 667/3/738 674/1/745 
f 667/3/738 676/1/748 670/7/749 
f 670/7/749 676/1/748 672/7/750 
f 677/1/751 672/7/750 676/1/748 
f 672/7/750 677/1/751 673/1/744 
f 678/7/752 673/1/744 677/1/751 
f 673/1/744 678/7/752 671/1/742 
f 679/7/753 671/1/742 678/7/752 
f 671/1/742 679/7/753 668/1/739 
f 680/3/754 668/1/739 679/7/753 
f 681/3/755 668/1/739 680/3/754 
f 682/1/756 668/1/739 681/3/755 
f 668/1/739 682/1/756 669/7/740 
f 669/7/740 682/1/756 675/1/747 
f 681/7/757 675/1/747 682/1/756 
f 675/1/747 681/7/757 674/1/745 
f 680/7/754 674/1/745 681/7/757 
f 674/1/745 680/7/754 676/1/748 
f 679/3/758 676/1/748 680/7/754 
f 678/3/759 676/1/748 679/3/758 
f 676/1/748 678/3/759 677/1/751 
f 683/241/760 684/242/761 685/243/762 
f 684/242/761 683/241/760 686/244/763 
f 687/245/764 686/244/763 683/241/760 
f 688/246/765 686/244/763 687/245/764 
f 686/244/763 688/246/765 684/242/761 
f 689/247/766 690/248/767 691/249/768 
f 687/245/764 690/248/767 689/247/766 
f 690/248/767 687/245/764 692/250/769 
f 683/241/760 692/250/769 687/245/764 
f 692/250/769 683/241/760 693/251/770 
f 685/243/762 693/251/770 683/241/760 
f 694/252/771 693/251/770 685/243/762 
f 693/251/770 694/252/771 695/253/772 
f 695/253/772 694/252/771 696/254/773 
f 685/243/762 696/254/773 694/252/771 
f 696/254/773 685/243/762 697/255/774 
f 684/242/761 697/255/774 685/243/762 
f 698/256/775 697/255/774 684/242/761 
f 697/255/774 698/256/775 689/247/766 
f 689/247/766 698/256/775 699/257/776 
f 699/257/776 698/256/775 695/253/772 
f 684/242/761 695/253/772 698/256/775 
f 688/246/765 695/253/772 684/242/761 
f 695/253/772 688/246/765 693/251/770 
f 693/251/770 688/246/765 243/127/259 
f 687/245/764 243/127/259 688/246/765 
f 689/247/766 243/127/259 687/245/764 
f 243/127/259 689/247/766 244/128/260 
f 699/257/776 244/128/260 689/247/766 
f 244/128/260 699/257/776 696/254/773 
f 695/253/772 696/254/773 699/257/776 
f 700/3/777 701/1/778 702/12/779 
f 703/13/780 702/12/779 701/1/778 
f 702/12/779 703/13/780 109/7/123 
f 109/7/123 703/13/780 113/1/127 
f 116/12/130 113/1/127 703/13/780 
f 113/1/127 116/12/130 111/3/781 
f 111/11/125 704/3/782 109/3/123 
f 705/1/783 704/3/782 111/11/125 
f 704/3/782 705/1/783 109/3/123 
f 109/3/123 705/1/783 706/1/784 
f 111/11/125 706/1/784 705/1/783 
f 116/12/130 706/1/784 111/11/125 
f 115/13/129 706/1/784 116/12/130 
f 706/1/784 115/13/129 109/3/123 
f 109/3/123 115/13/129 702/12/779 
f 117/1/131 702/12/779 115/13/129 
f 702/12/779 117/1/131 700/1/777 
f 700/1/777 117/1/131 707/1/785 
f 114/1/786 707/1/785 117/1/131 
f 707/1/785 114/1/786 700/1/777 
f 708/1/787 700/1/777 114/1/786 
f 700/1/777 708/1/787 701/1/778 
f 114/1/786 701/1/778 708/1/787 
f 701/1/778 114/1/786 703/13/780 
f 116/12/130 703/13/780 114/1/786 
f 709/61/788 710/64/789 711/60/790 
f 712/67/791 711/60/790 710/64/789 
f 711/60/790 712/67/791 713/58/792 
f 713/58/792 712/67/791 714/56/793 
f 715/68/794 714/56/793 712/67/791 
f 714/56/793 715/68/794 716/53/795 
f 716/53/795 715/68/794 173/54/796 
f 173/54/796 715/68/794 717/66/797 
f 712/67/791 717/66/797 715/68/794 
f 710/64/789 717/66/797 712/67/791 
f 717/66/797 710/64/789 718/65/798 
f 718/65/798 710/64/789 719/63/799 
f 709/61/788 719/63/799 710/64/789 
f 719/63/799 709/61/788 720/62/800 
f 720/62/800 709/61/788 166/59/801 
f 711/60/790 166/59/801 709/61/788 
f 713/58/792 166/59/801 711/60/790 
f 166/59/801 713/58/792 720/57/800 
f 714/56/793 720/57/800 713/58/792 
f 720/57/800 714/56/793 719/54/799 
f 716/53/795 719/54/799 714/56/793 
f 719/54/799 716/53/795 718/55/798 
f 122/41/154 120/39/154 144/258/802 
f 264/39/295 277/42/803 721/68/804 
f 573/53/634 721/68/804 277/42/803 
f 572/56/633 721/68/804 573/53/634 
f 721/68/804 572/56/633 722/67/805 
f 577/60/639 722/67/805 572/56/633 
f 722/67/805 577/60/639 723/64/806 
f 723/64/806 577/60/639 724/61/807 
f 272/59/638 724/61/807 577/60/639 
f 575/62/636 724/61/807 272/59/638 
f 574/63/808 724/61/807 575/62/636 
f 724/61/807 574/63/808 723/64/806 
f 571/65/809 723/64/806 574/63/808 
f 725/66/810 723/64/806 571/65/809 
f 723/64/806 725/66/810 722/67/805 
f 722/67/805 725/66/810 721/68/804 
f 726/39/811 721/68/804 725/66/810 
f 721/68/804 726/39/811 264/42/295 
f 727/68/812 569/39/813 280/42/814 
f 569/39/813 727/68/812 728/66/815 
f 729/67/816 728/66/815 727/68/812 
f 728/66/815 729/67/816 730/64/817 
f 731/61/818 730/64/817 729/67/816 
f 732/141/819 733/141/820 734/140/821 
f 598/140/660 734/140/821 733/141/820 
f 600/144/662 734/140/821 598/140/660 
f 734/140/821 600/144/662 735/144/822 
f 736/146/823 735/144/822 600/144/662 
f 735/144/822 736/146/823 737/146/824 
f 737/146/824 736/146/823 732/259/819 
f 732/259/819 736/146/823 733/259/820 
f 738/145/825 733/259/820 736/146/823 
f 733/259/820 738/145/825 739/260/826 
f 740/145/827 739/260/826 738/145/825 
f 739/260/826 740/145/827 741/260/828 
f 742/139/829 594/140/656 743/141/830 
f 594/140/656 742/139/829 595/142/657 
f 744/139/831 595/142/657 742/139/829 
f 745/142/832 595/142/657 744/139/831 
f 746/143/833 595/142/657 745/142/832 
f 595/142/657 746/143/833 593/143/655 
f 747/145/834 593/143/655 746/143/833 
f 748/145/835 593/143/655 747/145/834 
f 593/143/655 748/145/835 596/144/658 
f 749/146/836 596/144/658 748/145/835 
f 750/141/837 743/141/830 751/140/838 
f 594/140/656 751/140/838 743/141/830 
f 596/144/658 751/140/838 594/140/656 
f 751/140/838 596/144/658 752/144/839 
f 749/146/836 752/144/839 596/144/658 
f 752/144/839 749/146/836 753/146/840 
f 753/146/840 749/146/836 750/259/837 
f 750/259/837 749/146/836 743/259/841 
f 748/145/835 743/259/841 749/146/836 
f 743/259/841 748/145/835 742/260/829 
f 747/145/834 742/260/829 748/145/835 
f 742/260/829 747/145/834 744/260/842 
f 754/141/843 755/140/844 756/141/845 
f 755/140/844 754/141/843 757/140/846 
f 758/139/847 757/140/846 754/141/843 
f 757/140/846 758/139/847 759/142/848 
f 760/139/849 759/142/848 758/139/847 
f 761/142/850 759/142/848 760/139/849 
f 762/143/851 759/142/848 761/142/850 
f 759/142/848 762/143/851 581/143/643 
f 763/145/852 581/143/643 762/143/851 
f 581/143/643 763/145/852 579/145/641 
f 579/145/641 763/145/852 758/260/847 
f 760/260/849 758/260/847 763/145/852 
f 764/141/853 765/141/854 766/140/855 
f 767/140/856 766/140/855 765/141/854 
f 768/144/857 766/140/855 767/140/856 
f 766/140/855 768/144/857 769/144/858 
f 769/144/858 768/144/857 770/146/859 
f 771/146/860 770/146/859 768/144/857 
f 765/259/854 770/146/859 771/146/860 
f 770/146/859 765/259/854 764/259/853 
f 754/259/843 579/145/641 758/260/847 
f 579/145/641 754/259/843 580/146/642 
f 756/259/861 580/146/642 754/259/843 
f 772/146/862 580/146/642 756/259/861 
f 773/144/863 580/146/642 772/146/862 
f 580/146/642 773/144/863 578/144/640 
f 755/140/844 578/144/640 773/144/863 
f 757/140/846 578/144/640 755/140/844 
f 578/144/640 757/140/846 581/143/643 
f 759/142/848 581/143/643 757/140/846 
f 765/141/854 774/139/864 767/140/856 
f 775/142/865 767/140/856 774/139/864 
f 776/143/866 767/140/856 775/142/865 
f 767/140/856 776/143/866 768/144/857 
f 777/145/867 768/144/857 776/143/866 
f 768/144/857 777/145/867 771/146/860 
f 771/146/860 777/145/867 765/259/854 
f 765/259/854 777/145/867 774/260/868 
f 774/260/868 777/145/867 778/261/869 
f 776/143/866 778/261/869 777/145/867 
f 775/142/865 778/261/869 776/143/866 
f 778/261/869 775/142/865 774/139/864 
f 779/262/870 780/263/871 781/264/872 
f 780/263/871 779/262/870 691/249/768 
f 782/265/873 691/249/768 779/262/870 
f 691/249/768 782/265/873 689/247/766 
f 689/247/766 782/265/873 697/255/774 
f 783/266/874 697/255/774 782/265/873 
f 697/255/774 783/266/874 696/254/773 
f 696/254/773 783/266/874 244/128/260 
f 244/128/260 783/266/874 245/129/261 
f 784/267/875 245/129/261 783/266/874 
f 245/129/261 784/267/875 246/130/262 
f 785/268/876 246/130/262 784/267/875 
f 246/130/262 785/268/876 786/269/877 
f 786/269/877 785/268/876 787/270/878 
f 788/271/879 787/270/878 785/268/876 
f 787/270/878 788/271/879 789/272/880 
f 789/272/880 788/271/879 790/273/881 
f 791/274/882 790/273/881 788/271/879 
f 790/273/881 791/274/882 792/275/883 
f 792/275/883 791/274/882 793/276/884 
f 794/277/885 793/276/884 791/274/882 
f 793/276/884 794/277/885 795/278/886 
f 186/70/202 795/278/886 794/277/885 
f 189/73/205 795/278/886 186/70/202 
f 220/104/236 795/278/886 189/73/205 
f 795/278/886 220/104/236 793/276/884 
f 221/105/237 793/276/884 220/104/236 
f 796/279/887 793/276/884 221/105/237 
f 793/276/884 796/279/887 792/275/883 
f 797/280/888 792/275/883 796/279/887 
f 798/281/889 792/275/883 797/280/888 
f 792/275/883 798/281/889 790/273/881 
f 790/273/881 798/281/889 789/272/880 
f 789/272/880 798/281/889 787/270/878 
f 787/270/878 798/281/889 786/269/877 
f 797/280/888 786/269/877 798/281/889 
f 799/282/890 786/269/877 797/280/888 
f 786/269/877 799/282/890 246/130/262 
f 246/130/262 799/282/890 241/125/257 
f 800/283/891 241/125/257 799/282/890 
f 241/125/257 800/283/891 222/106/238 
f 801/284/892 222/106/238 800/283/891 
f 802/285/893 222/106/238 801/284/892 
f 222/106/238 802/285/893 221/105/237 
f 796/279/887 221/105/237 802/285/893 
f 213/286/894 803/286/894 214/286/894 
f 210/286/895 803/286/895 213/286/895 
f 220/104/236 189/73/205 219/103/235 
f 192/76/208 219/103/235 189/73/205 
f 219/103/235 192/76/208 218/102/234 
f 218/102/234 192/76/208 804/287/896 
f 195/79/211 804/287/896 192/76/208 
f 804/287/896 195/79/211 805/288/897 
f 199/83/215 805/288/897 195/79/211 
f 193/77/209 805/288/897 199/83/215 
f 805/288/897 193/77/209 806/289/898 
f 191/75/207 806/289/898 193/77/209 
f 806/289/898 191/75/207 807/290/899 
f 187/71/203 807/290/899 191/75/207 
f 807/290/899 187/71/203 808/291/900 
f 780/292/901 808/291/900 781/293/902 
f 808/291/900 780/292/901 807/290/899 
f 809/294/903 807/290/899 780/292/901 
f 807/290/899 809/294/903 806/289/898 
f 810/295/904 806/289/898 809/294/903 
f 806/289/898 810/295/904 805/288/897 
f 811/296/905 805/288/897 810/295/904 
f 805/288/897 811/296/905 804/287/896 
f 804/287/896 811/296/905 218/102/234 
f 217/297/906 218/102/234 811/296/905 
f 235/298/907 812/298/907 234/298/907 
f 214/286/908 803/286/908 205/286/908 
f 205/286/909 803/286/909 203/286/909 
f 203/286/910 803/286/910 207/286/910 
f 207/286/911 803/286/911 208/286/911 
f 208/286/912 803/286/912 210/286/912 
f 234/298/913 812/298/913 231/298/913 
f 231/298/914 812/298/914 230/298/914 
f 230/298/915 812/298/915 226/298/915 
f 226/298/916 812/298/916 227/298/916 
f 227/298/917 812/298/917 238/298/917 
f 238/298/918 812/298/918 235/298/918 
f 780/263/871 691/249/768 809/299/919 
f 690/248/767 809/299/919 691/249/768 
f 809/299/919 690/248/767 810/300/920 
f 692/250/769 810/300/920 690/248/767 
f 810/300/920 692/250/769 811/301/921 
f 811/301/921 692/250/769 813/302/922 
f 693/251/770 813/302/922 692/250/769 
f 243/127/259 813/302/922 693/251/770 
f 242/126/258 813/302/922 243/127/259 
f 813/302/922 242/126/258 811/301/921 
f 811/301/921 242/126/258 217/101/233 
f 814/224/923 126/42/173 124/40/173 
f 815/141/924 816/141/925 817/141/926 
f 818/141/927 817/141/926 816/141/925 
f 819/141/928 817/141/926 818/141/927 
f 817/141/926 819/141/928 820/141/929 
f 821/139/930 820/141/929 819/141/928 
f 820/141/929 821/139/930 817/141/926 
f 822/139/931 817/141/926 821/139/930 
f 817/141/926 822/139/931 815/141/924 
f 823/139/932 815/141/924 822/139/931 
f 814/303/933 815/141/924 823/139/932 
f 815/141/924 814/303/933 824/304/934 
f 124/20/138 824/304/934 814/303/933 
f 125/21/139 824/304/934 124/20/138 
f 824/304/934 125/21/139 126/22/935 
f 274/56/291 268/55/936 275/53/292 
f 268/55/936 274/56/291 269/54/937 
f 269/54/937 274/56/291 271/57/288 
f 825/58/938 271/57/288 274/56/291 
f 271/57/288 825/58/938 272/59/289 
f 272/59/289 825/58/938 273/60/290 
f 274/56/291 273/60/290 825/58/938 
f 284/65/939 285/63/306 826/66/940 
f 827/64/941 826/66/940 285/63/306 
f 282/67/303 826/66/940 827/64/941 
f 278/68/299 826/66/940 282/67/303 
f 826/66/940 278/68/299 570/39/631 
f 570/39/631 278/68/299 280/42/301 
f 280/41/942 726/42/811 828/40/943 
f 726/42/811 280/41/942 264/39/295 
f 264/39/295 280/41/942 262/42/279 
f 279/40/300 262/42/279 280/41/942 
f 280/39/814 828/42/943 727/68/812 
f 829/53/944 727/68/812 828/42/943 
f 727/68/812 829/53/944 729/67/816 
f 729/67/816 829/53/944 830/56/945 
f 831/55/946 830/56/945 829/53/944 
f 832/54/947 830/56/945 831/55/946 
f 830/56/945 832/54/947 833/58/948 
f 833/58/948 832/54/947 834/57/949 
f 739/139/950 598/140/660 733/141/820 
f 598/140/660 739/139/950 599/142/661 
f 741/139/951 599/142/661 739/139/950 
f 835/142/952 599/142/661 741/139/951 
f 836/143/953 599/142/661 835/142/952 
f 599/142/661 836/143/953 597/143/659 
f 740/145/827 597/143/659 836/143/953 
f 738/145/825 597/143/659 740/145/827 
f 597/143/659 738/145/825 600/144/662 
f 736/146/823 600/144/662 738/145/825 
f 837/305/954 731/61/818 838/60/955 
f 729/67/816 838/60/955 731/61/818 
f 830/56/945 838/60/955 729/67/816 
f 833/58/948 838/60/955 830/56/945 
f 838/60/955 833/58/948 837/305/954 
f 834/62/956 837/305/954 833/58/948 
f 837/305/954 834/62/956 731/61/818 
f 731/61/818 834/62/956 730/64/817 
f 832/63/947 730/64/817 834/62/956 
f 730/64/817 832/63/947 728/66/815 
f 728/66/815 832/63/947 831/65/957 
f 839/53/958 293/68/314 295/206/959 
f 293/68/314 839/53/958 297/67/318 
f 297/67/318 839/53/958 840/56/960 
f 841/55/961 840/56/960 839/53/958 
f 842/54/962 840/56/960 841/55/961 
f 840/56/960 842/54/962 843/58/963 
f 844/57/964 843/58/963 842/54/962 
f 288/59/965 843/58/963 844/57/964 
f 845/60/966 843/58/963 288/59/965 
f 843/58/963 845/60/966 840/56/960 
f 840/56/960 845/60/966 297/67/318 
f 297/67/318 845/60/966 298/61/319 
f 288/59/965 298/61/319 845/60/966 
f 844/62/964 298/61/319 288/59/965 
f 298/61/319 844/62/964 296/64/317 
f 842/63/967 296/64/317 844/62/964 
f 296/64/317 842/63/967 294/66/315 
f 841/65/961 294/66/315 842/63/967 
f 846/141/968 301/141/322 847/140/969 
f 300/140/321 847/140/969 301/141/322 
f 304/144/325 847/140/969 300/140/321 
f 847/140/969 304/144/325 848/144/970 
f 306/146/327 848/144/970 304/144/325 
f 848/144/970 306/146/327 849/146/971 
f 849/146/971 306/146/327 846/259/972 
f 846/259/972 306/146/327 301/259/322 
f 305/145/326 301/259/322 306/146/327 
f 301/259/322 305/145/326 299/260/973 
f 299/260/973 305/145/326 850/260/974 
f 850/260/974 305/145/326 851/145/975 
f 851/145/975 305/145/326 852/143/976 
f 303/143/324 852/143/976 305/145/326 
f 852/143/976 303/143/324 853/142/977 
f 302/142/323 853/142/977 303/143/324 
f 299/139/320 853/142/977 302/142/323 
f 853/142/977 299/139/320 850/139/974 
f 854/142/978 855/139/979 856/139/980 
f 855/139/979 854/142/978 857/142/981 
f 857/142/981 854/142/978 858/143/982 
f 859/143/983 858/143/982 854/142/978 
f 858/143/982 859/143/983 860/145/984 
f 861/145/985 860/145/984 859/143/983 
f 856/260/986 860/145/984 861/145/985 
f 855/260/979 860/145/984 856/260/986 
f 862/259/987 860/145/984 855/260/979 
f 860/145/984 862/259/987 863/146/988 
f 864/306/989 863/146/988 862/259/987 
f 865/144/990 863/146/988 864/306/989 
f 863/146/988 865/144/990 860/145/984 
f 860/145/984 865/144/990 858/143/982 
f 866/140/991 858/143/982 865/144/990 
f 858/143/982 866/140/991 857/142/981 
f 857/142/981 866/140/991 855/139/979 
f 855/139/979 866/140/991 862/141/987 
f 862/141/987 866/140/991 864/306/989 
f 865/144/990 864/306/989 866/140/991 
f 343/183/364 342/182/363 339/179/360 
f 867/307/992 339/179/360 342/182/363 
f 339/179/360 867/307/992 340/180/361 
f 868/308/993 340/180/361 867/307/992 
f 340/180/361 868/308/993 341/181/362 
f 353/193/994 341/181/362 868/308/993 
f 341/181/362 353/193/994 869/309/995 
f 870/310/996 869/309/995 353/193/994 
f 869/309/995 870/310/996 351/191/997 
f 351/191/997 870/310/996 352/192/373 
f 871/311/998 352/192/373 870/310/996 
f 352/192/373 871/311/998 868/308/993 
f 319/159/340 868/308/993 871/311/998 
f 868/308/993 319/159/340 353/193/994 
f 353/193/994 319/159/340 870/310/996 
f 870/310/996 319/159/340 871/311/998 
f 869/309/995 342/182/363 341/181/362 
f 342/182/363 869/309/995 867/307/992 
f 351/191/997 867/307/992 869/309/995 
f 867/307/992 351/191/997 868/308/993 
f 868/308/993 351/191/997 352/192/373 
f 349/189/370 352/192/373 351/191/372 
f 368/3/390 372/7/999 872/7/1000 
f 873/1/1001 872/7/1000 372/7/999 
f 874/3/1002 872/7/1000 873/1/1001 
f 872/7/1000 874/3/1002 368/3/390 
f 873/1/1001 368/3/390 874/3/1002 
f 368/3/390 873/1/1001 875/1/1003 
f 372/7/999 875/1/1003 873/1/1001 
f 371/195/393 875/1/1003 372/7/999 
f 876/200/1004 875/1/1003 371/195/393 
f 369/198/391 875/1/1003 876/200/1004 
f 875/1/1003 369/198/391 368/3/390 
f 877/3/1005 367/197/389 369/198/391 
f 367/197/389 877/3/1005 878/196/1006 
f 879/196/1007 878/196/1006 877/3/1005 
f 880/7/1008 878/196/1006 879/196/1007 
f 878/196/1006 880/7/1008 367/194/389 
f 371/195/1009 367/194/389 880/7/1008 
f 881/312/1010 882/313/1011 883/314/1012 
f 884/315/1013 883/314/1012 882/313/1011 
f 883/314/1012 884/315/1013 885/316/1014 
f 886/317/1015 885/316/1014 884/315/1013 
f 887/318/1016 885/316/1014 886/317/1015 
f 888/319/1017 885/316/1014 887/318/1016 
f 885/316/1014 888/319/1017 883/314/1012 
f 883/314/1012 888/319/1017 881/312/1010 
f 889/202/1018 890/201/1019 880/7/1008 
f 890/201/1019 889/202/1018 877/3/1005 
f 877/3/1005 889/202/1018 879/196/1007 
f 880/7/1008 879/196/1007 889/202/1018 
f 891/201/1020 389/1/414 892/3/1021 
f 388/3/413 892/3/1021 389/1/414 
f 893/201/1022 892/3/1021 388/3/413 
f 892/3/1021 893/201/1022 891/201/1020 
f 894/7/1023 891/201/1020 893/201/1022 
f 891/201/1020 894/7/1023 389/1/414 
f 389/1/414 894/7/1023 385/7/410 
f 893/201/1022 385/7/410 894/7/1023 
f 385/7/410 893/201/1022 895/1/1024 
f 388/7/413 895/1/1024 893/201/1022 
f 896/200/1025 895/1/1024 388/7/413 
f 895/1/1024 896/200/1025 385/3/410 
f 385/3/410 896/200/1025 383/198/1026 
f 896/200/1027 465/215/502 383/195/1028 
f 465/215/502 896/200/1027 471/221/509 
f 471/221/509 896/200/1027 469/219/506 
f 387/198/1029 469/219/506 896/200/1027 
f 896/200/1025 388/7/413 387/195/412 
f 890/1/1030 371/198/1009 880/3/1008 
f 371/198/1009 890/1/1030 876/200/1004 
f 876/200/1004 890/1/1030 369/195/391 
f 877/7/1031 369/195/391 890/1/1030 
f 897/201/1032 898/1/1033 899/3/1034 
f 900/3/1035 899/3/1034 898/1/1033 
f 901/201/1036 899/3/1034 900/3/1035 
f 899/3/1034 901/201/1036 897/201/1032 
f 902/7/1037 897/201/1032 901/201/1036 
f 897/201/1032 902/7/1037 898/1/1033 
f 898/1/1033 902/7/1037 379/7/404 
f 901/201/1036 379/7/404 902/7/1037 
f 379/7/404 901/201/1036 382/1/407 
f 900/7/1035 382/1/407 901/201/1036 
f 382/1/407 900/7/1035 380/200/405 
f 380/200/405 900/7/1035 482/195/519 
f 481/219/518 380/200/405 482/198/519 
f 380/200/405 481/219/518 903/221/1038 
f 903/221/1038 481/219/518 904/3/1039 
f 905/220/1040 904/3/1039 481/219/518 
f 479/215/1041 904/3/1039 905/220/1040 
f 906/1/1042 904/3/1039 479/215/1041 
f 904/3/1039 906/1/1042 903/221/1038 
f 479/215/1041 903/221/1038 906/1/1042 
f 903/221/1038 479/215/1041 380/200/405 
f 381/195/521 380/200/405 479/215/1041 
f 483/200/520 482/198/519 907/1/1043 
f 900/3/1035 907/1/1043 482/198/519 
f 898/1/1033 907/1/1043 900/3/1035 
f 379/7/404 907/1/1043 898/1/1033 
f 381/195/406 907/1/1043 379/7/404 
f 907/1/1043 381/195/406 483/200/520 
f 908/316/1044 909/315/1045 910/317/1046 
f 911/314/1047 909/315/1045 908/316/1044 
f 909/315/1045 911/314/1047 912/313/1048 
f 912/313/1048 911/314/1047 913/312/1049 
f 913/312/1049 911/314/1047 914/319/1050 
f 908/316/1044 914/319/1050 911/314/1047 
f 914/319/1050 908/316/1044 915/318/1051 
f 910/317/1046 915/318/1051 908/316/1044 
f 377/200/399 360/198/381 916/1/1052 
f 361/3/382 916/1/1052 360/198/381 
f 916/1/1052 361/3/382 917/1/1053 
f 918/3/1054 917/1/1053 361/3/382 
f 917/1/1053 918/3/1054 919/7/1055 
f 361/3/382 919/7/1055 918/3/1054 
f 363/7/385 919/7/1055 361/3/382 
f 919/7/1055 363/7/385 917/1/1053 
f 917/1/1053 363/7/385 916/1/1052 
f 356/195/1056 916/1/1052 363/7/385 
f 916/1/1052 356/195/1056 377/200/399 
f 920/56/1057 921/54/1058 922/55/1059 
f 923/58/1060 921/54/1058 920/56/1057 
f 921/54/1058 923/58/1060 290/57/311 
f 290/57/311 923/58/1060 288/59/309 
f 288/59/309 923/58/1060 291/60/312 
f 920/56/1057 291/60/312 923/58/1060 
f 291/60/312 920/56/1057 292/67/313 
f 292/67/313 920/56/1057 924/53/1061 
f 922/55/1059 924/53/1061 920/56/1057 
f 922/65/1059 921/63/1062 925/66/1063 
f 926/64/1064 925/66/1063 921/63/1062 
f 927/68/1065 925/66/1063 926/64/1064 
f 925/66/1063 927/68/1065 295/138/1066 
f 927/68/1065 924/53/1061 295/206/1067 
f 924/53/1061 927/68/1065 292/67/313 
f 926/64/1064 292/67/313 927/68/1065 
f 292/67/313 926/64/1064 289/61/310 
f 289/61/310 926/64/1064 290/62/311 
f 921/63/1062 290/62/311 926/64/1064 
f 285/63/306 287/62/1068 827/64/941 
f 928/61/1069 827/64/941 287/62/1068 
f 827/64/941 928/61/1069 282/67/303 
f 929/60/1070 282/67/303 928/61/1069 
f 282/67/303 929/60/1070 283/56/304 
f 283/56/304 929/60/1070 286/58/307 
f 286/58/307 929/60/1070 837/305/1071 
f 928/61/1069 837/305/1071 929/60/1070 
f 287/62/1068 837/305/1071 928/61/1069 
f 837/305/1071 287/62/1068 286/58/307 
f 930/1/1072 931/1/1073 177/1/192 
f 931/1/1073 930/1/1072 174/1/189 
f 177/1/192 174/1/189 930/1/1072 
f 932/238/1074 933/237/1075 934/236/1076 
f 935/231/1077 934/236/1076 933/237/1075 
f 936/235/1078 934/236/1076 935/231/1077 
f 934/236/1076 936/235/1078 932/238/1074 
f 937/239/1079 932/238/1074 936/235/1078 
f 938/233/1080 932/238/1074 937/239/1079 
f 932/238/1074 938/233/1080 933/237/1075 
f 939/229/1081 933/237/1075 938/233/1080 
f 933/237/1075 939/229/1081 935/231/1077 
f 940/230/1082 935/231/1077 939/229/1081 
f 935/231/1077 940/230/1082 936/235/1078 
f 941/234/1083 936/235/1078 940/230/1082 
f 936/235/1078 941/234/1083 937/239/1079 
f 937/239/1079 941/234/1083 938/233/1080 
f 942/232/1084 938/233/1080 941/234/1083 
f 938/233/1080 942/232/1084 939/229/1081 
f 939/229/1081 942/232/1084 940/230/1082 
f 940/230/1082 942/232/1084 941/234/1083 
f 931/1/1073 178/12/193 177/3/1085 
f 178/12/193 931/1/1073 943/13/1086 
f 174/1/189 943/13/1086 931/1/1073 
f 180/12/196 943/13/1086 174/1/189 
f 943/13/1086 180/12/196 944/1/1087 
f 182/3/1088 944/1/1087 180/12/196 
f 182/11/1088 184/7/1089 945/7/1090 
f 946/1/1091 945/7/1090 184/7/1089 
f 945/7/1090 946/1/1091 182/11/1088 
f 182/11/1088 946/1/1091 944/1/1087 
f 184/7/1089 944/1/1087 946/1/1091 
f 944/1/1087 184/7/1089 943/13/1086 
f 943/13/1086 184/7/1089 178/12/193 
f 947/3/1092 184/3/200 182/11/198 
f 184/3/200 947/3/1092 183/1/199 
f 182/11/198 183/1/199 947/3/1092 
f 948/1/1093 949/3/1094 950/3/1095 
f 951/14/1096 950/3/1095 949/3/1094 
f 950/3/1095 951/14/1096 948/1/1093 
f 952/7/1097 948/1/1093 951/14/1096 
f 953/1/1098 948/1/1093 952/7/1097 
f 948/1/1093 953/1/1098 949/3/1094 
f 954/13/1099 949/3/1094 953/1/1098 
f 949/3/1094 954/13/1099 605/12/667 
f 605/12/667 954/13/1099 604/1/666 
f 604/1/666 954/13/1099 602/3/1100 
f 602/3/1100 954/13/1099 955/12/1101 
f 953/1/1098 955/12/1101 954/13/1099 
f 955/12/1101 953/1/1098 956/7/1102 
f 956/7/1102 953/1/1098 952/7/1097 
f 951/14/1096 957/1/1103 952/3/1104 
f 957/1/1103 951/14/1096 958/7/1105 
f 949/7/1094 958/7/1105 951/14/1096 
f 958/7/1105 949/7/1094 957/1/1103 
f 959/1/1106 957/1/1103 949/7/1094 
f 957/1/1103 959/1/1106 952/3/1104 
f 952/3/1104 959/1/1106 956/3/1102 
f 956/3/1102 959/1/1106 955/12/1107 
f 955/12/1107 959/1/1106 960/13/1108 
f 949/7/1094 960/13/1108 959/1/1106 
f 605/12/667 960/13/1108 949/7/1094 
f 960/13/1108 605/12/667 961/1/1109 
f 603/3/1110 961/1/1109 605/12/667 
f 961/1/1109 603/3/1110 962/3/1111 
f 602/11/664 962/3/1111 603/3/1110 
f 962/3/1111 602/11/664 961/1/1109 
f 961/1/1109 602/11/664 960/13/1108 
f 955/12/1107 960/13/1108 602/11/664 
f 610/240/1112 608/7/670 963/7/1113 
f 964/1/1114 963/7/1113 608/7/670 
f 963/7/1113 964/1/1114 610/240/1112 
f 610/240/1112 964/1/1114 965/1/1115 
f 608/7/670 965/1/1115 964/1/1114 
f 607/12/669 965/1/1115 608/7/670 
f 966/13/1116 965/1/1115 607/12/669 
f 965/1/1115 966/13/1116 610/320/1112 
f 610/320/1112 966/13/1116 609/13/671 
f 609/13/671 966/13/1116 967/3/1117 
f 967/3/1117 966/13/1116 968/1/1118 
f 607/12/669 968/1/1118 966/13/1116 
f 969/3/1119 968/1/1118 607/12/669 
f 968/1/1118 969/3/1119 970/3/1120 
f 971/14/1121 970/3/1120 969/3/1119 
f 970/3/1120 971/14/1121 968/1/1118 
f 968/1/1118 971/14/1121 967/3/1117 
f 972/1/1122 967/3/1117 971/14/1121 
f 973/1/1123 967/3/1117 972/1/1122 
f 967/3/1117 973/1/1123 609/13/671 
f 609/13/671 973/1/1123 607/12/669 
f 607/12/669 973/1/1123 969/7/1124 
f 972/1/1122 969/7/1124 973/1/1123 
f 969/7/1124 972/1/1122 974/7/1125 
f 971/14/1121 974/7/1125 972/1/1122 
f 974/7/1125 971/14/1121 969/7/1124 
f 618/1/680 975/7/1126 615/10/677 
f 975/7/1126 618/1/680 976/7/1127 
f 976/7/1127 618/1/680 977/1/1128 
f 617/7/679 977/1/1128 618/1/680 
f 978/1/1129 977/1/1128 617/7/679 
f 977/1/1128 978/1/1129 976/3/1127 
f 976/3/1127 978/1/1129 975/3/1126 
f 615/10/1130 975/3/1126 978/1/1129 
f 615/199/677 619/3/1131 618/1/1132 
f 655/1/724 653/3/1133 652/1/721 
f 653/3/1133 655/1/724 665/3/735 
f 658/1/727 665/3/735 655/1/724 
f 665/3/735 658/1/727 666/7/736 
f 661/7/730 666/7/736 658/1/727 
f 979/1/1134 980/1/1135 981/3/1136 
f 982/4/1137 981/3/1136 980/1/1135 
f 981/3/1136 982/4/1137 983/2/1138 
f 983/2/1138 982/4/1137 984/5/1139 
f 984/5/1139 982/4/1137 985/6/1140 
f 980/1/1135 985/6/1140 982/4/1137 
f 985/6/1140 980/1/1135 986/7/1141 
f 979/1/1134 986/7/1141 980/1/1135 
f 986/7/1141 979/1/1134 987/1/1142 
f 981/7/1143 987/1/1142 979/1/1134 
f 988/1/1144 987/1/1142 981/7/1143 
f 987/1/1142 988/1/1144 986/3/1141 
f 986/3/1141 988/1/1144 985/2/1145 
f 989/4/1146 985/2/1145 988/1/1144 
f 985/2/1145 989/4/1146 984/5/1147 
f 984/5/1147 989/4/1146 983/6/1138 
f 983/6/1138 989/4/1146 981/7/1143 
f 981/7/1143 989/4/1146 988/1/1144 
f 990/6/1148 991/1/1149 992/1/1150 
f 991/1/1149 990/6/1148 993/4/1151 
f 994/5/1152 993/4/1151 990/6/1148 
f 995/2/1153 993/4/1151 994/5/1152 
f 996/1/1154 993/4/1151 995/2/1153 
f 993/4/1151 996/1/1154 991/1/1149 
f 997/1/1155 991/1/1149 996/1/1154 
f 991/1/1149 997/1/1155 992/1/1150 
f 992/1/1150 997/1/1155 990/2/1156 
f 998/4/1157 990/2/1156 997/1/1155 
f 990/2/1156 998/4/1157 994/5/1158 
f 994/5/1158 998/4/1157 995/6/1159 
f 995/6/1159 998/4/1157 996/1/1154 
f 997/1/1155 996/1/1154 998/4/1157 
f 620/7/1160 615/10/1130 999/1/1161 
f 978/1/1129 999/1/1161 615/10/1130 
f 617/7/679 999/1/1161 978/1/1129 
f 999/1/1161 617/7/679 620/3/683 
f 462/210/498 1000/228/1162 463/213/500 
f 461/208/497 1000/228/1162 462/210/498 
f 1000/228/1162 461/208/497 1001/223/1163 
f 460/206/495 1001/223/1163 461/208/497 
f 1001/223/1163 460/206/495 1002/39/1164 
f 1003/224/1165 1002/39/1164 460/206/495 
f 1002/39/1164 1003/224/1165 1001/227/1163 
f 1001/227/1163 1003/224/1165 1000/226/1162 
f 1000/226/1162 1003/224/1165 463/225/1166 
f 463/225/1166 1003/224/1165 464/41/501 
f 464/41/501 1003/224/1165 459/205/494 
f 460/206/495 459/205/494 1003/224/1165 
f 465/215/502 467/1/504 1004/221/1167 
f 466/7/1168 1004/221/1167 467/1/504 
f 469/219/506 1004/221/1167 466/7/1168 
f 387/195/1029 1004/221/1167 469/219/506 
f 386/200/411 1004/221/1167 387/195/1029 
f 383/198/1026 1004/221/1167 386/200/411 
f 1004/221/1167 383/198/1026 465/222/1169 
f 1005/1/1170 1006/7/1171 1007/7/1172 
f 1008/1/1173 1006/7/1171 1005/1/1170 
f 1006/7/1171 1008/1/1173 1009/14/1174 
f 1010/3/1175 1009/14/1174 1008/1/1173 
f 1009/14/1174 1010/3/1175 1011/3/1176 
f 1008/1/1173 1011/3/1176 1010/3/1175 
f 1005/1/1170 1011/3/1176 1008/1/1173 
f 1011/3/1176 1005/1/1170 452/1/487 
f 452/1/487 1005/1/1170 450/1/485 
f 450/1/485 1005/1/1170 451/3/486 
f 1007/7/1172 451/3/486 1005/1/1170 
f 1011/7/1176 452/3/1177 1012/1/1178 
f 454/1/489 1012/1/1178 452/3/1177 
f 451/1/486 1012/1/1178 454/1/489 
f 1007/3/1172 1012/1/1178 451/1/486 
f 1006/3/1179 1012/1/1178 1007/3/1172 
f 1013/1/1180 1012/1/1178 1006/3/1179 
f 1012/1/1178 1013/1/1180 1011/7/1176 
f 1014/7/1181 1011/7/1176 1013/1/1180 
f 1011/7/1176 1014/7/1181 1009/14/1182 
f 1013/1/1180 1009/14/1182 1014/7/1181 
f 1009/14/1182 1013/1/1180 1006/3/1179 
f 522/205/1183 524/41/1183 521/224/1183 
f 475/209/546 504/211/546 474/210/1184 
f 522/212/1184 474/210/1184 504/211/546 
f 524/214/570 474/210/1184 522/212/1184 
f 474/210/1184 524/214/570 523/213/570 
f 480/7/517 905/217/1040 481/218/1185 
f 905/217/1040 480/7/517 479/215/516 
f 477/216/514 479/215/516 480/7/517 
f 105/12/119 1015/3/1186 1016/1/1187 
f 1017/1/1188 1016/1/1187 1015/3/1186 
f 1018/240/1189 1016/1/1187 1017/1/1188 
f 1019/13/1190 1016/1/1187 1018/240/1189 
f 1016/1/1187 1019/13/1190 105/12/119 
f 105/12/119 1019/13/1190 103/1/117 
f 1020/3/1191 103/1/117 1019/13/1190 
f 103/1/117 1020/3/1191 106/1/120 
f 106/1/120 1020/3/1191 108/14/122 
f 1021/1/1192 108/14/122 1020/3/1191 
f 1022/3/1193 108/14/122 1021/1/1192 
f 108/14/122 1022/3/1193 104/3/1194 
f 1021/1/1192 104/3/1194 1022/3/1193 
f 104/3/1194 1021/1/1192 105/12/119 
f 105/12/119 1021/1/1192 1023/13/1195 
f 1020/3/1191 1023/13/1195 1021/1/1192 
f 1019/13/1190 1023/13/1195 1020/3/1191 
f 1018/320/1189 1023/13/1195 1019/13/1190 
f 1024/1/1196 1023/13/1195 1018/320/1189 
f 1023/13/1195 1024/1/1196 105/12/119 
f 105/12/119 1024/1/1196 1015/7/1186 
f 1015/7/1186 1024/1/1196 1025/1/1197 
f 1018/240/1189 1025/1/1197 1024/1/1196 
f 1026/7/1198 1025/1/1197 1018/240/1189 
f 1025/1/1197 1026/7/1198 1015/7/1186 
f 1015/7/1186 1026/7/1198 1018/240/1189 
f 1027/3/1199 1015/3/1186 1018/240/1189 
f 1015/3/1186 1027/3/1199 1017/1/1188 
f 1018/240/1189 1017/1/1188 1027/3/1199 
f 82/10/93 1028/1/1200 1029/1/1201 
f 1030/1/1202 1029/1/1201 1028/1/1200 
f 85/7/96 1029/1/1201 1030/1/1202 
f 80/1/91 1029/1/1201 85/7/96 
f 1031/7/1203 1029/1/1201 80/1/91 
f 1029/1/1201 1031/7/1203 82/199/93 
f 1032/1/1204 1028/1/1200 82/3/1205 
f 1028/1/1200 1032/1/1204 1030/1/1202 
f 1030/1/1202 1032/1/1204 85/3/96 
f 85/3/96 1032/1/1204 88/7/100 
f 82/10/1206 88/7/100 1032/1/1204 
f 82/199/1205 1031/3/1207 80/1/1208 
f 1033/1/1209 72/7/1210 75/1/85 
f 1034/1/1211 72/7/1210 1033/1/1209 
f 72/7/1210 1034/1/1211 73/9/1212 
f 1035/3/1213 73/9/1212 1034/1/1211 
f 73/9/1212 1035/3/1213 78/3/88 
f 1034/1/1211 78/3/88 1035/3/1213 
f 1033/1/1209 78/3/88 1034/1/1211 
f 78/3/88 1033/1/1209 77/7/87 
f 1036/1/1214 77/7/87 1033/1/1209 
f 77/7/87 1036/1/1214 75/1/85 
f 1033/1/1209 75/1/85 1036/1/1214 
f 1037/5/1215 1038/2/1216 1039/4/1217 
f 1040/1/1218 1039/4/1217 1038/2/1216 
f 1039/4/1217 1040/1/1218 1041/1/1219 
f 1041/1/1219 1040/1/1218 1042/1/1220 
f 1042/1/1220 1040/1/1218 1043/4/1221 
f 1038/6/1222 1043/4/1221 1040/1/1218 
f 1037/5/1223 1043/4/1221 1038/6/1222 
f 1044/2/1224 1043/4/1221 1037/5/1223 
f 1043/4/1221 1044/2/1224 1042/1/1220 
f 1045/1/1225 1042/1/1220 1044/2/1224 
f 1042/1/1220 1045/1/1225 1041/1/1219 
f 1044/6/1226 1041/1/1219 1045/1/1225 
f 1041/1/1219 1044/6/1226 1039/4/1217 
f 1039/4/1217 1044/6/1226 1037/5/1215 
f 1046/4/1227 1047/5/1228 1048/2/1229 
f 1047/5/1228 1046/4/1227 1049/6/1230 
f 1049/6/1230 1046/4/1227 1050/7/1231 
f 1050/7/1231 1046/4/1227 1051/1/1232 
f 1048/2/1229 1051/1/1232 1046/4/1227 
f 1052/3/1233 1051/1/1232 1048/2/1229 
f 1053/1/1234 1051/1/1232 1052/3/1233 
f 1051/1/1232 1053/1/1234 1050/7/1231 
f 1050/7/1231 1053/1/1234 1054/1/1235 
f 1052/7/1236 1054/1/1235 1053/1/1234 
f 1054/1/1235 1052/7/1236 1055/1/1237 
f 1048/6/1238 1055/1/1237 1052/7/1236 
f 1055/1/1237 1048/6/1238 1056/4/1239 
f 1047/5/1240 1056/4/1239 1048/6/1238 
f 1049/2/1230 1056/4/1239 1047/5/1240 
f 1050/3/1241 1056/4/1239 1049/2/1230 
f 1056/4/1239 1050/3/1241 1055/1/1237 
f 1054/1/1235 1055/1/1237 1050/3/1241 
f 92/3/105 1057/1/1242 93/12/106 
f 1058/13/1243 93/12/106 1057/1/1242 
f 93/12/106 1058/13/1243 102/7/1244 
f 1059/1/1245 102/7/1244 1058/13/1243 
f 1060/1/1246 102/7/1244 1059/1/1245 
f 1061/7/1247 102/7/1244 1060/1/1246 
f 102/7/1244 1061/7/1247 100/14/114 
f 1060/1/1246 100/14/114 1061/7/1247 
f 100/14/114 1060/1/1246 98/3/1248 
f 1059/1/1245 98/3/1248 1060/1/1246 
f 98/3/1248 1059/1/1245 97/3/111 
f 97/3/111 1059/1/1245 95/12/109 
f 1058/13/1243 95/12/109 1059/1/1245 
f 95/12/109 1058/13/1243 89/11/102 
f 1057/1/1242 89/11/102 1058/13/1243 
f 89/11/102 1057/1/1242 1062/3/1249 
f 92/3/105 1062/3/1249 1057/1/1242 
f 1062/3/1249 92/3/105 89/11/102 
f 1063/1/1250 1064/2/1250 1065/3/1250 
f 1066/4/1251 1064/2/1251 1063/1/1251 
f 1064/2/1252 1066/4/1252 1067/5/1252 
f 1067/5/1253 1066/4/1253 1068/6/1253 
f 1068/6/1254 1066/4/1254 1069/1/1254 
f 1063/1/1255 1069/1/1255 1066/4/1255 
f 1069/1/1256 1063/1/1256 1070/1/1256 
f 1065/1/1257 1070/1/1257 1063/1/1257 
f 1071/1/1258 1070/1/1258 1065/1/1258 
f 1070/1/1259 1071/1/1259 1069/1/1259 
f 1069/1/1260 1071/1/1260 1072/1/1260 
f 1065/1/1261 1072/1/1261 1071/1/1261 
f 1064/6/1262 1072/1/1262 1065/1/1262 
f 1072/1/1263 1064/6/1263 1073/4/1263 
f 1067/5/1264 1073/4/1264 1064/6/1264 
f 1068/2/1265 1073/4/1265 1067/5/1265 
f 1069/3/1266 1073/4/1266 1068/2/1266 
f 1073/4/1267 1069/3/1267 1072/1/1267 
f 1074/1/1268 1075/2/1268 1076/3/1268 
f 1077/4/1269 1075/2/1269 1074/1/1269 
f 1075/2/1270 1077/4/1270 1078/5/1270 
f 1078/5/1271 1077/4/1271 1079/6/1271 
f 1079/6/1272 1077/4/1272 1080/1/1272 
f 1074/1/1273 1080/1/1273 1077/4/1273 
f 1080/1/1274 1074/1/1274 1081/1/1274 
f 1076/1/1275 1081/1/1275 1074/1/1275 
f 1082/1/1276 1081/1/1276 1076/1/1276 
f 1081/1/1277 1082/1/1277 1080/1/1277 
f 1080/1/1278 1082/1/1278 1083/1/1278 
f 1076/1/1279 1083/1/1279 1082/1/1279 
f 1075/6/1280 1083/1/1280 1076/1/1280 
f 1083/1/1281 1075/6/1281 1084/4/1281 
f 1078/5/1282 1084/4/1282 1075/6/1282 
f 1079/2/1283 1084/4/1283 1078/5/1283 
f 1080/3/1284 1084/4/1284 1079/2/1284 
f 1084/4/1285 1080/3/1285 1083/1/1285 
# 0 polygons - 1820 triangles

