# 3ds Max Wavefront OBJ Exporter v0.97b - (c)2007 guruware
# File Created: 05.01.2017 15:39:09

mtllib SkeletonSuit.mtl

#
# object crash_Shape
#

v  -3.5087 31.1048 0.9806
v  -3.8117 26.2731 -0.4298
v  -3.3645 25.9019 1.5998
v  3.7573 30.6758 -2.4216
v  3.9631 30.8681 -0.9680
v  3.4498 26.3719 -2.2492
v  2.1141 26.2808 -3.7707
v  -2.3389 31.2133 2.3993
v  -2.0125 25.5220 2.5821
v  -3.7573 30.6758 -2.4216
v  -2.1141 26.2808 -3.7707
v  -3.4498 26.3719 -2.2492
v  -3.9631 30.8681 -0.9680
v  0.0000 31.1253 3.1104
v  0.0000 25.2617 3.1400
v  2.0125 25.5220 2.5821
v  3.3645 25.9019 1.5998
v  2.3389 31.2133 2.3993
v  0.0000 26.1528 -4.2641
v  0.0000 30.1196 -4.1557
v  3.8117 26.2731 -0.4298
v  3.5087 31.1048 0.9806
v  1.8748 35.0154 3.5838
v  -3.4306 34.5622 2.3546
v  3.4306 34.5622 2.3546
v  -5.0483 34.0839 -1.0094
v  4.6249 34.2668 0.8019
v  -4.6249 34.2668 0.8019
v  5.0483 34.0839 -1.0094
v  -2.1534 30.3308 -3.5948
v  -4.6063 34.1281 -3.0296
v  2.1534 30.3308 -3.5948
v  -7.4343 37.8853 0.3992
v  -7.2459 37.0198 -1.3998
v  -6.2223 36.7979 -1.4083
v  -5.8173 37.4491 0.6422
v  -6.6956 40.4999 1.1587
v  -4.3051 37.3662 2.4438
v  -4.9656 40.0101 2.3335
v  -7.4945 37.9878 -3.3519
v  -8.1951 40.3953 -3.8917
v  -5.5781 37.8720 -3.5590
v  4.3051 37.3662 2.4438
v  5.8173 37.4491 0.6422
v  6.2223 36.7979 -1.4083
v  7.4343 37.8853 0.3992
v  6.6956 40.4999 1.1587
v  3.3419 37.9684 -5.6383
v  1.3584 41.8966 -6.5807
v  3.8012 41.9656 -5.6539
v  4.0306 44.7619 -5.5219
v  6.0830 42.2991 -3.8482
v  2.3665 44.0915 -6.8713
v  -1.3584 41.8966 -6.5807
v  -3.3419 37.9684 -5.6383
v  -3.8012 41.9656 -5.6539
v  -6.0830 42.2991 -3.8482
v  -4.0306 44.7619 -5.5219
v  4.6063 34.1281 -3.0296
v  -2.0135 37.2764 4.0972
v  0.0000 37.3326 4.8124
v  0.0000 39.2747 5.2352
v  2.0135 37.2764 4.0972
v  -1.8748 35.0154 3.5838
v  2.2946 41.6521 5.3261
v  2.1974 39.3706 4.6296
v  -2.1974 39.3706 4.6296
v  -2.2946 41.6521 5.3261
v  -4.7369 42.3791 3.2864
v  0.0000 35.2862 4.2133
v  -2.3665 44.0915 -6.8713
v  0.1024 41.4802 -8.3802
v  2.4676 34.0446 -4.3716
v  0.0000 34.0073 -5.1641
v  0.0000 37.6937 -6.2346
v  -2.4676 34.0446 -4.3716
v  4.9656 40.0101 2.3335
v  4.7369 42.3791 3.2864
v  5.5781 37.8720 -3.5590
v  0.4614 44.2970 -7.4676
v  5.8845 43.0450 1.3613
v  6.7873 42.8165 -1.0846
v  7.3353 44.8895 -0.4840
v  6.2017 44.4667 -3.5844
v  8.4110 40.4526 1.0293
v  7.4945 37.9878 -3.3519
v  7.2459 37.0198 -1.3998
v  8.1951 40.3953 -3.8917
v  8.9674 41.8553 -1.4220
v  12.1304 39.7048 0.5283
v  13.4596 39.3677 0.3389
v  12.4891 40.5343 -1.8555
v  11.5135 38.0005 -3.1561
v  11.4363 37.0115 -1.4412
v  11.5952 37.8253 0.4926
v  11.6867 39.5160 -3.5613
v  9.8320 41.3689 -1.4925
v  13.2721 38.1145 -3.4970
v  13.6654 38.1283 0.5271
v  13.4295 37.1267 -1.3638
v  13.8135 39.5136 -3.6669
v  14.1004 40.4448 -2.1015
v  15.5661 39.3641 -3.0849
v  15.7102 38.0640 -5.7712
v  16.3202 40.0481 -4.8302
v  14.9212 37.5247 -2.5629
v  22.3049 37.8457 1.9444
v  21.6238 37.3590 -0.2152
v  22.4400 37.4001 -0.1716
v  22.7892 37.7183 -2.2457
v  21.7898 39.5006 -2.5863
v  22.3599 40.2974 -0.8927
v  22.6717 39.4466 -2.7727
v  21.7625 37.8552 -2.1262
v  23.6595 38.8982 -3.3496
v  23.6505 40.1143 -3.0768
v  21.3202 40.1560 -0.8483
v  22.2146 39.5831 1.5905
v  14.5393 39.6796 0.8510
v  14.4928 37.7062 0.9138
v  19.0706 37.8269 1.1916
v  15.0482 36.5061 -0.9126
v  21.5828 37.9531 1.7395
v  21.4644 39.4883 1.4285
v  19.0188 39.4744 1.0099
v  19.7284 37.8189 -2.1402
v  19.7134 39.4396 -2.5517
v  19.3526 37.1328 -0.3928
v  19.3453 40.1070 -1.1031
v  15.7448 40.6202 -1.7716
v  26.9139 35.4195 4.2158
v  24.5413 35.5654 4.2317
v  27.0669 35.8718 2.5197
v  27.9383 36.6552 3.6057
v  22.8009 39.5607 2.2321
v  23.1512 37.4486 -0.0498
v  29.7007 38.2335 4.0841
v  28.9148 39.5844 3.6573
v  28.8700 38.1325 4.2337
v  30.4731 36.8106 -1.5345
v  32.9758 36.1709 0.4621
v  30.3048 36.8307 0.9750
v  33.4591 37.3488 1.0512
v  30.4412 38.1453 1.1969
v  29.4217 36.7512 1.2604
v  29.8829 38.0835 -4.8913
v  29.7741 36.6977 -4.3886
v  29.2362 38.1810 -4.9881
v  24.0707 36.6093 4.6662
v  23.0450 37.4081 3.0487
v  23.8179 36.3692 2.1405
v  22.6489 37.7060 2.2795
v  32.7880 35.9369 -3.2924
v  30.3947 36.7652 -2.3650
v  33.4267 36.9680 -2.8474
v  30.6597 38.1193 -1.9816
v  29.3972 36.7565 -1.8168
v  24.5328 37.7995 5.1097
v  23.6452 40.2598 1.0894
v  27.5059 38.5109 4.5996
v  27.8932 39.8562 3.2611
v  24.2776 39.1321 3.8786
v  26.9868 38.0487 5.1689
v  28.0623 38.2202 4.2052
v  29.0718 36.6851 -4.3835
v  27.1023 36.7858 0.6464
v  28.8506 36.7714 3.6455
v  30.1846 36.8410 1.6826
v  29.5890 36.8870 3.6158
v  23.6021 40.5582 -1.0376
v  27.4993 40.3172 1.1106
v  23.5584 37.3781 -2.6157
v  30.4168 39.1734 -1.4357
v  29.5606 39.5459 -1.9139
v  30.2606 39.1929 0.4341
v  32.9715 38.6894 0.5782
v  29.7101 39.2823 3.4931
v  29.3817 39.5695 0.9432
v  23.3396 39.2625 2.9425
v  24.0726 39.9523 2.5771
v  27.1591 40.4445 -1.4853
v  28.9148 39.5844 -4.3459
v  30.4562 39.1767 -2.8059
v  30.1111 39.1869 -4.2858
v  26.3605 36.2532 -3.8786
v  26.6635 39.9701 -4.0400
v  26.5045 38.4917 -4.5980
v  33.1763 37.3825 2.2774
v  30.1200 39.2109 1.7439
v  32.5170 36.2259 2.9805
v  32.1260 36.2720 4.1303
v  32.3902 37.4761 4.6698
v  32.2498 38.7489 4.1065
v  32.8980 38.7548 2.4084
v  32.7037 38.6640 4.2209
v  34.6957 34.6688 3.2991
v  33.3066 38.5909 2.4801
v  33.7333 38.0541 2.7252
v  36.0064 36.1209 3.0859
v  34.3552 34.8289 4.9961
v  35.3691 36.3292 5.3684
v  33.0511 38.2011 4.3463
v  35.4595 37.0947 4.7611
v  35.8258 36.9887 3.4450
v  35.4091 34.8426 4.8604
v  35.6978 34.7195 3.7946
v  36.0569 35.9813 5.2522
v  36.6055 35.8020 3.6459
v  35.9674 36.6019 4.7720
v  36.2723 36.5531 3.8753
v  33.4591 37.3488 -1.7054
v  33.0345 38.6754 -1.3823
v  33.6534 38.5588 0.5894
v  32.9755 36.1713 -0.9211
v  35.3838 34.4152 0.9112
v  36.6099 35.8872 1.0990
v  33.9952 38.0124 0.5848
v  33.6526 38.5583 -1.3630
v  34.0045 38.0065 -1.2654
v  36.6099 35.8872 -1.5097
v  36.5702 36.7027 -0.9578
v  36.5702 36.7027 0.4113
v  35.3838 34.4152 -1.1750
v  36.4893 34.4322 -0.7799
v  36.4893 34.4322 0.5157
v  37.2977 35.5393 0.7323
v  37.2977 35.5393 -1.0851
v  37.0654 36.2412 -0.7636
v  37.0655 36.2412 0.2939
v  32.4239 36.2100 -4.6121
v  32.5156 38.6649 -4.7201
v  33.0340 38.6544 -3.2280
v  33.6447 38.4474 -3.3534
v  32.6794 37.4417 -5.1801
v  35.0233 34.7828 -3.7212
v  36.2793 36.0170 -3.5857
v  33.9269 37.7094 -3.4879
v  35.6420 36.2253 -5.7792
v  33.1078 38.5089 -4.8451
v  33.4006 38.1205 -4.8882
v  35.7532 36.9845 -5.2633
v  36.0883 36.8820 -4.1088
v  34.6219 34.8754 -5.1323
v  35.6567 34.7280 -5.1079
v  35.8909 34.6248 -4.2778
v  36.3298 35.8775 -5.6222
v  36.2132 36.5206 -5.2644
v  36.8438 35.7095 -4.1177
v  36.5113 36.4787 -4.3627
v  27.9251 36.1539 5.5449
v  27.6218 36.6105 4.5908
v  26.0836 34.6879 5.4085
v  25.8830 35.1313 6.4741
v  25.8104 36.5137 6.8393
v  27.4431 35.2265 4.8557
v  27.3307 37.1641 6.3328
v  26.0493 36.1886 6.9487
v  26.7371 34.3832 7.1923
v  26.6406 33.7012 5.9525
v  27.2156 33.4724 6.2490
v  27.0754 35.3485 7.5802
v  27.6615 34.9813 7.7733
v  28.8463 35.4618 7.3816
v  27.5837 36.7044 6.3602
v  27.6561 33.8193 7.5365
v  29.4235 34.6189 6.8561
v  28.6705 36.0922 6.9784
v  28.5273 34.4843 5.3949
v  28.7776 34.0548 5.8828
v  29.0151 35.4905 6.2218
v  -6.7873 42.8165 -1.0846
v  -8.4110 40.4526 1.0293
v  -5.8845 43.0450 1.3613
v  -7.3353 44.8895 -0.4840
v  -6.2017 44.4667 -3.5844
v  -11.5135 38.0005 -3.1561
v  -13.2721 38.1145 -3.4970
v  -13.8135 39.5136 -3.6669
v  -14.1004 40.4448 -2.1015
v  -11.6867 39.5160 -3.5613
v  -16.3202 40.0481 -4.8302
v  -15.7102 38.0640 -5.7712
v  -15.5661 39.3641 -3.0849
v  -13.4295 37.1267 -1.3638
v  -11.5952 37.8253 0.4926
v  -13.6654 38.1283 0.5271
v  -13.4596 39.3677 0.3389
v  -14.5393 39.6796 0.8510
v  -11.4363 37.0115 -1.4412
v  -14.9212 37.5247 -2.5629
v  -12.4891 40.5343 -1.8555
v  -8.9674 41.8553 -1.4220
v  -12.1304 39.7048 0.5283
v  -9.8320 41.3689 -1.4925
v  -22.7892 37.7183 -2.2457
v  -21.6238 37.3590 -0.2152
v  -22.4400 37.4001 -0.1716
v  -22.3049 37.8457 1.9444
v  -23.6505 40.1143 -3.0768
v  -22.3599 40.2974 -0.8927
v  -22.6717 39.4466 -2.7727
v  -21.7898 39.5006 -2.5863
v  -21.7625 37.8552 -2.1262
v  -23.6595 38.8982 -3.3496
v  -21.3202 40.1560 -0.8483
v  -22.2146 39.5831 1.5905
v  -23.6021 40.5582 -1.0376
v  -23.6452 40.2598 1.0894
v  -14.4928 37.7062 0.9138
v  -19.0706 37.8269 1.1916
v  -15.0482 36.5061 -0.9126
v  -21.4644 39.4883 1.4285
v  -21.5828 37.9531 1.7395
v  -19.0188 39.4744 1.0099
v  -19.3526 37.1328 -0.3928
v  -19.7134 39.4396 -2.5517
v  -19.7284 37.8189 -2.1402
v  -19.3453 40.1070 -1.1031
v  -15.7448 40.6202 -1.7716
v  -26.9139 35.4195 4.2158
v  -27.9383 36.6552 3.6057
v  -27.0669 35.8718 2.5197
v  -23.5584 37.3781 -2.6157
v  -23.1512 37.4486 -0.0498
v  -32.7880 35.9369 -3.2924
v  -29.7741 36.6977 -4.3886
v  -30.3947 36.7652 -2.3650
v  -29.3972 36.7565 -1.8168
v  -30.6597 38.1193 -1.9816
v  -32.9758 36.1709 0.4621
v  -30.4731 36.8106 -1.5345
v  -30.3048 36.8307 0.9750
v  -29.4217 36.7512 1.2604
v  -30.4412 38.1453 1.1969
v  -24.5413 35.5654 4.2317
v  -23.8179 36.3692 2.1405
v  -23.0450 37.4081 3.0487
v  -24.0707 36.6093 4.6662
v  -24.5328 37.7995 5.1097
v  -24.2776 39.1321 3.8786
v  -22.6489 37.7060 2.2795
v  -22.8009 39.5607 2.2321
v  -30.4168 39.1734 -1.4357
v  -32.9715 38.6894 0.5782
v  -30.2606 39.1929 0.4341
v  -27.1023 36.7858 0.6464
v  -28.8506 36.7714 3.6455
v  -30.1846 36.8410 1.6826
v  -30.1111 39.1869 -4.2858
v  -32.5156 38.6649 -4.7201
v  -30.4562 39.1767 -2.8059
v  -23.3396 39.2625 2.9425
v  -28.8700 38.1325 4.2337
v  -28.0623 38.2202 4.2052
v  -29.2362 38.1810 -4.9881
v  -26.5045 38.4917 -4.5980
v  -29.0718 36.6851 -4.3835
v  -29.5606 39.5459 -1.9139
v  -29.3817 39.5695 0.9432
v  -27.4993 40.3172 1.1106
v  -27.1591 40.4445 -1.4853
v  -28.9148 39.5844 3.6573
v  -30.1200 39.2109 1.7439
v  -29.7101 39.2823 3.4931
v  -29.5890 36.8870 3.6158
v  -24.0726 39.9523 2.5771
v  -28.9148 39.5844 -4.3459
v  -27.8932 39.8562 3.2611
v  -27.5059 38.5109 4.5996
v  -26.3605 36.2532 -3.8786
v  -29.7007 38.2335 4.0841
v  -26.6635 39.9701 -4.0400
v  -29.8829 38.0835 -4.8913
v  -32.5170 36.2259 2.9805
v  -34.6957 34.6688 3.2991
v  -33.1763 37.3825 2.2774
v  -33.7333 38.0541 2.7252
v  -33.3066 38.5909 2.4801
v  -32.8980 38.7548 2.4084
v  -36.0064 36.1209 3.0859
v  -32.1260 36.2720 4.1303
v  -32.3902 37.4761 4.6698
v  -32.2498 38.7489 4.1065
v  -33.0511 38.2011 4.3463
v  -35.3691 36.3292 5.3684
v  -32.7037 38.6640 4.2209
v  -33.4591 37.3488 1.0512
v  -35.4595 37.0947 4.7611
v  -35.8258 36.9887 3.4450
v  -35.6978 34.7195 3.7946
v  -35.4091 34.8426 4.8604
v  -36.6055 35.8020 3.6459
v  -36.0569 35.9813 5.2522
v  -36.2723 36.5531 3.8753
v  -35.9674 36.6019 4.7720
v  -34.3552 34.8289 4.9961
v  -33.9952 38.0124 0.5848
v  -36.6099 35.8872 1.0990
v  -32.9755 36.1713 -0.9211
v  -35.3838 34.4152 0.9112
v  -35.3838 34.4152 -1.1750
v  -33.4591 37.3488 -1.7054
v  -33.0345 38.6754 -1.3823
v  -34.0045 38.0065 -1.2654
v  -33.6526 38.5583 -1.3630
v  -36.6099 35.8872 -1.5097
v  -33.6534 38.5588 0.5894
v  -33.4267 36.9680 -2.8474
v  -36.5702 36.7027 0.4113
v  -36.5702 36.7027 -0.9578
v  -36.4893 34.4322 0.5157
v  -37.2977 35.5393 0.7323
v  -37.0654 36.2412 -0.7636
v  -37.2977 35.5393 -1.0851
v  -37.0655 36.2412 0.2939
v  -36.4893 34.4322 -0.7799
v  -36.2793 36.0170 -3.5857
v  -33.0340 38.6544 -3.2280
v  -33.9269 37.9794 -3.4879
v  -32.4239 36.2100 -4.6121
v  -35.0233 34.7828 -3.7212
v  -32.6794 37.4417 -5.1801
v  -35.6420 36.2253 -5.7792
v  -33.4006 38.1205 -4.8882
v  -33.1078 38.5089 -4.8451
v  -33.6447 38.4474 -3.3534
v  -35.7532 36.9845 -5.2633
v  -36.0883 36.8820 -4.1088
v  -36.3298 35.8775 -5.6222
v  -35.8909 34.6248 -4.2778
v  -36.8438 35.7095 -4.1177
v  -36.5113 36.4787 -4.3627
v  -36.2132 36.5206 -5.2644
v  -35.6567 34.7280 -5.1079
v  -34.6219 34.8754 -5.1323
v  -26.0836 34.6879 5.4085
v  -25.8830 35.1313 6.4741
v  -25.8104 36.5137 6.8393
v  -27.4431 35.2265 4.8557
v  -26.9868 38.0487 5.1689
v  -27.6218 36.6105 4.5908
v  -27.3307 37.1641 6.3328
v  -27.9251 36.1539 5.5449
v  -26.0493 36.1886 6.9487
v  -27.5837 36.7044 6.3602
v  -28.6705 36.0922 6.9784
v  -28.5273 34.4843 5.3949
v  -26.6406 33.7012 5.9525
v  -27.6561 33.8193 7.5365
v  -28.8463 35.4618 7.3816
v  -29.4235 34.6189 6.8561
v  -29.0151 35.4905 6.2218
v  -28.7776 34.0548 5.8828
v  -27.2156 33.4724 6.2490
v  -27.6615 34.9813 7.7733
v  -27.0754 35.3485 7.5802
v  -26.7371 34.3832 7.1923
v  0.0000 47.8965 10.3874
v  -3.0576 48.3377 8.8556
v  -3.3922 47.6603 9.9314
v  -1.2945 47.1720 12.9698
v  4.8193 48.0621 8.4000
v  4.9979 48.8170 7.7200
v  3.3922 47.6603 9.9314
v  2.9209 48.3253 8.7910
v  1.2945 47.1720 12.9698
v  -0.3513 59.3611 7.3590
v  0.9515 56.7203 6.8552
v  0.4596 57.7507 5.5144
v  -0.9645 58.2802 5.0668
v  0.2946 59.8955 2.3853
v  -1.2670 56.4104 3.3719
v  0.3443 59.4101 4.3409
v  1.7870 59.0683 3.7244
v  1.5711 61.7560 6.1845
v  4.3810 56.7082 1.4750
v  1.6602 59.2031 1.6816
v  0.1081 56.4940 7.3218
v  0.0000 55.2537 7.5002
v  -1.0016 57.4389 1.7222
v  -4.2348 57.6081 5.0368
v  -4.4461 59.7012 4.9647
v  -4.3148 57.7646 4.1237
v  -6.0404 46.3791 2.2646
v  -4.9861 45.3355 4.0604
v  -6.4830 46.6115 2.3046
v  6.6939 45.6453 1.0663
v  4.7688 45.3338 8.0395
v  6.4882 47.4793 5.9349
v  4.9200 46.7920 8.3930
v  6.3098 48.9107 6.4837
v  3.6142 46.6236 10.4579
v  3.2242 45.2075 10.7413
v  -3.6142 46.6236 10.4579
v  -4.9103 48.0786 8.4000
v  -4.9200 46.7920 8.3930
v  -6.4700 48.9064 6.4661
v  -6.4882 47.4793 5.9349
v  -4.7688 45.3338 8.0395
v  -6.6939 45.6453 1.0663
v  6.1919 46.2409 5.5230
v  8.3150 48.6466 3.1681
v  -8.3150 48.6466 3.1681
v  -6.1919 46.2409 5.5230
v  -7.3663 51.1796 1.7498
v  -6.4829 52.5742 1.9677
v  -8.0725 51.8618 -0.4178
v  6.3230 50.9943 4.8741
v  5.4721 53.9664 5.1791
v  5.3394 53.5073 6.1937
v  9.3358 56.6889 0.8395
v  9.6656 56.4909 1.8215
v  6.8992 55.0846 2.1209
v  6.4829 52.5742 1.9677
v  8.0725 51.8618 -0.4178
v  6.0972 54.3150 3.7409
v  -9.3358 56.6889 0.8395
v  -6.8992 55.0846 2.1209
v  -6.0686 54.3150 3.7409
v  -9.6656 56.4909 1.8215
v  -5.5657 54.7741 4.2632
v  -5.7809 54.2003 5.1963
v  -4.8448 55.3032 5.7588
v  -5.7048 54.1601 6.1910
v  -4.5160 56.0626 6.8677
v  -1.9274 56.1459 6.9546
v  7.3378 51.1796 1.7498
v  2.6265 57.5071 5.8058
v  4.6431 60.4302 7.1380
v  2.4551 58.9559 4.7227
v  0.8355 56.9489 4.2171
v  4.5189 52.2078 7.4149
v  2.5430 50.8185 8.3455
v  4.7286 50.1936 7.5664
v  4.8088 52.6006 7.6734
v  5.1302 50.3089 7.5904
v  4.2100 49.0276 7.8208
v  5.1627 53.1202 7.2441
v  5.8099 50.5396 6.5711
v  6.0422 49.3220 6.5224
v  -0.3512 52.2334 8.5248
v  -0.4205 50.2885 8.6061
v  0.0000 52.2332 8.9574
v  0.0000 50.2552 9.0675
v  0.4827 51.9704 8.5352
v  0.8789 53.3467 8.3220
v  6.0404 46.3791 2.2646
v  5.6228 45.9994 1.1345
v  5.8965 46.3248 2.3471
v  4.4173 44.4940 2.6280
v  6.2753 46.0677 1.9596
v  4.7397 45.3493 4.2289
v  4.9550 44.4680 4.2090
v  0.4175 56.0672 -5.1782
v  -3.4491 55.2221 -3.5638
v  -0.5277 58.7190 -6.7509
v  6.8595 46.7093 1.5717
v  -4.9550 44.4680 4.2090
v  -5.9901 46.3183 2.3528
v  -6.2753 46.0677 1.9596
v  -6.8595 46.7093 1.5717
v  1.0492 57.4216 -4.3775
v  -2.1921 57.6924 -4.2974
v  -1.5568 61.4461 -3.6264
v  -8.7926 56.5666 -2.9098
v  -5.0386 55.7944 -0.1727
v  -5.3165 54.8635 -3.0592
v  -6.7400 51.8045 -3.8063
v  -6.4675 51.9376 4.0484
v  -6.5486 51.2150 5.1980
v  3.7612 57.4053 5.1550
v  -3.3428 47.4770 1.8835
v  -5.5424 47.0878 2.0510
v  -5.9518 47.2072 1.0228
v  -4.7397 45.3493 4.2289
v  -5.6228 45.9994 1.1345
v  -8.4353 51.7079 2.0828
v  -7.3660 52.6346 3.5117
v  3.7080 58.2580 3.9858
v  5.5424 47.0878 2.0510
v  5.8970 47.2109 1.0336
v  4.9861 45.3355 4.0604
v  6.4830 46.6115 2.3046
v  -3.8135 58.1718 0.3818
v  -3.8534 61.0818 3.1165
v  -2.0300 59.5840 0.7965
v  0.8343 49.0660 8.3931
v  0.4371 50.3365 8.5968
v  5.9051 58.3828 -1.1057
v  3.2867 57.3666 -0.0123
v  -2.8148 48.3109 -6.6438
v  -3.4155 44.0903 -8.5885
v  -1.8349 59.3813 2.0941
v  -4.7662 48.8139 7.7749
v  -0.0035 48.5801 8.9485
v  -2.9183 48.6680 8.2367
v  -2.6839 58.1258 4.1195
v  -3.2511 57.8643 5.3312
v  0.0720 55.4426 -6.3199
v  2.0678 55.1750 -5.2707
v  3.4051 54.1603 -8.9394
v  -8.9771 51.5360 -0.7585
v  -10.7121 53.1251 -2.1552
v  -9.5279 51.3088 -1.9989
v  -9.6161 54.5857 -3.2291
v  -10.2709 53.1985 -1.3559
v  0.4383 53.1740 -6.8420
v  -4.0702 49.1174 7.8243
v  -4.7910 50.8206 7.5595
v  -5.3235 50.6717 7.6372
v  -6.0860 50.8689 6.6163
v  -6.2131 49.3688 6.5393
v  -4.9667 54.0202 7.6658
v  -5.4870 54.1129 7.1471
v  -2.5944 50.9934 8.3490
v  -4.5726 53.9331 7.4346
v  2.7982 48.6327 8.2011
v  -2.3151 58.5839 3.3017
v  -4.3092 56.4124 3.3651
v  -3.9472 57.7772 2.2581
v  8.4695 47.6499 0.5911
v  8.6644 48.2496 -1.5801
v  8.3562 48.8755 -1.4635
v  3.8435 55.0319 6.2380
v  5.5657 54.7741 4.2632
v  1.6889 55.2917 6.9938
v  3.7266 55.1461 7.0571
v  2.9254 56.0254 5.7474
v  -8.6644 48.2496 -1.5801
v  -8.4695 47.6499 0.5911
v  -8.3562 48.8755 -1.4635
v  -6.3746 48.4218 -3.9487
v  -7.4309 48.7517 -2.7338
v  -4.2736 54.3736 -2.8031
v  -2.5892 58.3902 -1.2469
v  -5.3736 58.7823 -2.1487
v  2.8148 48.3109 -6.6438
v  2.4016 45.3226 -7.8859
v  3.3539 47.4861 1.8802
v  0.8488 58.5382 -2.0917
v  3.6370 59.5057 -4.1833
v  1.9813 56.2898 5.7595
v  3.4721 55.3980 -3.5355
v  4.7239 55.7274 -0.1727
v  4.5905 54.3736 -2.8031
v  4.2362 51.3626 -4.5392
v  5.3165 54.8635 -3.0592
v  5.1269 55.6685 2.2575
v  3.4169 56.6913 -1.7857
v  8.3298 57.3142 -0.5856
v  5.0320 55.1533 4.1391
v  9.3334 56.9017 2.1243
v  8.7319 57.2180 1.8500
v  6.7400 51.8045 -3.8063
v  8.7926 56.5666 -2.9098
v  7.4309 48.7517 -2.7338
v  6.3746 48.4218 -3.9487
v  9.6161 54.5857 -3.2291
v  9.5279 51.3088 -1.9989
v  -4.7370 56.9525 -0.7798
v  0.2621 58.1848 -0.3438
v  -5.1889 55.5968 2.3544
v  -1.0351 49.1487 8.4503
v  -2.3751 56.1704 5.6194
v  -1.9955 57.2288 6.2275
v  -5.2647 55.1351 4.1391
v  -7.3144 50.5578 3.8490
v  -7.8769 50.2270 3.6562
v  -2.9198 52.7241 -7.5155
v  -7.9235 50.8988 0.3406
v  10.2709 53.1985 -1.3559
v  8.9771 51.5360 -0.7585
v  10.7121 53.1251 -2.1552
v  -8.6901 50.6997 -1.2817
v  6.4381 51.9376 4.0484
v  7.3660 52.6346 3.5117
v  8.4353 51.7079 2.0828
v  7.9235 50.8988 0.2868
v  7.3144 50.5670 3.8878
v  7.8769 50.2350 3.6738
v  -4.6537 56.0270 5.1089
v  -7.4042 53.9506 3.3871
v  -9.3334 56.9017 2.1243
v  -7.4399 53.0222 2.3053
v  -8.9943 53.1548 2.7397
v  2.3977 52.9095 -5.8325
v  2.8824 51.4456 -5.2348
v  0.7849 50.9121 -7.5620
v  0.0000 51.6511 -5.9230
v  4.3481 49.7914 -8.8046
v  -2.9825 51.4456 -5.2348
v  -1.2698 50.6622 -8.3267
v  -4.2362 51.3626 -4.5392
v  -1.4265 49.2816 -7.9889
v  7.4042 53.9506 3.3871
v  8.6901 50.6997 -1.2817
v  8.6298 47.7981 -2.5762
v  8.1802 46.2007 -2.5796
v  -8.5943 45.8851 -0.9301
v  -6.8914 45.6685 -2.9515
v  -7.5650 47.0724 1.0161
v  8.9943 53.1548 2.7397
v  7.4399 53.0222 2.3053
v  8.5943 45.8851 -0.9301
v  6.8914 45.6685 -2.9515
v  7.5650 47.0724 1.0161
v  -8.1802 46.2007 -2.5796
v  -4.2616 48.1357 -5.4521
v  4.2616 48.1357 -5.4521
v  -0.1376 47.1021 -8.7367
v  2.3067 47.1021 -8.0950
v  1.2172 44.8472 -9.7373
v  1.1774 49.0267 -7.4374
v  -0.7891 48.0328 -10.6307
v  0.1654 45.1389 -8.3793
v  -8.7319 57.2180 1.8500
v  -10.0587 54.1773 -1.7956
v  -10.2455 54.0862 -2.3898
v  -9.7692 54.4422 -1.6977
v  -8.3298 57.3142 -0.5856
v  -11.3371 54.1067 -2.1711
v  -13.0663 57.8876 -0.9942
v  -13.2550 58.2323 -2.3384
v  -12.8763 58.3852 -0.9900
v  -12.5493 58.6644 -1.6303
v  -13.6196 58.0408 -1.8120
v  -13.6535 58.6570 -1.5968
v  -13.4352 58.9237 -2.1559
v  -11.0082 54.2791 -1.4651
v  12.8763 58.3852 -0.9900
v  12.5493 58.6644 -1.6303
v  9.7692 54.4422 -1.6977
v  11.3371 54.1067 -2.1711
v  10.2455 54.0862 -2.3898
v  13.0663 57.8876 -0.9942
v  10.0587 54.1773 -1.7956
v  11.0082 54.2791 -1.4651
v  13.6196 58.0408 -1.8120
v  13.4352 58.9237 -2.1559
v  13.6535 58.6570 -1.5968
v  13.2550 58.2323 -2.3384
v  -0.9104 58.6271 7.9712
v  -1.5275 56.7726 7.0384
v  -1.2397 59.4180 7.1788
v  0.2252 59.0739 8.2742
v  -0.0469 60.6539 10.0294
v  -7.0432 47.0028 2.4554
v  -5.8742 45.7145 5.0248
v  -7.5880 47.5875 2.7185
v  -8.9097 51.2711 0.3540
v  -3.5230 45.6557 5.4449
v  -9.1999 47.3304 -0.6294
v  -11.9239 50.1202 -2.7655
v  -10.4547 46.3889 -3.1161
v  -9.6972 49.2534 1.0850
v  -9.4854 50.6613 1.5122
v  -8.6298 47.7981 -2.5762
v  5.8742 45.7145 5.0248
v  7.1049 47.0062 2.4628
v  7.5880 47.5875 2.7185
v  9.0551 51.2711 0.2183
v  3.5230 45.6557 5.4449
v  9.6802 50.6613 1.5122
v  9.1999 47.3304 -0.6294
v  11.9239 50.1202 -2.7655
v  10.4547 46.3889 -3.1161
v  9.7578 49.2534 1.0850
v  3.5427 54.2339 8.2366
v  3.6824 54.8644 7.9120
v  3.4197 53.8202 7.6113
v  0.5206 54.3377 8.5660
v  1.8166 55.1316 8.4442
v  0.4714 54.5267 7.8196
v  0.7087 53.8548 8.6999
v  0.0000 54.4923 8.5124
v  0.0000 54.0805 8.7658
v  1.9299 54.5029 8.6455
v  0.0000 53.6237 8.7347
v  1.8294 55.3429 7.6665
v  2.0139 54.0740 8.0345
v  1.3326 55.6653 9.2125
v  1.0585 54.9499 8.8505
v  1.1965 55.0785 9.1088
v  2.0036 55.6036 9.1511
v  1.9273 55.5008 8.8247
v  1.2032 55.5865 8.8130
v  2.2189 56.6014 8.7326
v  2.1694 56.0706 8.6891
v  2.2277 56.5423 9.1842
v  2.1504 56.1260 9.3210
v  2.9967 56.5109 9.1406
v  2.7950 55.7527 8.5666
v  3.1360 56.4281 8.4709
v  2.7791 55.8305 8.9786
v  3.5629 56.3533 8.9232
v  3.5474 55.8441 8.6750
v  3.7517 56.6575 8.8219
v  3.2838 57.1993 8.5086
v  4.0714 57.3295 8.1834
v  3.7491 56.1243 8.2421
v  3.8166 56.7276 8.3036
v  3.3382 57.1772 8.9600
v  4.0274 57.3028 8.6143
v  3.5467 55.7516 8.3844
v  4.4959 55.9398 7.9877
v  4.3974 55.4079 8.0938
v  4.5614 55.9939 8.5013
v  4.4555 55.5324 8.3463
v  4.6495 56.4089 8.3589
v  5.3842 54.4793 7.6225
v  5.4019 54.6160 7.7959
v  4.6081 56.4890 8.0370
v  5.1932 55.5289 7.7931
v  5.3273 54.9759 7.9528
v  5.1891 55.4527 7.9643
v  5.3279 54.9363 7.5990
v  0.0030 54.6362 7.9650
v  -0.5519 55.2757 8.6647
v  -0.9388 54.5626 8.2307
v  -0.4226 55.4088 8.0067
v  -4.3209 55.8548 7.7135
v  -3.8297 55.5231 8.1943
v  -3.4684 55.2682 7.7396
v  -0.7760 54.9583 8.8465
v  -2.3031 55.9921 8.6362
v  -2.2643 56.5446 8.2846
v  -2.3104 55.5925 8.0732
v  -2.2387 56.7717 7.6065
v  -5.4884 56.4316 7.7750
v  -5.4323 56.8146 7.5481
v  -5.4954 56.2732 7.5760
v  -4.2196 57.7712 8.0802
v  -5.4192 56.8594 7.9543
v  -5.2281 57.4956 7.7684
v  -4.4039 58.2417 8.1542
v  -4.4019 58.1419 8.5882
v  -5.2345 57.4085 7.9650
v  -4.3420 57.7539 8.6866
v  -3.0217 58.3544 8.5978
v  -2.9547 58.2632 9.0364
v  -4.2411 57.3019 8.5073
v  -3.1503 57.4930 8.8703
v  -2.9825 57.9994 9.1532
v  -4.2012 57.1502 8.2167
v  -3.3354 57.8470 8.3756
v  -3.1389 58.9623 8.8005
v  -3.1904 59.0005 8.3062
v  -2.5829 58.0819 8.5765
v  -2.3002 58.8282 9.1865
v  -3.1703 57.3880 8.5368
v  -2.3138 57.2548 8.8044
v  -2.2765 57.3401 9.2074
v  -2.2841 58.0769 9.3937
v  -1.3819 57.4130 8.8311
v  -2.2825 58.8682 8.6678
v  -1.4000 58.1144 8.8814
v  -1.3724 56.8137 9.0129
v  -1.4137 58.0490 9.4002
v  -1.4019 56.9440 9.3620
v  -0.5343 56.7814 8.9915
v  -0.4834 56.0334 9.0339
v  -1.3409 57.4725 9.5563
v  -0.6609 56.8940 9.4521
v  -0.6131 56.2040 9.3323
v  -3.0085 50.0310 8.2849
v  -2.1225 50.7814 8.6765
v  -3.2492 50.7494 8.2361
v  -3.0345 51.4772 8.2623
v  -2.4043 49.5966 8.3900
v  -2.4464 51.9367 8.3534
v  -1.6674 49.6120 8.5113
v  -1.7095 51.9520 8.4747
v  -1.0793 50.0714 8.6025
v  -1.1053 51.5176 8.5799
v  -0.8646 50.7993 8.6287
v  2.1520 45.6443 12.8444
v  2.1163 46.7652 12.9594
v  -2.1163 46.7652 12.9594
v  -3.2242 45.2075 10.7413
v  -2.1520 45.6443 12.8444
v  -4.4326 44.6569 7.3053
v  4.4326 44.6569 7.3053
v  -5.4207 45.4308 4.3961
v  5.4207 45.4308 4.3961
v  4.0515 44.3691 6.7558
v  2.4885 44.0901 10.3389
v  -4.0515 44.3691 6.7558
v  -2.4885 44.0901 10.3389
v  3.4067 44.3043 6.1484
v  2.3470 43.7367 7.4998
v  -3.4067 44.3043 6.1484
v  -2.3470 43.7367 7.4998
v  2.4013 43.6963 8.7141
v  0.0000 43.4623 9.3850
v  0.0000 43.4375 8.4554
v  -2.4013 43.6963 8.7141
v  0.0000 43.7288 10.6124
v  2.0849 45.3865 6.5135
v  -2.0849 45.3865 6.5135
v  0.0000 45.0074 7.3527
v  1.7189 47.6268 1.6210
v  -1.7312 47.6273 1.6212
v  -5.5197 46.2434 1.5838
v  -4.8314 46.9442 4.0894
v  -5.5232 47.8958 2.1282
v  -4.8320 45.2527 3.3793
v  -3.6206 45.5770 0.1137
v  -3.5997 46.0967 5.8883
v  -3.5876 44.3139 5.3741
v  -2.9330 45.7228 6.5391
v  -2.9902 43.2470 5.7363
v  -2.4098 43.8152 6.3069
v  -2.3538 45.5826 6.8795
v  -1.7126 45.4670 -0.1976
v  0.0000 47.7561 1.4615
v  -4.4173 44.4940 2.6280
v  -1.6525 45.4535 7.2027
v  -1.6322 43.6787 6.6873
v  0.0013 45.2833 7.6333
v  0.0000 45.4409 -0.4119
v  1.7126 45.4670 -0.1976
v  -2.6568 43.1852 5.2224
v  0.0013 43.6033 7.0886
v  1.6349 43.6787 6.6873
v  2.4125 43.8106 6.2886
v  1.6552 45.4535 7.2027
v  3.6206 45.5770 0.1137
v  2.3565 45.5826 6.8795
v  2.9356 45.7228 6.5391
v  2.9929 43.2442 5.7366
v  3.5902 44.2953 5.3756
v  3.6024 46.0967 5.8883
v  4.8346 45.2476 3.3797
v  4.8346 46.9442 4.0894
v  5.5224 46.2397 1.6025
v  5.5259 47.8932 2.1182
v  -4.7513 43.5938 3.7778
v  4.7513 43.5938 3.7778
v  0.0000 41.5182 5.8510
v  -2.3737 42.0693 6.5077
v  2.3737 42.0693 6.5077
v  2.6568 43.1852 5.2224
v  0.0000 42.5973 6.4187
v  0.0000 43.5268 8.3348
v  -2.4826 42.8995 7.2949
v  -5.0833 44.8185 1.1754
v  -4.4135 45.3253 3.7503
v  -5.0017 46.3403 1.8352
v  -2.3933 43.8416 7.3677
v  -4.3821 43.8951 3.0740
v  -3.3891 44.4972 5.3842
v  -3.3488 43.0963 4.7811
v  -1.8931 42.6440 5.8985
v  0.0000 42.6255 8.2689
v  0.0000 41.7780 7.1995
v  0.0009 42.4368 6.5071
v  -1.8624 44.0619 6.4999
v  2.4826 42.8995 7.2949
v  2.3933 43.8416 7.3677
v  0.0009 43.8618 7.0934
v  1.8643 44.0619 6.4999
v  1.8950 42.6440 5.8985
v  3.3910 44.4972 5.3842
v  3.3507 43.0963 4.7811
v  4.3840 43.8951 3.0740
v  4.4154 45.3253 3.7503
v  5.0852 44.8185 1.1754
v  5.0036 46.3403 1.8352
v  0.0000 47.4637 12.9294
v  1.5802 44.9031 12.7000
v  -0.8082 47.2778 14.5417
v  0.0000 47.4280 14.3722
v  0.8082 47.2778 14.5417
v  0.0000 44.5823 12.7784
v  -1.5802 44.9031 12.7000
v  1.1019 46.8809 14.7370
v  -1.1019 46.8809 14.7370
v  0.0000 45.9266 14.9878
v  -0.8926 46.1544 14.9491
v  0.8926 46.1544 14.9491
v  0.7285 46.5390 15.2706
v  0.0000 46.3809 15.3533
v  -0.7285 46.5390 15.2706
v  0.8261 47.0899 14.9633
v  -0.8261 47.0899 14.9633
v  -0.9865 48.4298 16.1847
v  0.0000 48.2720 15.1626
v  -1.0913 47.8536 15.4511
v  -1.0742 46.7579 16.0854
v  -1.0435 47.2246 16.8852
v  0.0000 46.3914 16.2869
v  -0.6581 47.9359 17.3688
v  0.0000 46.8191 17.0734
v  0.0000 48.8421 15.9027
v  -0.5526 48.6731 16.8991
v  0.0000 48.8702 16.7724
v  0.0000 48.4462 17.4046
v  1.0742 46.7579 16.0854
v  0.0000 47.7293 17.5593
v  1.0435 47.2246 16.8852
v  0.0000 47.4436 14.6714
v  0.6581 47.9359 17.3688
v  0.9865 48.4298 16.1847
v  1.0913 47.8536 15.4511
v  0.5526 48.6731 16.8991
v  2.1402 50.7821 8.6612
v  1.1203 51.5130 8.6524
v  0.8852 50.7967 8.7062
v  1.0995 50.0730 8.6641
v  1.7150 51.9483 8.5232
v  1.6813 49.6183 8.5420
v  2.4421 51.9362 8.3680
v  2.4085 49.6063 8.3867
v  3.0239 51.4815 8.2460
v  3.0031 50.0415 8.2575
v  3.2382 50.7578 8.2037
v  -5.5512 21.8177 -0.4400
v  -4.2857 23.6841 -2.8541
v  -4.4258 21.2798 -2.8783
v  -4.8761 19.0838 -2.5101
v  -6.2464 19.5717 -0.0425
v  -1.9615 20.5139 -3.2556
v  0.0000 19.7631 3.1334
v  -2.7718 20.6285 4.2049
v  -0.6564 19.3813 3.0852
v  -1.4019 17.5032 3.3117
v  -1.0123 17.4084 -0.3207
v  -0.3709 19.0559 -0.7347
v  0.0000 19.4257 -0.9269
v  -2.1646 18.3553 -2.7417
v  2.7561 22.9378 -3.9852
v  4.4258 21.2798 -2.8783
v  1.9615 20.5139 -3.2556
v  2.1646 18.3553 -2.7417
v  0.3709 19.0559 -0.7347
v  -2.7561 22.9378 -3.9852
v  0.6564 19.3813 3.0852
v  -3.7154 25.4532 1.9934
v  -4.2846 25.7872 -0.4790
v  -3.8148 25.8718 -2.5371
v  -4.9017 24.1409 -0.5526
v  -2.2789 25.8318 -4.0340
v  -4.3002 23.7194 2.4034
v  -1.9800 24.8182 3.1617
v  0.0000 24.5583 3.5152
v  1.9800 24.8182 3.1617
v  2.2789 25.8318 -4.0340
v  3.8148 25.8718 -2.5371
v  4.2846 25.7872 -0.4790
v  3.7154 25.4532 1.9934
v  0.0000 25.7441 -4.4853
v  -2.2181 22.9477 3.7643
v  4.2857 23.6841 -2.8541
v  4.9017 24.1409 -0.5526
v  4.3002 23.7194 2.4034
v  -4.8096 21.4074 2.6702
v  0.0000 22.2635 -4.2785
v  0.0000 22.4104 3.8280
v  2.2181 22.9477 3.7643
v  4.8096 21.4074 2.6702
v  2.7718 20.6285 4.2049
v  5.5512 21.8177 -0.4400
v  1.4019 17.5032 3.3117
v  3.4229 18.1843 4.6049
v  4.8761 19.0838 -2.5101
v  1.0123 17.4084 -0.3207
v  4.6769 11.5509 4.4955
v  6.7429 11.9106 3.1407
v  4.1362 14.2726 4.6601
v  2.7098 15.6155 -2.3673
v  5.5996 15.9416 -1.8785
v  5.8990 15.0455 3.2828
v  6.9375 16.2754 0.2083
v  5.3100 18.8986 2.9323
v  2.2197 11.7149 2.6064
v  1.7559 14.6333 3.0992
v  1.3056 15.1315 0.0526
v  1.1320 12.1234 -0.3850
v  1.5425 15.3301 3.4132
v  5.7386 16.0189 3.6237
v  3.8980 15.3628 5.2467
v  6.2464 19.5717 -0.0425
v  5.4349 4.4350 -2.5460
v  5.9394 4.2893 -1.2942
v  6.4967 5.2961 -1.2177
v  6.2410 5.6374 0.3456
v  6.5667 5.7270 0.3509
v  5.6056 5.8663 -2.6743
v  4.3009 4.4176 -2.4822
v  3.3633 5.2851 -1.0193
v  3.0362 5.2735 -0.9821
v  3.7018 5.6050 0.4115
v  5.7788 6.0589 -2.9920
v  3.8509 5.8150 -2.5519
v  3.8165 6.1124 0.9572
v  4.0551 5.9164 0.7337
v  4.0308 4.5070 -0.0832
v  6.2289 6.2899 0.6494
v  5.8205 5.9613 0.6975
v  5.1333 6.1280 1.0097
v  5.0155 6.5082 1.2000
v  5.2846 4.4929 0.0591
v  3.2128 12.9653 -3.4763
v  6.3585 12.4435 -3.0223
v  6.6358 10.6673 -3.7400
v  1.1259 9.5975 -0.2201
v  3.0000 10.4202 -4.0539
v  4.9969 11.0085 -2.2453
v  3.3417 10.6893 -1.8757
v  2.4166 10.6970 -0.1422
v  7.8193 12.2838 -0.0080
v  2.3141 9.0293 2.2873
v  8.5605 10.0465 -0.1804
v  5.4817 10.6230 1.8080
v  4.9371 8.9956 4.4511
v  3.6052 10.5260 1.8545
v  3.9644 7.1209 0.6100
v  5.3007 7.1108 0.7517
v  6.7189 11.1687 -0.3270
v  7.5120 9.5456 3.0064
v  6.3547 7.5097 -0.8367
v  3.3282 7.4927 -0.8870
v  4.0074 8.0189 -2.1617
v  3.8795 4.2865 -1.3333
v  5.2484 8.1507 -2.3693
v  3.3752 3.6844 6.8601
v  5.6856 4.8158 4.4065
v  3.1323 4.0320 4.5135
v  3.4647 4.2907 2.0911
v  2.3944 1.4391 4.6303
v  3.6219 5.9911 -2.8585
v  9.7285 1.3563 4.2635
v  8.7346 1.4324 0.8918
v  9.5194 1.4391 4.3080
v  8.4638 3.9477 4.1925
v  9.4793 1.5879 6.7862
v  9.7823 -0.0113 4.1718
v  8.9349 1.3041 0.7418
v  5.9551 0.0448 0.8716
v  8.8212 0.0494 0.6444
v  9.6198 0.0419 6.9192
v  5.9007 -0.0159 4.8648
v  9.5789 1.4723 6.9110
v  7.8200 4.2996 1.8176
v  8.6552 3.6545 6.3887
v  5.4187 5.1130 2.3259
v  5.7143 3.6372 -3.8280
v  6.8745 5.2988 -1.2374
v  6.8966 3.2663 -1.9549
v  2.8004 3.2459 -1.5674
v  2.7167 1.4155 1.1368
v  2.4077 1.5687 -1.5550
v  2.2262 1.3581 4.6239
v  2.5061 1.3280 1.1283
v  2.6707 0.0494 1.2332
v  2.3287 -0.0113 4.5763
v  2.2693 1.4227 -1.6169
v  3.4399 4.6244 0.9415
v  5.2430 5.6567 1.5265
v  3.1851 0.1018 -3.7313
v  2.4147 0.0239 -1.7548
v  3.5404 3.6170 -3.5148
v  6.1574 0.0147 -2.7009
v  6.4038 0.1007 -4.1507
v  3.1406 1.4912 -3.6225
v  3.2721 1.5896 -3.5241
v  6.4589 1.4737 -4.0985
v  3.5572 5.6490 0.5413
v  7.2593 4.7035 0.6150
v  7.4858 1.5689 -2.1540
v  7.7178 0.0116 -2.4487
v  6.2366 1.6023 -3.9296
v  7.7110 1.3896 -2.2327
v  2.2873 0.0613 7.3607
v  2.4733 1.5879 7.3045
v  8.5805 1.7270 8.5171
v  8.4444 1.8807 8.4054
v  8.1110 2.9810 7.6378
v  4.0454 3.0017 8.1434
v  6.1450 3.5300 8.3653
v  5.8869 4.5406 6.4478
v  3.7328 0.1972 9.3508
v  2.3264 1.4540 7.3706
v  6.0838 0.0385 7.5977
v  6.3017 0.3149 9.7310
v  8.6484 0.1972 8.8543
v  3.7520 1.8959 9.0144
v  3.7534 1.8218 9.0629
v  6.2153 2.0802 9.4128
v  6.2741 1.9978 9.5538
v  -4.6769 11.5509 4.4955
v  -2.2197 11.7149 2.6064
v  -4.1362 14.2726 4.6601
v  -6.7429 11.9106 3.1407
v  -5.8990 15.0455 3.2828
v  -6.9375 16.2754 0.2083
v  -2.7098 15.6155 -2.3673
v  -5.5996 15.9416 -1.8785
v  -3.2128 12.9653 -3.4763
v  -3.4229 18.1843 4.6049
v  -1.7559 14.6333 3.0992
v  -1.3056 15.1315 0.0526
v  -1.5425 15.3301 3.4132
v  -3.8980 15.3628 5.2467
v  -5.3100 18.8986 2.9323
v  -5.7386 16.0189 3.6237
v  -5.9394 4.2893 -1.2942
v  -5.4349 4.4350 -2.5460
v  -6.4967 5.2961 -1.2177
v  -5.6056 5.8663 -2.6743
v  -4.3009 4.4176 -2.4822
v  -3.0362 5.2735 -0.9821
v  -3.3633 5.2851 -1.0193
v  -3.7018 5.6050 0.4115
v  -3.8509 5.8150 -2.5519
v  -4.0308 4.5070 -0.0832
v  -4.0551 5.9164 0.7337
v  -3.8165 6.1124 0.9572
v  -6.2289 6.2899 0.6494
v  -5.8205 5.9613 0.6975
v  -6.2410 5.6374 0.3456
v  -5.1333 6.1280 1.0097
v  -5.2846 4.4929 0.0591
v  -5.0155 6.5082 1.2000
v  -1.1320 12.1234 -0.3850
v  -1.1259 9.5975 -0.2201
v  -3.0000 10.4202 -4.0539
v  -6.6358 10.6673 -3.7400
v  -6.3585 12.4435 -3.0223
v  -4.9969 11.0085 -2.2453
v  -6.7189 11.1687 -0.3270
v  -2.4166 10.6970 -0.1422
v  -3.3417 10.6893 -1.8757
v  -7.8193 12.2838 -0.0080
v  -2.3141 9.0293 2.2873
v  -5.3007 7.1108 0.7517
v  -3.9644 7.1209 0.6100
v  -3.6052 10.5260 1.8545
v  -8.5605 10.0465 -0.1804
v  -5.4817 10.6230 1.8080
v  -7.5120 9.5456 3.0064
v  -6.3547 7.5097 -0.8367
v  -4.9371 8.9956 4.4511
v  -5.2484 8.1507 -2.3693
v  -4.0074 8.0189 -2.1617
v  -3.3282 7.4927 -0.8870
v  -3.8795 4.2865 -1.3333
v  -2.3944 1.4391 4.6303
v  -3.4647 4.2907 2.0911
v  -3.1323 4.0320 4.5135
v  -5.4187 5.1130 2.3259
v  -5.6856 4.8158 4.4065
v  -3.3752 3.6844 6.8601
v  -2.4733 1.5879 7.3045
v  -9.4793 1.5879 6.7862
v  -8.4638 3.9477 4.1925
v  -9.5194 1.4391 4.3080
v  -8.7346 1.4324 0.8918
v  -9.7285 1.3563 4.2635
v  -8.8212 0.0494 0.6444
v  -5.9551 0.0448 0.8716
v  -9.7823 -0.0113 4.1718
v  -5.9007 -0.0159 4.8648
v  -9.6198 0.0419 6.9192
v  -7.8200 4.2996 1.8176
v  -8.6552 3.6545 6.3887
v  -5.7788 6.0589 -2.9920
v  -6.8966 3.2663 -1.9549
v  -6.8745 5.2988 -1.2374
v  -3.6219 5.9911 -2.8585
v  -5.7143 3.6372 -3.8280
v  -2.8004 3.2459 -1.5674
v  -6.5667 5.7270 0.3509
v  -2.2262 1.3581 4.6239
v  -2.5061 1.3280 1.1283
v  -2.7167 1.4155 1.1368
v  -2.4077 1.5687 -1.5550
v  -2.3287 -0.0113 4.5763
v  -2.6707 0.0494 1.2332
v  -2.2693 1.4227 -1.6169
v  -8.9349 1.3041 0.7418
v  -7.7110 1.3896 -2.2327
v  -7.7178 0.0116 -2.4487
v  -7.2593 4.7035 0.6150
v  -7.4858 1.5689 -2.1540
v  -6.4038 0.1007 -4.1507
v  -6.1574 0.0147 -2.7009
v  -6.2366 1.6023 -3.9296
v  -5.2430 5.6567 1.5265
v  -3.1406 1.4912 -3.6225
v  -6.4589 1.4737 -4.0985
v  -3.2721 1.5896 -3.5241
v  -2.4147 0.0239 -1.7548
v  -3.1851 0.1018 -3.7313
v  -3.5404 3.6170 -3.5148
v  -3.5572 5.6490 0.5413
v  -3.4399 4.6244 0.9415
v  -2.2873 0.0613 7.3607
v  -9.5789 1.4723 6.9110
v  -8.5805 1.7270 8.5171
v  -8.4444 1.8807 8.4054
v  -8.1110 2.9810 7.6378
v  -6.1450 3.5300 8.3653
v  -5.8869 4.5406 6.4478
v  -4.0454 3.0017 8.1434
v  -6.0838 0.0385 7.5977
v  -8.6484 0.1972 8.8543
v  -6.3017 0.3149 9.7310
v  -3.7328 0.1972 9.3508
v  -6.2153 2.0802 9.4128
v  -6.2741 1.9978 9.5538
v  -3.7534 1.8218 9.0629
v  -3.7520 1.8959 9.0144
v  -2.3264 1.4540 7.3706
v  -1.7924 45.9305 0.0824
v  -2.7816 46.1683 1.7006
v  -2.6730 46.8717 0.4437
v  -2.0312 46.4956 1.9196
v  -1.9544 47.1589 0.6204
v  -1.8672 45.3165 1.3633
v  -0.0227 45.8120 0.0565
v  1.7696 45.3137 1.3619
v  -0.0201 45.1893 1.3560
v  -0.0162 46.2695 1.8567
v  -0.0154 46.8845 0.5065
v  1.8506 45.9278 0.0810
v  2.7156 46.8749 0.4454
v  2.8242 46.1716 1.7023
v  1.9664 46.4962 1.9197
v  1.8936 47.1595 0.6203
v  -2.4322 45.3601 3.1950
v  -1.7981 45.6820 3.4575
v  -0.0106 45.5225 3.4337
v  -1.6603 44.5842 2.8707
v  1.5785 44.5814 2.8693
v  -0.0142 44.4569 2.8634
v  2.4749 45.3633 3.1966
v  1.7469 45.6826 3.4578
v  -2.2836 44.4835 4.8681
v  -1.7840 44.8171 5.2065
v  -0.0104 44.7535 5.2146
v  -1.6606 43.8696 4.5878
v  -0.0141 43.7445 4.5826
v  1.5815 43.8667 4.5869
v  2.3262 44.4868 4.8698
v  1.7348 44.8188 5.2128
v  -1.2864 43.4336 5.9156
v  -1.5791 43.8782 6.0069
v  -1.3879 44.0952 6.3278
v  -0.0047 44.0705 6.4203
v  -0.0076 43.3268 5.9726
v  1.2323 43.4305 5.9152
v  1.3556 44.0980 6.3389
v  1.6217 43.8814 6.0085
v  -1.0516 43.6864 6.5404
v  -0.0029 43.6172 6.6764
v  0.9530 43.6805 6.5486
# 1357 vertices

vn -0.8692 -0.1357 0.4754
vn -0.9991 -0.0344 0.0266
vn -0.8692 0.0106 0.4944
vn 0.8500 -0.1680 -0.4993
vn 0.9845 -0.1715 0.0354
vn 0.8774 -0.0486 -0.4772
vn 0.4727 0.0028 -0.8812
vn -0.5335 -0.1296 0.8358
vn -0.4977 0.0172 0.8672
vn -0.8500 -0.1680 -0.4993
vn -0.4727 0.0028 -0.8812
vn -0.8774 -0.0486 -0.4772
vn -0.9845 -0.1715 0.0354
vn 0.0000 -0.1260 0.9920
vn -0.0000 0.0102 0.9999
vn 0.4977 0.0172 0.8672
vn 0.8692 0.0106 0.4944
vn 0.5335 -0.1296 0.8358
vn -0.0000 0.0342 -0.9994
vn 0.0000 -0.1031 -0.9947
vn 0.9991 -0.0344 0.0266
vn 0.8692 -0.1357 0.4754
vn 0.4389 -0.2238 0.8702
vn -0.6658 -0.2188 0.7133
vn 0.6658 -0.2188 0.7133
vn -0.9440 -0.3299 0.0079
vn 0.8460 -0.2879 0.4488
vn -0.8460 -0.2879 0.4488
vn 0.9440 -0.3299 0.0079
vn -0.4534 -0.1208 -0.8831
vn -0.7846 -0.3140 -0.5346
vn 0.4534 -0.1208 -0.8831
vn -0.1177 -0.6248 0.7718
vn -0.1083 -0.9933 -0.0401
vn -0.2142 -0.9757 -0.0468
vn -0.9347 -0.3542 -0.0287
vn -0.6131 -0.4410 0.6555
vn -0.4016 0.2720 0.8745
vn -0.6581 -0.2188 0.7204
vn -0.7356 -0.0475 0.6757
vn -0.0478 -0.5925 -0.8042
vn -0.2660 0.4755 -0.8386
vn -0.5173 -0.4056 -0.7536
vn 0.6581 -0.2188 0.7204
vn 0.6131 -0.4410 0.6555
vn 0.9347 -0.3542 -0.0287
vn 0.1177 -0.6249 0.7718
vn 0.4016 0.2720 0.8745
vn 0.2142 -0.9757 -0.0467
vn 0.4453 -0.2128 -0.8697
vn 0.4045 -0.4524 -0.7948
vn 0.5229 -0.0857 -0.8481
vn 0.6033 -0.0571 -0.7955
vn 0.6404 0.1118 -0.7599
vn 0.6434 -0.1994 -0.7391
vn -0.3920 -0.4465 -0.8043
vn -0.4453 -0.2128 -0.8697
vn -0.5229 -0.0857 -0.8481
vn -0.6404 0.1118 -0.7599
vn -0.6033 -0.0571 -0.7955
vn 0.7846 -0.3140 -0.5346
vn -0.4532 -0.2203 0.8638
vn -0.0000 -0.2515 0.9679
vn 0.0000 -0.2637 0.9646
vn 0.4532 -0.2203 0.8638
vn -0.4389 -0.2238 0.8702
vn 0.4964 -0.5586 0.6645
vn 0.4654 -0.2357 0.8531
vn -0.4654 -0.2357 0.8531
vn -0.4964 -0.5586 0.6645
vn -0.7936 -0.2758 0.5424
vn -0.0000 -0.2598 0.9657
vn -0.5703 -0.4294 -0.7002
vn 0.0460 -0.4296 -0.9018
vn -0.3919 -0.4465 -0.8044
vn 0.4233 -0.2795 -0.8618
vn -0.0000 -0.2801 -0.9600
vn 0.0000 -0.1861 -0.9825
vn -0.0000 -0.1861 -0.9825
vn -0.4233 -0.2795 -0.8618
vn 0.7356 -0.0475 0.6757
vn 0.7936 -0.2758 0.5424
vn 0.5173 -0.4056 -0.7536
vn 0.0599 -0.2456 -0.9675
vn 0.8846 -0.1916 0.4251
vn 0.8709 0.3769 0.3155
vn 0.8689 -0.4767 0.1331
vn 0.8092 -0.1249 -0.5740
vn 0.2784 0.4652 0.8403
vn 0.8708 0.3769 0.3155
vn 0.4016 0.2721 0.8745
vn 0.0478 -0.5925 -0.8042
vn 0.2142 -0.9757 -0.0468
vn 0.1083 -0.9933 -0.0401
vn 0.2659 0.4755 -0.8386
vn 0.4648 0.8842 0.0470
vn 0.1646 0.5035 0.8481
vn -0.1358 0.5923 0.7942
vn 0.1872 0.9801 -0.0660
vn -0.0101 -0.6041 -0.7968
vn 0.0287 -0.9992 -0.0267
vn 0.0445 -0.5649 0.8240
vn 0.0403 0.3913 -0.9194
vn 0.2660 0.4755 -0.8386
vn 0.3853 0.9216 -0.0465
vn 0.4648 0.8841 0.0470
vn -0.2717 -0.6664 -0.6943
vn 0.0765 -0.5168 0.8527
vn -0.1442 -0.9893 -0.0215
vn -0.2384 0.4224 -0.8745
vn 0.0644 0.9935 -0.0943
vn 0.9951 0.0897 -0.0424
vn 0.2205 -0.1442 -0.9647
vn -0.2385 0.4224 -0.8745
vn 0.6128 0.6482 -0.4520
vn 0.2170 -0.8472 -0.4849
vn -0.4074 -0.5823 0.7035
vn -0.0135 -0.9997 0.0214
vn -0.1246 -0.9920 0.0217
vn -0.2988 -0.7485 -0.5920
vn -0.0905 0.4322 -0.8972
vn -0.2472 0.9668 -0.0642
vn -0.4204 0.3478 -0.8381
vn -0.0480 -0.7140 -0.6985
vn -0.4560 -0.0272 -0.8896
vn -0.3306 0.6695 -0.6652
vn -0.0780 0.9951 -0.0601
vn -0.3962 0.7170 0.5736
vn -0.2057 0.6076 0.7671
vn -0.5111 -0.4132 0.7537
vn -0.2751 -0.4594 0.8445
vn -0.0601 -0.4956 0.8665
vn -0.1283 -0.9917 0.0047
vn -0.1638 -0.5267 0.8341
vn -0.1855 0.6561 0.7316
vn -0.0781 0.9951 -0.0601
vn -0.0740 0.6312 0.7721
vn -0.1855 0.6561 0.7315
vn -0.1639 -0.5267 0.8341
vn 0.0897 -0.6645 -0.7419
vn 0.0781 0.3866 -0.9190
vn 0.0690 -0.9972 0.0273
vn -0.0905 0.4323 -0.8972
vn 0.0335 0.9953 -0.0912
vn -0.0016 0.9824 -0.1868
vn 0.1208 0.4909 -0.8628
vn -0.0017 0.9824 -0.1868
vn 0.4590 -0.7951 -0.3964
vn -0.4674 -0.8771 -0.1103
vn 0.3152 -0.9158 -0.2491
vn 0.8033 -0.4247 0.4174
vn -0.6232 0.5502 0.5557
vn -0.3041 -0.9502 -0.0676
vn 0.0016 0.0454 0.9990
vn 0.2336 0.7927 0.5630
vn 0.0497 0.0229 0.9985
vn 0.0331 -0.8378 -0.5450
vn -0.3162 -0.7243 0.6127
vn 0.0550 -0.7955 0.6035
vn 0.1280 0.2055 0.9703
vn 0.9803 0.1477 0.1312
vn 0.2053 -0.9778 0.0425
vn 0.0112 0.0394 -0.9992
vn -0.1068 -0.8240 -0.5565
vn 0.0032 0.0385 -0.9993
vn -0.8522 -0.2856 0.4383
vn -0.8844 -0.1643 0.4369
vn -0.4835 -0.8576 -0.1755
vn -0.7765 -0.4559 0.4350
vn -0.1498 -0.7932 0.5902
vn 0.1235 -0.8263 0.5495
vn 0.3566 0.1177 0.9268
vn 0.9867 0.1136 -0.1164
vn 0.1910 -0.9816 0.0041
vn -0.8522 -0.2857 0.4383
vn -0.5041 0.4736 0.7223
vn -0.1962 0.9490 0.2467
vn 0.3777 0.3478 0.8581
vn 0.1826 0.8101 0.5571
vn -0.4457 0.5743 0.6866
vn 0.6242 0.5279 0.5759
vn 0.1884 0.0296 0.9816
vn 0.0105 -0.8329 -0.5534
vn 0.0515 -0.9955 -0.0794
vn 0.1867 -0.8187 0.5430
vn 0.1889 -0.8544 -0.4840
vn -0.0698 -0.8207 0.5671
vn -0.1803 0.9818 -0.0590
vn 0.1734 0.9796 0.1010
vn -0.0699 -0.8207 0.5671
vn -0.4411 -0.7589 -0.4790
vn 0.3808 0.8047 -0.4554
vn 0.4787 0.8755 -0.0653
vn 0.3615 0.8298 0.4251
vn 0.1581 0.8292 0.5362
vn 0.3808 0.8047 -0.4555
vn 0.1986 0.8111 0.5501
vn 0.5064 0.8606 0.0552
vn 0.9803 0.1477 0.1311
vn -0.6246 0.5026 0.5977
vn -0.2212 0.8617 0.4567
vn 0.1559 0.9859 -0.0610
vn 0.1968 0.7899 -0.5808
vn 0.4459 0.8259 0.3450
vn 0.1966 0.8095 -0.5533
vn -0.2335 -0.8231 -0.5177
vn -0.0440 0.7704 -0.6360
vn -0.2649 0.0161 -0.9641
vn 0.3289 0.0076 -0.9444
vn 0.4823 0.7940 -0.3700
vn 0.4823 0.7940 -0.3701
vn 0.3289 0.0077 -0.9443
vn 0.1281 0.2055 0.9702
vn 0.9803 0.1476 0.1311
vn -0.1526 -0.8037 -0.5752
vn -0.4421 -0.7168 0.5393
vn 0.0016 0.0453 0.9990
vn -0.1321 0.2145 0.9678
vn 0.0540 0.8215 0.5676
vn 0.3222 0.7695 -0.5515
vn 0.2807 0.7031 0.6533
vn 0.3222 0.7694 -0.5515
vn -0.0288 -0.8444 -0.5350
vn 0.6040 0.6199 -0.5009
vn 0.3288 0.0077 -0.9444
vn 0.6657 0.6145 -0.4233
vn 0.4728 -0.0193 -0.8810
vn -0.2623 -0.7443 0.6142
vn 0.0610 0.1720 0.9832
vn 0.3728 0.6977 0.6117
vn 0.4336 0.7538 0.4937
vn 0.6488 0.6908 -0.3191
vn 0.3449 -0.7624 0.5476
vn 0.5012 -0.8524 -0.1493
vn 0.4728 -0.0192 -0.8809
vn 0.7011 -0.0029 0.7130
vn 0.7011 -0.0028 0.7130
vn 0.9683 -0.1019 -0.2281
vn 0.7126 0.5762 0.4004
vn 0.8412 0.5402 -0.0230
vn 0.1578 0.0952 -0.9829
vn 0.9867 0.1137 -0.1164
vn 0.1577 0.0952 -0.9829
vn 0.9867 0.1136 -0.1163
vn 0.1823 0.7971 -0.5756
vn 0.4772 0.6707 0.5679
vn 0.1581 0.8292 0.5361
vn -0.2994 -0.7698 -0.5637
vn -0.1501 -0.7777 0.6104
vn -0.3161 -0.7243 0.6127
vn 0.2932 0.1551 0.9434
vn 0.5852 0.6484 0.4868
vn 0.5169 0.6247 -0.5853
vn 0.6179 0.6066 -0.5002
vn 0.3120 0.0573 -0.9484
vn 0.5767 0.7104 -0.4033
vn 0.5544 0.7406 0.3796
vn -0.1424 -0.8100 -0.5689
vn 0.4547 -0.8231 -0.3402
vn 0.4635 -0.8094 0.3606
vn 0.8770 -0.0366 0.4791
vn 0.8774 -0.0833 -0.4725
vn 0.8121 0.5409 -0.2188
vn 0.8774 -0.0834 -0.4725
vn 0.7982 0.5655 0.2074
vn 0.8770 -0.0365 0.4791
vn -0.3727 -0.7498 -0.5468
vn 0.1965 0.8095 -0.5533
vn 0.0982 0.8034 -0.5872
vn 0.3307 0.8041 0.4940
vn 0.3565 0.1177 0.9268
vn 0.6807 0.5962 0.4257
vn 0.3308 0.8041 0.4940
vn 0.0113 0.0394 -0.9992
vn -0.0743 0.1497 -0.9859
vn -0.0476 -0.8441 0.5340
vn -0.3728 -0.7497 -0.5468
vn 0.4771 0.0438 0.8777
vn 0.4772 0.0438 0.8777
vn 0.6990 0.6013 0.3871
vn 0.0394 0.0780 -0.9962
vn 0.3697 0.6247 -0.6878
vn 0.4512 0.6396 -0.6224
vn 0.0394 0.0779 -0.9962
vn 0.4475 0.7402 -0.5019
vn 0.6102 0.7226 0.3249
vn -0.3056 -0.7706 -0.5592
vn 0.2299 -0.8221 -0.5209
vn 0.4260 -0.8870 0.1781
vn 0.6742 -0.0694 -0.7353
vn 0.6741 -0.0693 -0.7353
vn 0.7228 0.5423 -0.4283
vn 0.9670 -0.1062 0.2314
vn 0.8375 0.5460 0.0224
vn 0.9671 -0.1062 0.2314
vn 0.8553 0.3936 -0.3369
vn 0.9980 -0.0336 -0.0544
vn 0.9980 -0.0336 -0.0545
vn -0.5063 -0.8215 -0.2624
vn -0.7636 -0.3377 0.5503
vn 0.4591 -0.7951 -0.3963
vn -0.3981 0.2321 0.8875
vn -0.5040 0.4736 0.7223
vn 0.9980 -0.0335 -0.0545
vn 0.4288 -0.4140 -0.8030
vn 0.5926 0.6269 0.5058
vn -0.3162 0.1740 0.9326
vn -0.6698 -0.4266 0.6078
vn 0.4288 -0.4140 -0.8029
vn -0.4499 -0.8415 -0.2991
vn -0.0186 -0.9983 -0.0545
vn -0.2923 0.2508 0.9229
vn 0.0162 0.0530 0.9985
vn 0.5601 0.3165 0.7656
vn 0.5475 0.7006 0.4576
vn -0.0501 -0.6535 0.7553
vn 0.9379 -0.2504 0.2403
vn 0.4886 0.7479 0.4494
vn 0.4508 -0.3040 -0.8393
vn 0.5768 -0.6838 -0.4469
vn 0.8240 0.4064 -0.3947
vn 0.9379 -0.2504 0.2402
vn 0.8241 0.4064 -0.3947
vn -0.8708 0.3769 0.3155
vn -0.2784 0.4652 0.8403
vn -0.8709 0.3769 0.3155
vn -0.8846 -0.1916 0.4251
vn -0.8689 -0.4767 0.1331
vn -0.2659 0.4755 -0.8386
vn -0.8092 -0.1249 -0.5740
vn 0.0101 -0.6041 -0.7968
vn 0.2717 -0.6664 -0.6943
vn 0.2384 0.4224 -0.8745
vn -0.0644 0.9935 -0.0943
vn -0.0403 0.3913 -0.9194
vn -0.6128 0.6482 -0.4520
vn 0.2385 0.4224 -0.8745
vn -0.2205 -0.1442 -0.9647
vn -0.9951 0.0897 -0.0424
vn 0.1442 -0.9893 -0.0215
vn -0.0445 -0.5649 0.8240
vn -0.0765 -0.5168 0.8527
vn 0.1358 0.5923 0.7942
vn 0.2057 0.6076 0.7671
vn 0.5111 -0.4132 0.7537
vn -0.0287 -0.9992 -0.0267
vn -0.2170 -0.8472 -0.4849
vn -0.1872 0.9801 -0.0660
vn -0.4648 0.8841 0.0470
vn -0.4648 0.8842 0.0470
vn -0.1646 0.5035 0.8481
vn -0.3853 0.9216 -0.0465
vn 0.2987 -0.7485 -0.5920
vn 0.0135 -0.9997 0.0214
vn 0.1246 -0.9920 0.0217
vn 0.4074 -0.5823 0.7035
vn 0.3306 0.6695 -0.6652
vn 0.2472 0.9668 -0.0642
vn 0.4204 0.3478 -0.8381
vn 0.0905 0.4322 -0.8972
vn 0.0480 -0.7140 -0.6985
vn 0.4560 -0.0272 -0.8896
vn 0.0780 0.9951 -0.0601
vn 0.3962 0.7170 0.5736
vn 0.1804 0.9818 -0.0590
vn 0.1962 0.9490 0.2467
vn 0.2751 -0.4594 0.8445
vn 0.0601 -0.4956 0.8665
vn 0.1283 -0.9917 0.0047
vn 0.1855 0.6561 0.7315
vn 0.1639 -0.5267 0.8341
vn 0.0740 0.6312 0.7721
vn -0.0690 -0.9972 0.0273
vn 0.1638 -0.5267 0.8341
vn -0.0781 0.3866 -0.9190
vn 0.0905 0.4323 -0.8972
vn -0.0897 -0.6645 -0.7419
vn -0.0335 0.9953 -0.0912
vn 0.0016 0.9824 -0.1868
vn -0.1208 0.4909 -0.8628
vn 0.0017 0.9824 -0.1868
vn -0.4590 -0.7951 -0.3964
vn -0.8033 -0.4247 0.4174
vn -0.3152 -0.9158 -0.2491
vn 0.4411 -0.7589 -0.4790
vn 0.3041 -0.9502 -0.0681
vn 0.1498 -0.7932 0.5902
vn 0.1068 -0.8240 -0.5565
vn -0.1235 -0.8263 0.5495
vn -0.1910 -0.9816 0.0041
vn -0.9867 0.1136 -0.1164
vn 0.3162 -0.7243 0.6127
vn -0.0331 -0.8378 -0.5450
vn -0.0550 -0.7955 0.6035
vn -0.2053 -0.9778 0.0425
vn -0.9803 0.1477 0.1312
vn 0.4674 -0.8771 -0.1103
vn 0.4835 -0.8576 -0.1755
vn 0.8844 -0.1643 0.4369
vn 0.8522 -0.2856 0.4383
vn 0.5041 0.4736 0.7223
vn 0.4457 0.5743 0.6866
vn 0.7765 -0.4559 0.4350
vn 0.6232 0.5503 0.5557
vn 0.1855 0.6561 0.7316
vn -0.3808 0.8047 -0.4554
vn -0.1581 0.8292 0.5362
vn -0.3615 0.8298 0.4251
vn -0.0515 -0.9955 -0.0794
vn -0.1867 -0.8187 0.5430
vn -0.1889 -0.8544 -0.4840
vn -0.1965 0.8095 -0.5533
vn -0.0982 0.8034 -0.5872
vn -0.4459 0.8259 0.3450
vn 0.6246 0.5026 0.5977
vn -0.0497 0.0229 0.9985
vn -0.1884 0.0296 0.9816
vn -0.0032 0.0385 -0.9993
vn 0.2649 0.0161 -0.9641
vn -0.0105 -0.8329 -0.5534
vn -0.4787 0.8755 -0.0653
vn -0.5064 0.8606 0.0552
vn -0.1734 0.9796 0.1010
vn -0.1559 0.9859 -0.0610
vn -0.2336 0.7927 0.5631
vn -0.4823 0.7940 -0.3700
vn -0.1986 0.8111 0.5501
vn -0.9803 0.1477 0.1311
vn 0.0699 -0.8207 0.5671
vn 0.0698 -0.8207 0.5671
vn 0.2212 0.8617 0.4567
vn -0.1968 0.7899 -0.5808
vn -0.1826 0.8101 0.5571
vn -0.3777 0.3478 0.8581
vn 0.2335 -0.8231 -0.5177
vn -0.0016 0.0454 0.9990
vn 0.0440 0.7704 -0.6360
vn -0.1966 0.8095 -0.5533
vn -0.0112 0.0394 -0.9992
vn 0.1526 -0.8037 -0.5752
vn 0.0288 -0.8444 -0.5350
vn -0.3288 0.0077 -0.9444
vn -0.4823 0.7940 -0.3701
vn -0.3289 0.0077 -0.9443
vn -0.6657 0.6145 -0.4233
vn -0.6040 0.6199 -0.5009
vn -0.3222 0.7694 -0.5515
vn -0.4728 -0.0193 -0.8810
vn 0.4421 -0.7168 0.5393
vn -0.0016 0.0453 0.9990
vn 0.1321 0.2145 0.9678
vn -0.0540 0.8215 0.5676
vn -0.3728 0.6977 0.6117
vn -0.0609 0.1720 0.9832
vn -0.2807 0.7031 0.6533
vn -0.3289 0.0076 -0.9444
vn -0.1280 0.2055 0.9703
vn -0.1281 0.2055 0.9702
vn -0.9803 0.1476 0.1311
vn -0.3222 0.7695 -0.5515
vn -0.4336 0.7538 0.4937
vn -0.6488 0.6908 -0.3191
vn -0.5012 -0.8524 -0.1493
vn -0.3449 -0.7624 0.5476
vn -0.9683 -0.1019 -0.2281
vn -0.7011 -0.0029 0.7130
vn -0.8412 0.5402 -0.0230
vn -0.7126 0.5762 0.4004
vn -0.7011 -0.0028 0.7130
vn -0.4728 -0.0192 -0.8809
vn 0.2623 -0.7443 0.6142
vn -0.0610 0.1720 0.9832
vn -0.5853 0.6484 0.4868
vn -0.2932 0.1551 0.9434
vn 0.2994 -0.7698 -0.5637
vn 0.1501 -0.7777 0.6104
vn 0.3161 -0.7243 0.6127
vn 0.1424 -0.8100 -0.5689
vn -0.1577 0.0952 -0.9829
vn -0.1823 0.7971 -0.5756
vn -0.6179 0.6066 -0.5002
vn -0.5169 0.6247 -0.5853
vn -0.3120 0.0573 -0.9484
vn -0.4772 0.6707 0.5679
vn -0.3439 0.1114 0.9324
vn -0.1578 0.0952 -0.9829
vn -0.9867 0.1137 -0.1164
vn -0.9867 0.1136 -0.1163
vn -0.1581 0.8292 0.5361
vn -0.5544 0.7406 0.3796
vn -0.5767 0.7104 -0.4033
vn -0.4635 -0.8094 0.3606
vn -0.8770 -0.0366 0.4791
vn -0.8121 0.5410 -0.2187
vn -0.8774 -0.0834 -0.4725
vn -0.8774 -0.0833 -0.4725
vn -0.7982 0.5655 0.2074
vn -0.4547 -0.8231 -0.3402
vn -0.4766 0.0272 0.8787
vn -0.3307 0.8041 0.4940
vn -0.6788 0.6281 0.3805
vn 0.3727 -0.7498 -0.5468
vn 0.0476 -0.8441 0.5340
vn 0.3728 -0.7497 -0.5468
vn -0.0113 0.0394 -0.9992
vn 0.0743 0.1497 -0.9859
vn -0.0394 0.0780 -0.9962
vn -0.4228 0.6453 -0.6362
vn -0.3427 0.6473 -0.6809
vn -0.0394 0.0779 -0.9962
vn -0.0982 0.8035 -0.5872
vn -0.6355 0.6363 0.4373
vn -0.4474 0.7249 -0.5238
vn -0.6292 0.7139 0.3074
vn -0.6742 -0.0693 -0.7353
vn -0.4260 -0.8870 0.1781
vn -0.9670 -0.1062 0.2314
vn -0.8375 0.5460 0.0224
vn -0.7228 0.5423 -0.4283
vn -0.9671 -0.1062 0.2314
vn -0.2299 -0.8221 -0.5209
vn -0.6741 -0.0693 -0.7353
vn 0.3056 -0.7706 -0.5592
vn 0.5063 -0.8215 -0.2624
vn 0.7636 -0.3377 0.5503
vn 0.8522 -0.2857 0.4383
vn 0.3981 0.2321 0.8875
vn -0.4288 -0.4140 -0.8030
vn -0.4591 -0.7951 -0.3963
vn -0.6242 0.5279 0.5759
vn -0.9980 -0.0336 -0.0544
vn -0.5926 0.6269 0.5058
vn -0.8553 0.3936 -0.3369
vn 0.5040 0.4736 0.7223
vn 0.3162 0.1740 0.9326
vn -0.5475 0.7006 0.4576
vn -0.4886 0.7479 0.4494
vn -0.9980 -0.0335 -0.0545
vn -0.4288 -0.4140 -0.8029
vn -0.4508 -0.3040 -0.8393
vn 0.4499 -0.8415 -0.2991
vn -0.9980 -0.0336 -0.0545
vn 0.0501 -0.6535 0.7553
vn -0.5601 0.3165 0.7656
vn -0.9379 -0.2504 0.2403
vn -0.8240 0.4064 -0.3947
vn -0.5768 -0.6838 -0.4468
vn 0.0186 -0.9983 -0.0545
vn -0.8241 0.4064 -0.3947
vn -0.0162 0.0530 0.9985
vn 0.2923 0.2508 0.9229
vn 0.6698 -0.4266 0.6078
vn 0.0019 0.9419 0.3360
vn -0.1536 0.7831 0.6027
vn -0.4092 0.7578 0.5082
vn -0.3417 0.9207 0.1887
vn 0.6513 0.3821 0.6556
vn 0.3952 0.4760 0.7857
vn 0.4053 0.7654 0.4998
vn 0.1437 0.8034 0.5778
vn 0.3417 0.9207 0.1887
vn 0.5803 0.7210 -0.3787
vn 0.7730 0.3638 0.5197
vn 0.5809 0.7418 -0.3352
vn -0.3363 0.7573 -0.5598
vn -0.6294 0.6926 -0.3525
vn -0.0858 0.9317 0.3530
vn -0.4644 -0.0031 0.8856
vn 0.8526 0.0542 0.5197
vn 0.4740 0.8032 0.3607
vn 0.7165 0.5460 0.4341
vn 0.5102 0.7150 -0.4780
vn 0.1345 -0.1055 0.9853
vn 0.3523 0.5862 0.7296
vn 0.2103 0.9572 0.1987
vn -0.7928 0.0418 0.6081
vn -0.5474 0.6977 0.4622
vn -0.7214 0.3011 -0.6236
vn -0.6242 -0.7501 0.2186
vn -0.3804 -0.8937 -0.2380
vn -0.5201 -0.8537 -0.0262
vn 0.8127 -0.3225 0.4853
vn 0.8158 -0.4354 0.3806
vn 0.8663 -0.1994 0.4580
vn 0.8406 -0.0578 0.5385
vn 0.7600 0.2328 0.6068
vn 0.8231 0.1606 0.5447
vn 0.7957 -0.3869 0.4661
vn -0.8223 0.1529 0.5482
vn -0.6386 0.3783 0.6702
vn -0.8389 -0.0828 0.5379
vn -0.7624 0.2306 0.6047
vn -0.8668 -0.2234 0.4458
vn -0.8158 -0.4354 0.3806
vn -0.8127 -0.3225 0.4853
vn 0.8264 -0.5042 0.2505
vn 0.8522 -0.2859 0.4383
vn -0.8587 -0.2862 0.4251
vn -0.8248 -0.5095 0.2451
vn -0.9533 0.1883 0.2360
vn -0.9242 0.3050 -0.2299
vn -0.7017 0.0660 0.7094
vn 0.8834 0.3349 0.3278
vn 0.8315 0.4088 0.3762
vn 0.8568 0.4298 0.2850
vn 0.3016 -0.9193 -0.2528
vn 0.6142 -0.7018 0.3609
vn 0.4173 -0.8739 -0.2492
vn 0.9251 0.3004 -0.2322
vn 0.7013 0.0573 0.7106
vn 0.8413 -0.1623 0.5156
vn 0.8742 0.0655 0.4812
vn 0.6195 -0.4820 0.6196
vn -0.6195 -0.4820 0.6196
vn -0.8393 -0.1601 0.5195
vn -0.9258 0.0911 0.3668
vn -0.6130 -0.7036 0.3595
vn -0.3021 -0.9198 -0.2506
vn -0.4182 -0.8747 -0.2448
vn -0.6606 0.4955 0.5640
vn -0.9028 0.4157 0.1102
vn -0.6676 0.7435 0.0386
vn -0.9159 0.3713 0.1527
vn -0.5989 0.8001 -0.0330
vn -0.2661 0.9136 0.3075
vn 0.9486 0.1530 0.2770
vn -0.1414 0.0146 0.9898
vn 0.7252 0.3958 0.5634
vn -0.6460 0.7552 -0.1108
vn 0.1138 0.9775 0.1774
vn 0.3551 0.1161 0.9276
vn 0.2316 0.0489 0.9716
vn 0.3545 0.0784 0.9317
vn 0.1858 -0.0838 0.9790
vn -0.1467 0.0490 0.9880
vn 0.3790 0.0610 0.9234
vn 0.0819 0.4708 0.8784
vn 0.8169 0.2750 0.5070
vn 0.8492 0.1573 0.5042
vn 0.7288 0.3328 0.5984
vn -0.6710 0.0341 0.7407
vn -0.6546 0.0413 0.7549
vn -0.0315 0.0489 0.9983
vn 0.0102 0.0353 0.9993
vn 0.6217 0.0406 0.7822
vn 0.4034 -0.3162 0.8587
vn -0.8894 -0.3427 -0.3024
vn -0.7359 0.4403 0.5144
vn -0.8701 0.4883 0.0678
vn -0.5644 0.8116 0.1508
vn 0.7894 -0.1684 0.5904
vn 0.6054 -0.7633 0.2255
vn 0.7403 -0.0049 0.6723
vn 0.7742 0.1460 0.6159
vn 0.8393 -0.1068 0.5330
vn 0.3309 0.3719 -0.8673
vn -0.7864 0.1832 -0.5900
vn -0.1003 0.3910 -0.9149
vn 0.6461 -0.6347 0.4239
vn -0.8400 -0.1210 0.5290
vn -0.7592 -0.0089 0.6507
vn -0.7976 -0.1693 0.5790
vn -0.6623 -0.6171 0.4248
vn 0.3975 0.5183 -0.7572
vn -0.5262 0.6452 -0.5539
vn 0.0012 0.9383 -0.3457
vn 0.2217 0.6115 -0.7595
vn -0.1741 0.9318 -0.3184
vn 0.2516 0.6413 -0.7249
vn -0.3545 -0.0999 -0.9297
vn -0.9185 0.0399 0.3933
vn -0.9207 0.3088 0.2385
vn -0.9533 0.1884 0.2361
vn 0.8681 -0.1102 0.4840
vn 0.1267 -0.9814 0.1440
vn 0.4731 -0.7377 -0.4815
vn 0.7017 -0.6748 0.2284
vn -0.7820 0.1176 0.6121
vn 0.7296 0.4419 0.5219
vn 0.8840 -0.3507 -0.3091
vn 0.8666 0.4927 0.0790
vn -0.9083 0.2969 -0.2947
vn -0.9258 0.0910 0.3668
vn -0.5698 -0.6323 0.5249
vn 0.4371 0.5720 -0.6940
vn 0.6051 -0.4828 -0.6330
vn -0.4780 -0.7382 -0.4760
vn -0.7076 -0.6660 0.2360
vn -0.6051 -0.4828 -0.6330
vn 0.5092 -0.8600 -0.0343
vn 0.3804 -0.8937 -0.2380
vn -0.7099 0.5506 -0.4391
vn -0.2459 0.8929 0.3771
vn 0.3162 0.8761 -0.3639
vn 0.1142 -0.0844 0.9899
vn 0.1273 -0.0394 0.9911
vn 0.6513 0.7384 -0.1750
vn 0.0514 0.9887 -0.1411
vn -0.6650 0.1520 -0.7312
vn -0.4753 -0.4268 -0.7694
vn -0.5703 -0.4295 -0.7002
vn -0.6651 0.1520 -0.7312
vn 0.7546 0.5431 0.3683
vn -0.3618 0.4574 0.8123
vn 0.0199 0.6493 0.7603
vn -0.1273 0.7249 0.6770
vn 0.5513 0.7436 -0.3783
vn 0.2983 0.3432 0.8906
vn -0.1222 0.7376 -0.6640
vn 0.7393 0.6135 -0.2777
vn 0.5243 0.1402 -0.8399
vn -0.7312 -0.1236 0.6708
vn -0.9849 -0.0232 -0.1715
vn -0.7001 -0.6971 -0.1547
vn -0.9849 -0.0232 -0.1716
vn -0.3884 -0.1410 -0.9106
vn -0.7001 -0.6970 -0.1547
vn -0.7132 0.1773 0.6782
vn -0.0101 -0.4425 -0.8967
vn -0.0665 0.4532 0.8889
vn 0.1528 0.0470 0.9871
vn -0.3409 0.0194 0.9399
vn -0.8548 0.0617 0.5152
vn -0.7430 0.2752 0.6101
vn -0.2131 -0.0936 0.9725
vn -0.8329 0.2267 0.5048
vn -0.2206 0.0315 0.9748
vn -0.3398 0.0632 0.9384
vn -0.3403 0.0324 0.9397
vn 0.3833 -0.2911 0.8766
vn 0.1159 0.7605 0.6389
vn 0.2104 0.9572 0.1987
vn 0.0969 0.3314 0.9385
vn -0.8048 0.5692 0.1681
vn -0.8830 0.2625 0.3891
vn 0.7637 -0.5767 0.2903
vn 0.7226 0.6821 -0.1124
vn 0.6626 0.1314 -0.7373
vn 0.5105 0.7821 0.3574
vn 0.5370 0.4892 0.6873
vn 0.3137 0.7243 0.6140
vn 0.4728 0.8610 0.1873
vn 0.4128 0.3913 0.8225
vn -0.7226 0.6821 -0.1124
vn -0.7640 -0.5745 0.2939
vn -0.6626 0.1314 -0.7373
vn -0.6571 -0.0205 -0.7536
vn -0.6980 0.0849 -0.7110
vn -0.3544 -0.0998 -0.9297
vn -0.3421 0.5472 -0.7639
vn -0.2170 0.8410 0.4956
vn -0.7864 0.1831 -0.5900
vn -0.7741 0.6024 -0.1949
vn -0.5263 0.6452 -0.5539
vn 0.6938 -0.1775 -0.6980
vn 0.6977 -0.5817 -0.4181
vn -0.1282 -0.9812 0.1442
vn 0.2787 0.9073 0.3149
vn 0.6121 0.7018 -0.3645
vn 0.2761 0.5781 0.7678
vn 0.1138 0.9776 0.1773
vn 0.7031 0.3072 -0.6413
vn 0.4641 0.7894 -0.4019
vn 0.2427 0.6151 -0.7501
vn 0.4056 0.2802 -0.8701
vn -0.2882 0.6110 -0.7373
vn 0.2928 0.9561 0.0109
vn 0.6822 0.7181 -0.1373
vn -0.3564 0.9283 -0.1055
vn 0.4641 0.7893 -0.4019
vn 0.4640 0.6966 0.5472
vn 0.4672 0.2707 0.8417
vn 0.4640 0.6966 0.5473
vn 0.2928 0.9561 0.0108
vn -0.1068 0.8918 0.4397
vn 0.3549 -0.1000 -0.9296
vn -0.2184 0.6103 -0.7615
vn 0.6980 0.0849 -0.7110
vn 0.6571 -0.0205 -0.7535
vn 0.3884 -0.1410 -0.9106
vn 0.6992 -0.6984 -0.1528
vn -0.8772 0.4765 0.0593
vn 0.2534 0.9487 0.1892
vn -0.5537 0.8102 0.1924
vn -0.3375 0.0022 0.9413
vn -0.2220 -0.0161 0.9749
vn -0.1206 -0.0475 0.9916
vn 0.2534 0.9487 0.1891
vn 0.6822 0.7181 -0.1374
vn -0.4614 0.6645 0.5878
vn -0.9415 0.3310 0.0630
vn -0.5271 0.7789 0.3399
vn -0.5667 0.7577 0.3236
vn -0.7753 0.2885 0.5618
vn -0.3744 0.4068 0.8333
vn 0.4385 0.4295 0.7895
vn 0.7031 0.3073 -0.6413
vn -0.1223 0.7376 -0.6641
vn -0.4807 0.0503 -0.8754
vn -0.8551 0.3394 0.3918
vn -0.9533 0.1883 0.2361
vn 0.3087 0.0087 0.9511
vn 0.1775 -0.0442 0.9831
vn 0.6639 0.0118 0.7477
vn 0.7132 0.1773 0.6782
vn 0.7285 -0.1310 0.6725
vn 0.9849 -0.0232 -0.1715
vn 0.9849 -0.0232 -0.1716
vn -0.5954 0.3259 -0.7344
vn -0.8552 0.3394 0.3918
vn -0.1200 -0.0080 0.9927
vn 0.8699 -0.0225 0.4928
vn 0.5669 -0.6346 0.5252
vn 0.8741 0.0655 0.4812
vn 0.9091 0.2899 -0.2990
vn 0.8242 0.3907 0.4100
vn 0.4845 0.8086 0.3339
vn 0.7578 0.2805 0.5892
vn -0.7739 0.5165 0.3665
vn -0.6676 0.7435 0.0385
vn 0.6822 0.7182 -0.1374
vn -0.4281 0.8661 0.2581
vn -0.4702 0.2655 0.8417
vn -0.9258 0.0911 0.3669
vn -0.3623 -0.1454 -0.9206
vn -0.9861 -0.1615 -0.0395
vn -0.4281 0.8661 0.2582
vn 0.7460 -0.4107 -0.5243
vn 0.6676 0.3841 -0.6378
vn 0.1831 0.7162 -0.6735
vn 0.1738 0.2875 -0.9419
vn 0.3840 -0.1566 -0.9100
vn -0.4808 0.0503 -0.8754
vn -0.6833 0.1819 -0.7071
vn -0.5421 0.5773 -0.6106
vn -0.4269 0.2817 -0.8593
vn -0.7242 -0.5658 -0.3941
vn -0.0100 -0.4425 -0.8967
vn -0.5270 0.7789 0.3399
vn -0.7739 0.5164 0.3665
vn 0.8741 0.0654 0.4813
vn 0.4292 0.8653 0.2590
vn 0.7459 -0.4107 -0.5243
vn 0.5929 0.3403 -0.7298
vn 0.3394 0.4429 -0.8299
vn 0.1607 -0.5669 -0.8080
vn -0.5700 -0.8011 0.1824
vn -0.6755 -0.3670 -0.6395
vn -0.8690 -0.4767 0.1331
vn -0.6673 -0.6302 0.3969
vn -0.6755 -0.3671 -0.6395
vn -0.3623 -0.1453 -0.9206
vn 0.9861 -0.1615 -0.0395
vn 0.3604 -0.1475 -0.9211
vn 0.5700 -0.8011 0.1824
vn 0.8690 -0.4767 0.1331
vn 0.6755 -0.3670 -0.6395
vn 0.6680 -0.6334 0.3907
vn 0.6755 -0.3671 -0.6395
vn -0.1607 -0.5669 -0.8080
vn -0.5695 0.0763 -0.8185
vn 0.5660 0.0793 -0.8206
vn -0.2103 0.3398 -0.9167
vn 0.6476 0.3925 -0.6531
vn 0.1599 -0.3806 -0.9108
vn 0.0717 -0.7335 -0.6759
vn -0.1086 -0.0498 -0.9928
vn -0.1085 -0.0497 -0.9928
vn -0.0573 -0.7879 -0.6131
vn 0.1113 0.8878 0.4466
vn -0.5074 -0.2771 0.8159
vn -0.8385 -0.4946 -0.2285
vn -0.3383 -0.1710 0.9254
vn 0.3632 0.9262 -0.1010
vn -0.4708 -0.8472 -0.2464
vn -0.6029 -0.2510 0.7573
vn -0.4707 -0.8472 -0.2463
vn -0.5418 -0.0298 -0.8400
vn -0.2047 0.7702 0.6041
vn 0.2104 0.9733 0.0919
vn -0.6029 -0.2511 0.7573
vn -0.9447 -0.3118 -0.1011
vn -0.8250 0.3248 0.4624
vn -0.2246 0.8021 -0.5533
vn -0.1095 -0.6360 0.7639
vn -0.6028 -0.2511 0.7573
vn 0.2047 0.7702 0.6041
vn -0.2104 0.9733 0.0919
vn 0.3383 -0.1710 0.9254
vn 0.4707 -0.8472 -0.2463
vn 0.8385 -0.4946 -0.2285
vn 0.6029 -0.2510 0.7573
vn 0.4708 -0.8472 -0.2464
vn 0.5074 -0.2771 0.8159
vn 0.1095 -0.6360 0.7639
vn 0.6029 -0.2511 0.7573
vn 0.9447 -0.3118 -0.1011
vn 0.2246 0.8021 -0.5533
vn 0.8250 0.3248 0.4624
vn 0.6028 -0.2511 0.7573
vn 0.5418 -0.0298 -0.8400
vn -0.5718 -0.3142 0.7579
vn -0.6015 0.0114 0.7988
vn -0.2661 0.9136 0.3074
vn -0.6915 0.7114 -0.1257
vn 0.7370 -0.1515 0.6587
vn 0.1668 0.9101 0.3793
vn -0.6914 0.7114 -0.1257
vn -0.4807 0.0504 -0.8754
vn -0.6469 -0.7584 0.0798
vn -0.6910 -0.7222 0.0298
vn -0.7474 -0.6302 0.2105
vn -0.5953 0.3259 -0.7344
vn -0.0679 0.9974 0.0230
vn 0.3843 -0.7046 -0.5965
vn -0.8880 0.0860 0.4517
vn -0.8970 0.2120 -0.3879
vn -0.6627 0.1314 -0.7373
vn -0.7640 -0.5745 0.2938
vn -0.9042 0.0337 -0.4258
vn -0.1608 -0.5669 -0.8080
vn -0.0678 0.9974 0.0230
vn -0.8382 -0.2749 0.4710
vn -0.7424 0.4657 0.4815
vn -0.7424 0.4657 0.4816
vn -0.7225 0.6821 -0.1124
vn -0.3394 0.4429 -0.8299
vn 0.5929 0.3404 -0.7298
vn 0.6907 -0.7223 0.0336
vn 0.6453 -0.7601 0.0765
vn 0.7508 -0.6243 0.2157
vn 0.0679 0.9977 0.0089
vn 0.5929 0.3404 -0.7299
vn -0.3844 -0.7041 -0.5970
vn 0.7519 0.4432 0.4881
vn 0.8880 0.0860 0.4517
vn 0.6627 0.1314 -0.7373
vn 0.8846 0.1687 -0.4348
vn 0.1608 -0.5669 -0.8080
vn 0.9042 0.0337 -0.4258
vn 0.7225 0.6821 -0.1124
vn 0.0679 0.9977 0.0090
vn 0.8248 -0.3161 0.4688
vn 0.8248 -0.3161 0.4687
vn 0.1311 0.0715 0.9888
vn -0.4408 -0.2858 0.8509
vn 0.1444 -0.2492 0.9576
vn 0.5254 0.5850 0.6178
vn 0.3290 0.1326 0.9350
vn -0.0480 0.7265 0.6855
vn -0.0219 0.7129 0.7009
vn 0.0147 0.8662 0.4994
vn 0.1870 -0.0759 0.9794
vn 0.5051 0.6155 0.6050
vn 0.0688 -0.0120 0.9976
vn 0.2045 -0.2427 0.9483
vn -0.1416 -0.2047 0.9685
vn 0.1607 0.1149 0.9803
vn -0.0814 0.9589 0.2719
vn 0.2350 -0.7324 0.6390
vn -0.2493 -0.7058 0.6631
vn 0.2400 0.1309 0.9619
vn -0.6042 0.3223 0.7287
vn -0.3841 -0.7592 -0.5254
vn -0.1930 -0.5237 0.8297
vn 0.3608 -0.6841 0.6339
vn 0.2384 -0.7497 -0.6173
vn -0.7113 0.3400 -0.6152
vn -0.5414 0.6023 -0.5866
vn -0.1663 -0.0051 -0.9861
vn -0.4269 0.6593 0.6189
vn 0.0372 0.0028 0.9993
vn 0.3133 -0.0651 0.9474
vn -0.0486 -0.8055 -0.5906
vn -0.2867 0.0208 -0.9578
vn 0.2898 -0.7303 0.6185
vn 0.3462 -0.1334 0.9286
vn 0.2899 -0.7303 0.6185
vn -0.0486 -0.8055 -0.5905
vn 0.1113 -0.7353 0.6686
vn 0.6883 0.2623 0.6763
vn -0.4268 0.6997 -0.5729
vn 0.0715 0.3925 -0.9170
vn -0.2993 -0.0101 -0.9541
vn 0.3753 0.3582 -0.8549
vn -0.0361 0.7244 0.6884
vn 0.6076 0.2853 0.7413
vn -0.0362 0.7244 0.6884
vn -0.3062 -0.8131 -0.4950
vn -0.3307 0.0290 -0.9433
vn -0.5859 -0.7338 -0.3439
vn 0.4159 -0.1294 0.9002
vn -0.0625 -0.6590 0.7495
vn 0.6916 0.4867 0.5336
vn 0.0714 0.3926 -0.9170
vn 0.0691 -0.8392 -0.5394
vn 0.4139 -0.5114 0.7531
vn 0.3081 0.6902 -0.6547
vn 0.8014 0.4400 -0.4053
vn 0.8779 0.0618 0.4749
vn 0.9077 0.3081 0.2850
vn 0.5514 0.2238 -0.8037
vn 0.6063 0.6483 0.4606
vn 0.5718 0.5728 0.5874
vn -0.6008 -0.3664 0.7105
vn 0.7136 0.6678 0.2118
vn -0.1157 0.0688 0.9909
vn -0.6108 0.5621 0.5577
vn -0.1814 -0.2200 0.9585
vn -0.3167 0.0701 0.9459
vn 0.2565 -0.7036 0.6627
vn -0.0975 0.0781 0.9922
vn -0.1482 -0.0975 0.9841
vn -0.2329 -0.1736 0.9569
vn -0.0123 0.7730 0.6342
vn -0.2401 -0.7846 0.5716
vn -0.1822 0.0701 0.9808
vn 0.2080 0.9752 -0.0754
vn -0.4967 -0.5171 0.6970
vn -0.5478 0.2390 -0.8017
vn -0.2437 -0.8945 -0.3748
vn 0.3446 0.0367 -0.9380
vn -0.8667 0.0658 0.4944
vn -0.7174 0.5980 -0.3574
vn -0.1377 0.8158 -0.5617
vn -0.5363 0.5992 0.5945
vn -0.8441 0.4070 0.3491
vn -0.3988 -0.0921 0.9124
vn -0.4424 0.4523 -0.7744
vn -0.6009 0.4174 0.6817
vn -0.0464 -0.6828 0.7291
vn -0.2083 -0.7109 0.6717
vn -0.3419 -0.0433 0.9387
vn 0.4607 -0.8184 -0.3435
vn 0.2108 -0.0497 -0.9763
vn -0.5732 0.4482 0.6860
vn -0.2863 0.3498 -0.8920
vn 0.1820 -0.0993 -0.9783
vn 0.1259 0.7376 0.6634
vn 0.1672 -0.8659 -0.4715
vn -0.1255 -0.8432 -0.5227
vn -0.3757 -0.6593 0.6513
vn -0.2970 0.0431 0.9539
vn 0.1627 -0.1104 -0.9805
vn 0.4854 0.6250 -0.6114
vn 0.6551 0.4790 -0.5843
vn -0.2711 -0.8128 -0.5156
vn -0.3756 -0.6593 0.6513
vn 0.5571 0.5605 0.6127
vn 0.1260 0.7376 0.6634
vn -0.4207 -0.6287 0.6540
vn 0.7723 0.1963 -0.6041
vn 0.2547 -0.8301 -0.4961
vn -0.4681 -0.5756 0.6705
vn -0.4975 -0.6436 -0.5815
vn -0.1592 0.0007 0.9872
vn 0.6575 0.2062 0.7247
vn 0.1320 0.0216 0.9910
vn 0.0919 -0.5389 0.8373
vn 0.1056 -0.0457 -0.9934
vn -0.3222 -0.1102 0.9402
vn -0.1650 0.0129 0.9862
vn -0.3642 0.0082 0.9313
vn -0.3272 0.1285 0.9362
vn -0.2186 -0.1799 0.9591
vn -0.2260 0.2031 0.9527
vn -0.0947 -0.1752 0.9800
vn -0.1014 0.2036 0.9738
vn 0.0022 -0.1004 0.9949
vn -0.0013 0.1319 0.9913
vn 0.0377 0.0162 0.9992
vn 0.8250 -0.2242 0.5188
vn 0.7681 0.4854 0.4177
vn -0.7681 0.4854 0.4177
vn -0.7957 -0.3869 0.4661
vn -0.8250 -0.2242 0.5188
vn -0.6481 -0.7414 0.1740
vn 0.6480 -0.7414 0.1740
vn -0.4948 -0.8550 -0.1554
vn 0.4898 -0.8575 -0.1573
vn 0.4384 -0.8975 -0.0468
vn 0.4608 -0.8261 0.3242
vn -0.4384 -0.8975 -0.0468
vn -0.4608 -0.8261 0.3242
vn 0.3163 -0.9349 -0.1610
vn 0.2081 -0.9764 -0.0576
vn -0.3163 -0.9349 -0.1610
vn -0.2081 -0.9764 -0.0576
vn 0.2765 -0.9587 0.0663
vn 0.0000 -0.9944 0.1057
vn 0.0000 -0.9999 -0.0100
vn -0.2765 -0.9587 0.0663
vn -0.0000 -0.9944 0.1057
vn 0.0000 -0.9538 0.3005
vn -0.0000 -0.9999 -0.0100
vn -0.0000 -0.5586 -0.8295
vn -0.2351 -0.7398 -0.6304
vn -0.4022 -0.4930 -0.7715
vn 0.2357 -0.7398 -0.6302
vn 0.4022 -0.4930 -0.7715
vn -0.0001 -0.7640 -0.6452
vn -0.6144 -0.4149 -0.6711
vn 0.6144 -0.4149 -0.6711
vn -0.0998 -0.9732 0.2070
vn 0.1014 -0.9731 0.2068
vn -0.9523 -0.1666 0.2556
vn -0.9093 -0.1497 0.3883
vn 0.2446 0.2135 0.9458
vn -0.7738 -0.1331 0.6192
vn -0.7739 -0.1331 0.6192
vn -0.5864 -0.1713 0.7917
vn -0.5070 -0.2235 0.8324
vn -0.5070 -0.2235 0.8325
vn 0.1549 0.2235 0.9623
vn -0.0002 -0.9754 0.2204
vn 0.5569 0.8163 0.1534
vn -0.3987 -0.2700 0.8765
vn -0.0000 -0.3016 0.9534
vn -0.0002 0.2415 0.9704
vn -0.1537 0.2238 0.9624
vn 0.3404 0.9387 0.0553
vn 0.4023 -0.2714 0.8744
vn 0.5028 -0.2278 0.8339
vn -0.2446 0.2136 0.9458
vn 0.5782 -0.1741 0.7971
vn 0.7732 -0.1324 0.6202
vn 0.9094 -0.1475 0.3888
vn 0.9526 -0.1632 0.2567
vn -0.8216 -0.3628 0.4397
vn -0.7936 -0.2757 0.5424
vn 0.8216 -0.3628 0.4397
vn 0.7936 -0.2757 0.5424
vn 0.0000 -0.7218 0.6921
vn -0.0000 -0.7218 0.6921
vn -0.5229 -0.7078 0.4750
vn -0.4964 -0.5585 0.6645
vn 0.4964 -0.5585 0.6645
vn 0.5229 -0.7078 0.4750
vn -0.3404 0.9387 0.0553
vn 0.0000 0.9999 0.0141
vn -0.0000 0.9241 -0.3821
vn -0.6166 -0.3097 0.7238
vn -0.9435 -0.0666 0.3245
vn -0.9016 -0.0854 0.4240
vn -0.9435 -0.0666 0.3246
vn 0.7591 0.6310 -0.1600
vn 0.5517 0.7740 -0.3107
vn -0.7332 -0.1125 0.6706
vn -0.7332 -0.1125 0.6707
vn -0.4629 -0.1024 0.8805
vn -0.5884 0.0225 0.8083
vn 0.0000 -0.4427 0.8967
vn 0.0000 -0.0556 0.9985
vn 0.0000 -0.8848 0.4660
vn -0.0000 -0.4427 0.8967
vn 0.0000 -0.0897 0.9960
vn 0.6166 -0.3097 0.7238
vn -0.5517 0.7740 -0.3107
vn 0.4629 -0.1024 0.8805
vn 0.7332 -0.1125 0.6706
vn 0.7332 -0.1125 0.6707
vn 0.5230 -0.7077 0.4750
vn 0.5884 0.0225 0.8083
vn 0.9016 -0.0854 0.4240
vn 0.9435 -0.0666 0.3246
vn -0.7687 0.6178 -0.1653
vn 0.9435 -0.0666 0.3245
vn -0.0000 0.9929 0.1185
vn 0.4789 -0.7206 0.5014
vn 0.0000 0.9929 0.1185
vn -0.4986 0.8361 0.2290
vn -0.0000 0.9995 0.0309
vn 0.0000 0.9995 0.0309
vn 0.4986 0.8361 0.2289
vn -0.0000 -0.9538 0.3005
vn -0.0000 -0.8908 0.4544
vn -0.4789 -0.7206 0.5014
vn 0.0000 -0.8908 0.4544
vn 0.8026 0.2060 0.5597
vn -0.8026 0.2060 0.5597
vn 0.0000 -0.7413 0.6712
vn -0.0000 -0.7413 0.6712
vn -0.5485 -0.4899 0.6775
vn 0.5485 -0.4899 0.6775
vn 0.7308 -0.5655 0.3822
vn -0.0000 -0.8782 0.4782
vn -0.7308 -0.5655 0.3822
vn 0.0000 -0.8782 0.4782
vn 0.9189 0.3919 -0.0453
vn -0.9189 0.3919 -0.0453
vn -0.8031 0.5938 -0.0490
vn 0.0000 0.6522 -0.7580
vn -0.8347 0.2933 -0.4661
vn -0.7992 -0.5934 0.0955
vn -0.8016 -0.2722 0.5323
vn -0.7308 -0.5655 0.3823
vn 0.0000 -0.9577 0.2879
vn -0.5372 0.1729 0.8255
vn 0.0000 -0.6857 0.7279
vn 0.0000 0.9420 -0.3355
vn -0.5281 0.7220 0.4471
vn 0.0000 0.9619 0.2733
vn 0.0000 0.5710 0.8209
vn -0.0000 -0.9577 0.2878
vn 0.7992 -0.5934 0.0955
vn 0.7308 -0.5655 0.3823
vn -0.0000 -0.1194 0.9928
vn 0.8016 -0.2721 0.5323
vn 0.0000 0.9762 -0.2167
vn 0.0000 0.9986 -0.0522
vn -0.0000 0.9762 -0.2167
vn -0.0000 0.9986 -0.0522
vn 0.0000 0.9763 -0.2166
vn 0.5372 0.1729 0.8255
vn 0.8031 0.5938 -0.0490
vn 0.8347 0.2933 -0.4661
vn 0.5281 0.7220 0.4471
vn 0.2116 0.0052 0.9773
vn 0.0690 0.1081 0.9917
vn 0.0359 0.0075 0.9993
vn 0.0666 -0.0938 0.9934
vn 0.1549 0.1716 0.9729
vn 0.1503 -0.1592 0.9757
vn 0.2631 0.1724 0.9492
vn 0.2578 -0.1635 0.9523
vn 0.3517 0.1078 0.9299
vn 0.3481 -0.1024 0.9319
vn 0.3846 0.0017 0.9231
vn -0.9017 0.0569 -0.4287
vn -0.8625 0.0934 -0.4974
vn -0.1880 -0.1248 -0.9742
vn 0.1970 -0.4486 0.8718
vn 0.9284 -0.3554 0.1088
vn 0.9354 -0.3394 0.0988
vn 0.3623 -0.6893 -0.6273
vn 0.7445 -0.4202 -0.5187
vn 0.2478 -0.3528 -0.9023
vn -0.7643 -0.2166 -0.6075
vn -0.2478 -0.3528 -0.9023
vn 0.7643 -0.2166 -0.6075
vn 0.7301 -0.6740 0.1120
vn -0.7301 -0.6740 0.1120
vn 0.4976 -0.8644 0.0718
vn -0.4976 -0.8644 0.0718
vn -0.7061 0.6618 0.2520
vn -0.7076 0.6992 -0.1027
vn -0.9156 0.3519 -0.1945
vn -0.7570 0.6368 -0.1466
vn -0.5310 0.6792 -0.5068
vn -0.6732 0.2460 -0.6973
vn -0.6279 0.7294 0.2717
vn -0.4347 0.3435 0.8325
vn -0.5702 0.5611 -0.6000
vn -0.1597 0.5422 -0.8249
vn -0.1319 0.6265 0.7682
vn -0.2460 0.7407 0.6251
vn -0.0953 0.4686 0.8783
vn -0.2825 0.6020 0.7468
vn 0.0953 0.4686 0.8783
vn 0.1597 0.5422 -0.8249
vn 0.1319 0.6265 0.7682
vn 0.5310 0.6792 -0.5068
vn 0.7076 0.6992 -0.1027
vn 0.6279 0.7294 0.2717
vn -0.1540 0.4704 -0.8689
vn 0.1540 0.4704 -0.8689
vn 0.1937 0.0154 -0.9809
vn -0.1259 0.3187 0.9395
vn 0.5702 0.5611 -0.6000
vn 0.6732 0.2460 -0.6973
vn 0.7570 0.6368 -0.1466
vn 0.2825 0.6020 0.7468
vn 0.9156 0.3519 -0.1945
vn 0.7061 0.6618 0.2520
vn 0.8963 0.3627 0.2553
vn 0.2460 0.7407 0.6251
vn 0.4347 0.3435 0.8325
vn -0.9139 0.3321 0.2333
vn -0.9236 0.2439 -0.2956
vn -0.8963 0.3627 0.2553
vn -0.9456 0.2344 0.2258
vn -0.9243 0.2418 -0.2954
vn -0.1808 -0.3373 -0.9238
vn -0.5672 0.0797 -0.8197
vn -0.1937 0.0154 -0.9809
vn -0.5807 0.0420 -0.8130
vn -0.0889 -0.2528 0.9634
vn 0.3819 0.0837 0.9204
vn -0.4296 0.3260 0.8421
vn -0.4813 0.2044 0.8524
vn 0.3251 -0.7217 -0.6111
vn -0.3251 -0.7217 -0.6111
vn -0.1199 -0.0589 -0.9910
vn 0.1199 -0.0589 -0.9910
vn -0.0065 0.1441 0.9895
vn 0.0065 0.1441 0.9895
vn 0.0889 -0.2528 0.9634
vn 0.1259 0.3187 0.9395
vn 0.4296 0.3260 0.8421
vn 0.4813 0.2044 0.8524
vn -0.3819 0.0837 0.9204
vn 0.1808 -0.3373 -0.9238
vn 0.5672 0.0797 -0.8197
vn 0.5807 0.0420 -0.8130
vn 0.9243 0.2418 -0.2954
vn 0.9456 0.2344 0.2258
vn 0.9236 0.2439 -0.2956
vn 0.9139 0.3321 0.2333
vn -0.1970 -0.4486 0.8718
vn -0.5120 -0.1003 0.8531
vn 0.1880 -0.1248 -0.9742
vn 0.9017 0.0569 -0.4287
vn -0.9354 -0.3394 0.0988
vn -0.3623 -0.6893 -0.6273
vn 0.5406 0.0566 0.8394
vn 0.1816 -0.1534 -0.9713
vn 0.8931 0.2227 0.3908
vn 0.5085 0.2763 0.8155
vn -0.4757 0.0172 0.8795
vn 0.5756 0.2791 0.7686
vn -0.5580 -0.2236 0.7992
vn -0.9878 0.0349 0.1517
vn 0.5783 0.1191 0.8071
vn -0.5312 -0.4780 0.6995
vn -0.9412 -0.3269 0.0857
vn 0.9420 0.0384 0.3335
vn 0.6824 -0.1389 0.7177
vn 0.9158 0.2174 0.3378
vn -0.5318 -0.4884 0.6919
vn 0.6607 -0.2386 0.7117
vn -0.9284 -0.3554 0.1088
vn -0.9880 -0.1094 0.1088
vn -0.8315 -0.1925 -0.5210
vn -0.9954 -0.0610 0.0738
vn -0.6142 -0.0029 0.7891
vn -0.7445 -0.4202 -0.5187
vn 0.1145 -0.1121 -0.9871
vn -0.8391 -0.2341 -0.4910
vn 0.1408 -0.2167 -0.9660
vn 0.5800 0.2723 0.7678
vn -0.5587 0.0934 0.8241
vn 0.5419 0.1935 0.8178
vn 0.9433 0.2146 0.2532
vn 0.8616 0.0983 -0.4979
vn 0.5791 0.2708 0.7690
vn 0.8752 0.3330 0.3509
vn 0.8743 0.1917 -0.4458
vn 0.9274 0.2717 0.2570
vn 0.8625 0.0934 -0.4974
vn 0.8249 0.1311 -0.5499
vn 0.9158 0.2177 0.3375
vn -0.8211 0.4256 0.3805
vn -0.2536 0.9356 -0.2457
vn -0.8170 0.1474 0.5575
vn 0.0547 0.0827 0.9951
vn -0.0580 0.9771 -0.2047
vn 0.0116 0.8522 0.5231
vn 0.0673 0.0713 0.9952
vn 0.8740 0.3005 0.3820
vn -0.0305 0.7352 -0.6772
vn 0.3331 0.4685 -0.8182
vn -0.8407 0.4838 -0.2431
vn -0.1007 0.4184 -0.9027
vn -0.4036 0.3800 -0.8323
vn -0.3373 0.2882 -0.8962
vn 0.1294 0.4756 -0.8701
vn 0.1190 0.5073 -0.8535
vn 0.1086 0.4012 -0.9095
vn -0.8362 0.0690 -0.5441
vn 0.1949 0.3935 -0.8984
vn -0.9384 0.0248 0.3446
vn -0.8689 0.1200 -0.4802
vn -0.8378 0.1865 -0.5131
vn 0.0424 -0.9629 0.2663
vn 0.0695 0.2153 -0.9741
vn 0.1691 -0.9810 0.0946
vn 0.1896 0.3421 -0.9204
vn 0.8651 0.2981 -0.4034
vn 0.8599 0.3173 -0.3999
vn -0.6079 -0.1677 0.7761
vn -0.9293 -0.2001 0.3105
vn -0.9077 -0.0808 0.4118
vn 0.8079 0.2083 -0.5513
vn 0.9002 0.2721 0.3400
vn 0.9229 0.1856 0.3375
vn 0.0313 -0.8540 -0.5194
vn -0.1014 -0.3509 0.9309
vn -0.8388 -0.2628 0.4768
vn -0.5234 -0.8411 0.1363
vn 0.8567 0.3153 -0.4082
vn 0.5289 0.1243 0.8395
vn -0.6103 -0.1146 0.7839
vn 0.8406 -0.1559 0.5187
vn -0.1039 -0.2538 0.9617
vn -0.1118 -0.2574 0.9598
vn -0.3331 -0.9085 -0.2524
vn 0.9001 0.2735 0.3391
vn -0.8958 -0.0268 -0.4436
vn 0.6037 -0.6791 -0.4176
vn 0.6361 -0.7572 0.1485
vn 0.6134 -0.6562 -0.4394
vn 0.4999 -0.6093 -0.6155
vn -0.8738 -0.1403 -0.4657
vn -0.8967 -0.3250 0.3004
vn -0.9241 -0.1197 0.3630
vn -0.8438 -0.1553 -0.5137
vn -0.2265 0.0477 -0.9728
vn 0.2075 -0.9743 0.0878
vn -0.8656 -0.0800 -0.4943
vn 0.4835 0.0340 0.8747
vn -0.6350 -0.0780 0.7686
vn -0.1243 -0.8333 -0.5387
vn -0.1678 0.0280 -0.9854
vn 0.7370 0.0939 -0.6694
vn -0.1721 0.0734 -0.9823
vn 0.8223 0.0681 -0.5650
vn -0.4376 -0.7772 -0.4522
vn 0.0387 -0.2896 0.9564
vn 0.8702 -0.1825 0.4576
vn 0.8110 0.0008 -0.5851
vn 0.9229 -0.0651 -0.3795
vn 0.8398 -0.1810 0.5118
vn -0.0716 -0.9866 0.1467
vn -0.2827 0.9442 0.1691
vn -0.9579 0.2680 -0.1028
vn 0.1945 0.9063 0.3753
vn 0.8706 0.3376 0.3579
vn 0.8037 0.5112 -0.3045
vn 0.3519 0.9324 -0.0827
vn 0.9218 0.3875 -0.0083
vn 0.9740 0.0531 -0.2203
vn 0.0002 -0.9999 -0.0173
vn 0.0047 -0.9998 0.0196
vn 0.9979 0.0356 0.0548
vn 0.3019 0.9515 0.0592
vn 0.9079 0.3733 -0.1908
vn 0.9305 0.3649 -0.0324
vn 0.3038 0.9475 0.1000
vn -0.2826 0.9439 0.1711
vn -0.1636 0.8806 0.4448
vn -0.0686 0.3272 -0.9425
vn 0.8674 0.1740 -0.4663
vn 0.0034 0.8682 0.4962
vn 0.0078 0.9332 0.3593
vn -0.9567 0.1778 -0.2306
vn -0.0206 0.9643 -0.2640
vn 0.0138 0.9206 0.3902
vn -0.9562 0.2786 -0.0901
vn -0.9696 0.2113 0.1234
vn -0.4320 0.9007 -0.0460
vn -0.3819 0.9234 -0.0385
vn -0.9854 -0.1353 -0.1033
vn -0.9894 -0.1207 0.0812
vn -0.9639 0.2495 0.0932
vn -0.3748 0.7262 0.5763
vn -0.0568 0.0446 -0.9974
vn -0.7412 0.6656 0.0869
vn -0.9292 -0.0607 -0.3645
vn -0.9259 0.2145 -0.3110
vn -0.3851 0.9178 0.0964
vn -0.9901 -0.1114 0.0858
vn -0.0138 -0.9989 -0.0447
vn -0.9740 0.0495 0.2211
vn -0.1288 0.0733 -0.9890
vn -0.0882 0.7610 -0.6428
vn -0.9172 0.0018 -0.3984
vn -0.4953 0.8486 -0.1862
vn -0.0082 -0.9981 -0.0607
vn -0.9093 0.1221 -0.3979
vn -0.1428 0.0234 -0.9895
vn -0.6381 0.7202 -0.2725
vn -0.9394 0.2126 0.2689
vn -0.9663 0.2271 0.1215
vn -0.9200 0.2294 0.3177
vn -0.3479 0.0781 0.9343
vn -0.5404 0.8049 0.2452
vn -0.9352 0.1238 -0.3318
vn -0.3239 0.7258 -0.6069
vn 0.0613 0.9640 -0.2586
vn -0.0878 0.7006 -0.7081
vn -0.9706 -0.1879 0.1506
vn 0.9191 0.3536 -0.1736
vn -0.9362 -0.0453 -0.3486
vn -0.3387 0.3352 -0.8792
vn -0.2780 0.2783 0.9194
vn 0.5317 0.4234 0.7335
vn 0.1033 0.4975 -0.8613
vn -0.3212 0.4737 -0.8200
vn -0.2702 0.4651 -0.8430
vn -0.6469 0.6432 -0.4098
vn 0.8858 -0.1238 0.4472
vn -0.3920 0.9189 0.0444
vn -0.1398 0.2683 -0.9531
vn 0.8491 0.1520 -0.5059
vn 0.8243 0.3393 -0.4531
vn -0.0031 -0.9999 -0.0152
vn -0.0005 -1.0000 0.0086
vn -0.0003 -1.0000 0.0084
vn 0.0074 -0.9983 -0.0580
vn 0.4376 0.2656 0.8590
vn -0.1356 0.0147 -0.9907
vn 0.7975 0.2325 -0.5567
vn -0.0961 0.7269 -0.6800
vn -0.1417 0.0432 -0.9890
vn 0.8301 -0.0122 -0.5576
vn 0.3679 0.9068 -0.2060
vn 0.8271 0.5620 0.0088
vn 0.8351 0.5441 -0.0812
vn 0.9809 0.0742 -0.1799
vn 0.8838 0.3440 -0.3171
vn 0.5322 0.7498 0.3931
vn 0.8679 0.3627 -0.3396
vn 0.5087 0.7896 -0.3431
vn -0.0033 -1.0000 0.0082
vn 0.7902 0.0987 -0.6049
vn 0.9401 0.0573 -0.3361
vn 0.3366 0.9373 0.0907
vn 0.3455 0.9263 0.1500
vn 0.4534 0.8792 -0.1465
vn 0.9099 0.3579 -0.2098
vn 0.8824 0.3738 -0.2859
vn 0.0025 -0.9999 0.0113
vn 0.9229 -0.0540 -0.3813
vn 0.4708 0.8742 -0.1191
vn 0.5634 0.7994 -0.2088
vn 0.9624 -0.0668 -0.2634
vn -0.0015 -0.9999 -0.0152
vn 0.0002 -0.9998 -0.0181
vn -0.0034 -0.9997 0.0260
vn -0.9616 0.2742 0.0131
vn -0.4325 0.9009 -0.0374
vn -0.9943 -0.0717 -0.0790
vn -0.9972 -0.0742 -0.0129
vn 0.9979 0.0288 0.0585
vn 0.8509 0.0273 0.5246
vn 0.3587 0.9321 -0.0502
vn 0.5924 0.7692 0.2396
vn 0.7644 0.5084 0.3966
vn -0.2616 0.8389 0.4773
vn 0.3789 0.8388 0.3910
vn 0.7419 0.3995 0.5386
vn 0.3053 0.9472 0.0976
vn 0.2662 0.7952 0.5447
vn 0.7503 0.6610 0.0134
vn -0.8096 0.0186 0.5867
vn -0.0073 -0.9998 0.0204
vn -0.0107 -0.9971 0.0759
vn 0.0268 -0.9917 0.1258
vn -0.0017 -0.9917 0.1287
vn 0.0180 -0.9959 0.0890
vn -0.2956 0.9425 0.1562
vn -0.1918 0.8214 0.5372
vn -0.6920 0.4218 0.5858
vn -0.6738 0.7389 -0.0012
vn -0.9990 0.0278 0.0355
vn -0.8953 0.4179 0.1545
vn -0.7188 0.5378 0.4406
vn -0.5708 0.7688 0.2883
vn -0.1520 0.1744 0.9729
vn -0.1693 0.6372 0.7519
vn -0.1498 0.8253 0.5445
vn -0.1974 0.5342 0.8220
vn -0.7521 0.3505 0.5581
vn -0.7717 0.1205 0.6245
vn 0.4206 0.5446 0.7256
vn 0.3348 0.7296 0.5963
vn -0.2258 0.5633 0.7948
vn 0.2800 0.8752 0.3944
vn -0.1969 0.0995 0.9754
vn 0.3526 0.1037 0.9300
vn 0.3724 0.6043 0.7044
vn 0.6174 0.7401 0.2665
vn 0.4213 0.2130 0.8816
vn 0.8898 0.1356 0.4358
vn 0.6079 -0.1677 0.7761
vn -0.8931 0.2227 0.3908
vn -0.1816 -0.1534 -0.9713
vn -0.8249 0.1311 -0.5499
vn -0.1086 0.4012 -0.9095
vn 0.4757 0.0172 0.8795
vn -0.5085 0.2763 0.8155
vn 0.5580 -0.2236 0.7992
vn 0.9412 -0.3269 0.0857
vn 0.5312 -0.4780 0.6995
vn -0.5783 0.1191 0.8071
vn -0.6607 -0.2386 0.7117
vn -0.9158 0.2174 0.3378
vn -0.9420 0.0384 0.3335
vn -0.6824 -0.1389 0.7177
vn -0.5800 0.2723 0.7678
vn 0.5318 -0.4884 0.6919
vn 0.6142 -0.0029 0.7891
vn -0.9158 0.2177 0.3375
vn -0.9274 0.2717 0.2570
vn -0.8743 0.1917 -0.4458
vn -0.8752 0.3330 0.3509
vn -0.5756 0.2791 0.7686
vn -0.5791 0.2708 0.7690
vn -0.8616 0.0983 -0.4979
vn -0.5419 0.1935 0.8178
vn -0.9433 0.2146 0.2532
vn 0.5120 -0.1003 0.8531
vn 0.5587 0.0934 0.8241
vn -0.1408 -0.2167 -0.9660
vn 0.8391 -0.2341 -0.4910
vn -0.1145 -0.1121 -0.9871
vn 0.9954 -0.0610 0.0738
vn 0.9880 -0.1094 0.1088
vn 0.8315 -0.1925 -0.5210
vn 0.8211 0.4256 0.3805
vn 0.8170 0.1474 0.5575
vn -0.0547 0.0827 0.9951
vn 0.0580 0.9771 -0.2047
vn -0.8740 0.3005 0.3820
vn -0.0673 0.0713 0.9952
vn -0.3331 0.4685 -0.8182
vn 0.0305 0.7352 -0.6772
vn 0.4036 0.3800 -0.8323
vn 0.8407 0.4838 -0.2431
vn 0.3373 0.2882 -0.8962
vn -0.1190 0.5073 -0.8535
vn -0.1294 0.4756 -0.8701
vn 0.9878 0.0349 0.1517
vn 0.9384 0.0248 0.3446
vn 0.8689 0.1200 -0.4802
vn 0.8378 0.1865 -0.5131
vn 0.8362 0.0690 -0.5441
vn -0.1949 0.3935 -0.8984
vn 0.0716 -0.9866 0.1467
vn -0.0424 -0.9629 0.2663
vn -0.1691 -0.9810 0.0946
vn -0.0695 0.2153 -0.9741
vn -0.8599 0.3173 -0.3999
vn -0.1896 0.3421 -0.9204
vn -0.8651 0.2981 -0.4034
vn 0.9293 -0.2001 0.3105
vn 0.9077 -0.0808 0.4118
vn 0.1014 -0.3509 0.9309
vn 0.8388 -0.2628 0.4768
vn -0.9229 0.1856 0.3375
vn -0.8079 0.2083 -0.5513
vn -0.9002 0.2721 0.3400
vn -0.8567 0.3153 -0.4082
vn 0.5234 -0.8411 0.1363
vn 0.4376 -0.7772 -0.4522
vn -0.5406 0.0566 0.8394
vn -0.5289 0.1243 0.8395
vn 0.1039 -0.2538 0.9617
vn -0.8406 -0.1559 0.5187
vn 0.1118 -0.2574 0.9598
vn -0.9001 0.2735 0.3391
vn 0.3331 -0.9085 -0.2524
vn -0.0313 -0.8540 -0.5194
vn 0.1243 -0.8333 -0.5387
vn 0.6350 -0.0780 0.7686
vn -0.4835 0.0340 0.8747
vn -0.8398 -0.1810 0.5118
vn -0.8110 0.0008 -0.5851
vn -0.0387 -0.2896 0.9564
vn -0.8702 -0.1825 0.4576
vn 0.1721 0.0734 -0.9823
vn -0.8223 0.0681 -0.5650
vn 0.1678 0.0280 -0.9854
vn -0.7370 0.0939 -0.6694
vn 0.8656 -0.0800 -0.4943
vn 0.2265 0.0477 -0.9728
vn 0.8438 -0.1553 -0.5137
vn -0.2075 -0.9743 0.0878
vn 0.9241 -0.1197 0.3630
vn 0.8738 -0.1403 -0.4657
vn 0.8967 -0.3250 0.3004
vn -0.4999 -0.6093 -0.6155
vn -0.6134 -0.6562 -0.4394
vn 0.6103 -0.1146 0.7839
vn -0.6037 -0.6791 -0.4176
vn -0.6361 -0.7572 0.1485
vn 0.8958 -0.0268 -0.4436
vn 0.9579 0.2680 -0.1028
vn 0.3920 0.9189 0.0444
vn 0.2827 0.9442 0.1691
vn 0.8953 0.4179 0.1545
vn -0.8037 0.5112 -0.3045
vn -0.9218 0.3875 -0.0083
vn -0.3519 0.9324 -0.0827
vn -0.0002 -0.9999 -0.0173
vn -0.0047 -0.9998 0.0196
vn -0.9079 0.3733 -0.1908
vn -0.3038 0.9475 0.1000
vn -0.3019 0.9515 0.0592
vn -0.3366 0.9373 0.0907
vn 0.2826 0.9439 0.1711
vn 0.1636 0.8806 0.4448
vn -0.0116 0.8522 0.5231
vn -0.8674 0.1740 -0.4663
vn 0.0686 0.3272 -0.9425
vn -0.0034 0.8682 0.4962
vn -0.1945 0.9063 0.3753
vn -0.0078 0.9332 0.3593
vn 0.9567 0.1778 -0.2306
vn 0.0206 0.9643 -0.2640
vn -0.0138 0.9206 0.3902
vn 0.3819 0.9234 -0.0385
vn 0.9696 0.2113 0.1234
vn 0.9562 0.2786 -0.0901
vn -0.0002 -0.9998 -0.0181
vn 0.9894 -0.1207 0.0812
vn 0.0568 0.0446 -0.9974
vn -0.9229 -0.0651 -0.3795
vn -0.9740 0.0531 -0.2203
vn -0.4708 0.8742 -0.1191
vn -0.9624 -0.0668 -0.2634
vn -0.9229 -0.0540 -0.3813
vn -0.0025 -0.9999 0.0113
vn -0.9099 0.3579 -0.2098
vn -0.8824 0.3738 -0.2859
vn -0.4534 0.8792 -0.1465
vn -0.3455 0.9263 0.1500
vn -0.9401 0.0573 -0.3361
vn -0.7902 0.0987 -0.6049
vn 0.0033 -1.0000 0.0082
vn -0.8243 0.3393 -0.4531
vn -0.8679 0.3627 -0.3396
vn -0.5634 0.7994 -0.2088
vn -0.5087 0.7896 -0.3431
vn -0.5322 0.7498 0.3931
vn -0.9809 0.0742 -0.1799
vn -0.8838 0.3440 -0.3171
vn 0.2536 0.9356 -0.2457
vn 0.1007 0.4184 -0.9027
vn -0.8271 0.5620 0.0088
vn -0.8351 0.5441 -0.0812
vn 0.1417 0.0432 -0.9890
vn -0.8301 -0.0122 -0.5576
vn -0.3679 0.9068 -0.2060
vn -0.7975 0.2325 -0.5567
vn 0.1356 0.0147 -0.9907
vn 0.0961 0.7269 -0.6800
vn -0.4376 0.2656 0.8590
vn -0.0074 -0.9983 -0.0580
vn 0.0003 -1.0000 0.0084
vn 0.0082 -0.9981 -0.0607
vn 0.0005 -1.0000 0.0086
vn 0.0031 -0.9999 -0.0152
vn -0.8491 0.1520 -0.5059
vn 0.1398 0.2683 -0.9531
vn 0.1428 0.0234 -0.9895
vn -0.8858 -0.1238 0.4472
vn 0.6469 0.6432 -0.4098
vn 0.3212 0.4737 -0.8200
vn 0.2702 0.4651 -0.8430
vn -0.1033 0.4975 -0.8613
vn 0.3748 0.7262 0.5763
vn -0.5317 0.4234 0.7335
vn 0.3387 0.3352 -0.8792
vn -0.8706 0.3376 0.3579
vn 0.9362 -0.0453 -0.3486
vn -0.9191 0.3536 -0.1736
vn 0.9706 -0.1879 0.1506
vn 0.2780 0.2783 0.9194
vn 0.0878 0.7006 -0.7081
vn -0.0613 0.9640 -0.2586
vn 0.3239 0.7258 -0.6069
vn 0.9352 0.1238 -0.3318
vn 0.9259 0.2145 -0.3110
vn 0.5404 0.8049 0.2452
vn 0.3479 0.0781 0.9343
vn 0.9200 0.2294 0.3177
vn 0.9394 0.2126 0.2689
vn 0.9663 0.2271 0.1215
vn 0.9093 0.1221 -0.3979
vn 0.6381 0.7202 -0.2725
vn 0.1288 0.0733 -0.9890
vn 0.0882 0.7610 -0.6428
vn 0.9172 0.0018 -0.3984
vn 0.4953 0.8486 -0.1862
vn 0.9740 0.0495 0.2211
vn 0.0138 -0.9989 -0.0447
vn 0.9901 -0.1114 0.0858
vn 0.9639 0.2495 0.0932
vn 0.3851 0.9178 0.0964
vn 0.7412 0.6656 0.0869
vn 0.9292 -0.0607 -0.3645
vn 0.0015 -0.9999 -0.0152
vn 0.0034 -0.9997 0.0260
vn 0.9854 -0.1353 -0.1033
vn 0.4320 0.9007 -0.0460
vn 0.4325 0.9009 -0.0374
vn 0.9616 0.2742 0.0131
vn 0.9943 -0.0717 -0.0790
vn -0.9979 0.0288 0.0585
vn -0.8509 0.0273 0.5246
vn -0.9305 0.3649 -0.0324
vn -0.7644 0.5084 0.3966
vn -0.3587 0.9321 -0.0502
vn -0.5924 0.7692 0.2396
vn -0.3789 0.8388 0.3910
vn 0.2616 0.8389 0.4773
vn -0.3053 0.9472 0.0976
vn -0.2662 0.7952 0.5447
vn -0.7419 0.3995 0.5386
vn -0.7503 0.6610 0.0134
vn -0.9979 0.0356 0.0548
vn 0.9972 -0.0742 -0.0129
vn -0.0180 -0.9959 0.0890
vn 0.0073 -0.9998 0.0204
vn 0.0017 -0.9917 0.1287
vn -0.0268 -0.9917 0.1258
vn 0.0107 -0.9971 0.0759
vn 0.2956 0.9425 0.1562
vn 0.1918 0.8214 0.5372
vn 0.6920 0.4218 0.5858
vn -0.8898 0.1356 0.4358
vn -0.3724 0.6043 0.7044
vn -0.6174 0.7401 0.2665
vn -0.4206 0.5446 0.7256
vn -0.3526 0.1037 0.9300
vn -0.4213 0.2130 0.8816
vn -0.2800 0.8752 0.3944
vn 0.2258 0.5633 0.7948
vn -0.3348 0.7296 0.5963
vn 0.1969 0.0995 0.9754
vn 0.1974 0.5342 0.8220
vn 0.7521 0.3505 0.5581
vn 0.7662 0.0169 0.6424
vn 0.1498 0.8253 0.5445
vn 0.1693 0.6372 0.7519
vn 0.1520 0.1744 0.9729
vn 0.8076 0.1129 0.5789
vn 0.5708 0.7688 0.2883
vn 0.7188 0.5378 0.4406
vn 0.9990 0.0278 0.0355
vn 0.6738 0.7389 -0.0012
vn -0.7445 -0.5531 -0.3738
vn -0.4621 0.7904 0.4023
vn -0.4229 0.8170 0.3921
vn -0.7052 -0.6224 -0.3396
vn -0.0665 -0.8982 -0.4345
vn 0.0640 -0.8999 -0.4314
vn 0.1513 0.8995 0.4098
vn 0.0613 -0.9015 -0.4284
vn 0.7524 -0.5450 -0.3699
vn -0.1535 0.8766 0.4561
vn 0.3749 0.8340 0.4048
vn -0.7065 -0.6784 -0.2018
vn -0.5474 0.6758 0.4935
vn 0.1132 0.8822 0.4571
vn -0.4644 0.7518 0.4681
vn 0.0851 0.8860 0.4558
vn -0.7357 -0.6434 -0.2116
vn -0.0638 -0.9011 -0.4290
vn 0.0717 -0.8970 -0.4361
vn -0.0637 -0.9000 -0.4312
vn -0.0713 -0.8973 -0.4356
vn -0.1164 0.9039 0.4116
vn -0.1161 0.8975 0.4255
vn 0.1140 0.8980 0.4249
vn 0.0640 -0.9008 -0.4295
vn 0.6585 -0.6940 -0.2911
vn 0.6866 -0.6843 -0.2454
vn 0.4141 0.7789 0.4711
vn -0.0869 0.8857 0.4561
vn 0.6579 -0.7160 -0.2335
vn 0.4122 0.8098 0.4175
vn 0.4919 0.7125 0.5004
vn -0.7367 -0.6237 -0.2613
vn -0.5386 0.7535 0.3770
vn 0.0301 0.8961 0.4429
vn -0.7346 -0.6264 -0.2608
vn -0.0712 -0.9209 -0.3832
vn 0.0734 -0.9207 -0.3833
vn -0.0729 -0.9214 -0.3818
vn 0.0869 0.9146 0.3949
vn 0.6750 -0.6808 -0.2845
vn 0.4835 0.7841 0.3892
vn -0.0887 0.9145 0.3949
vn 0.6871 -0.6669 -0.2883
vn 0.6153 0.6744 0.4080
vn -0.8006 -0.5669 0.1939
vn -0.6788 0.6239 0.3872
vn -0.6884 0.4745 0.5486
vn -0.0216 0.8372 0.5465
vn -0.7087 -0.7048 -0.0317
vn -0.0665 -0.9534 -0.2943
vn -0.0735 -0.9552 -0.2867
vn 0.0716 -0.9214 -0.3818
vn 0.0739 -0.9550 -0.2873
vn -0.0320 0.8696 0.4928
vn 0.0289 0.8698 0.4926
vn 0.6547 -0.7521 -0.0748
vn -0.0331 0.8968 0.4411
vn 0.6281 0.5419 0.5584
vn 0.7415 -0.6625 0.1066
vn 0.8116 0.1277 0.5700
vn -0.6845 -0.5491 0.4794
vn -0.8541 -0.0162 0.5198
vn -0.0921 0.3987 0.9125
vn -0.7312 -0.2774 0.6232
vn -0.0938 -0.9201 0.3803
vn 0.0660 -0.9530 -0.2956
vn 0.0421 0.4916 0.8698
vn -0.0494 0.4912 0.8697
vn -0.1128 -0.9056 0.4088
vn 0.1114 -0.9189 0.3784
vn 0.0992 0.3686 0.9243
vn 0.0948 -0.9110 0.4013
vn 0.5970 -0.6208 0.5082
vn 0.0155 0.8397 0.5428
vn 0.6527 -0.2749 0.7059
# 1908 vertex normals

vt 0.2769 0.0938 0.0000
vt 0.2509 0.0278 0.0000
vt 0.2918 0.0187 0.0000
vt 0.1830 0.0985 0.0000
vt 0.2352 0.1069 0.0000
vt 0.1892 0.0260 0.0000
vt 0.1169 0.0147 0.0000
vt 0.3076 0.0864 0.0000
vt 0.3245 0.0102 0.0000
vt 0.3651 0.0852 0.0000
vt 0.3644 0.0080 0.0000
vt 0.0808 0.0129 0.0000
vt 0.0801 0.0829 0.0000
vt 0.3103 0.1571 0.0000
vt 0.2832 0.1553 0.0000
vt 0.2833 0.1553 0.0000
vt 0.2196 0.1652 0.0000
vt 0.2535 0.1574 0.0000
vt 0.1331 0.0884 0.0000
vt 0.1773 0.1585 0.0000
vt 0.4091 0.2367 0.0000
vt 0.3812 0.2289 0.0000
vt 0.3743 0.2427 0.0000
vt 0.2122 0.2061 0.0000
vt 0.2421 0.2115 0.0000
vt 0.4002 0.2602 0.0000
vt 0.4442 0.2566 0.0000
vt 0.4090 0.2366 0.0000
vt 0.2752 0.2050 0.0000
vt 0.2675 0.2489 0.0000
vt -0.4244 0.2293 0.0000
vt -0.4619 0.2338 0.0000
vt -0.4167 0.2476 0.0000
vt -0.3863 0.2326 0.0000
vt 0.1817 0.2227 0.0000
vt 0.2750 0.2049 0.0000
vt 0.2424 0.2117 0.0000
vt 0.4441 0.2565 0.0000
vt 0.4003 0.2603 0.0000
vt 0.3743 0.2430 0.0000
vt 0.1054 0.2250 0.0000
vt 0.0491 0.2791 0.0000
vt 0.0867 0.2794 0.0000
vt 0.1032 0.3430 0.0000
vt 0.1693 0.2984 0.0000
vt 0.0639 0.3451 0.0000
vt 0.3124 0.1945 0.0000
vt 0.3636 0.2055 0.0000
vt 0.3634 0.2494 0.0000
vt 0.3303 0.2882 0.0000
vt 0.3200 0.2496 0.0000
vt 0.2772 0.2933 0.0000
vt 0.3654 0.1641 0.0000
vt 0.0585 0.3446 0.0000
vt 0.0225 0.2882 0.0000
vt 0.0479 0.2790 0.0000
vt 0.1251 0.1517 0.0000
vt 0.0812 0.1450 0.0000
vt 0.0603 0.2240 0.0000
vt 0.0149 0.2784 0.0000
vt 0.2772 0.2934 0.0000
vt 0.0317 0.3311 0.0000
vt 0.0327 0.2967 0.0000
vt 0.2464 0.3090 0.0000
vt 0.2146 0.3248 0.0000
vt 0.2447 0.2618 0.0000
vt 0.2197 0.3541 0.0000
vt 0.1657 0.3400 0.0000
vt 0.4516 0.2303 0.0000
vt 0.4881 0.2704 0.0000
vt -0.4246 0.2295 0.0000
vt -0.3865 0.2327 0.0000
vt 0.3811 0.2290 0.0000
vt -0.4622 0.2336 0.0000
vt -0.4754 0.2738 0.0000
vt 0.4942 0.2352 0.0000
vt 0.5246 0.2738 0.0000
vt 0.4591 0.1714 0.0000
vt 0.4594 0.1481 0.0000
vt 0.4978 0.1688 0.0000
vt -0.4462 0.1715 0.0000
vt -0.3941 0.2193 0.0000
vt 0.3995 0.1695 0.0000
vt 0.4514 0.2318 0.0000
vt 0.4297 0.1738 0.0000
vt -0.4699 0.1764 0.0000
vt 0.5301 0.1764 0.0000
vt 0.5378 0.2336 0.0000
vt 0.4946 0.2149 0.0000
vt -0.4185 0.1624 0.0000
vt -0.4562 0.1462 0.0000
vt 0.4368 0.1421 0.0000
vt 0.4036 0.1445 0.0000
vt -0.4754 0.1432 0.0000
vt 0.5010 0.1414 0.0000
vt -0.4990 0.1414 0.0000
vt -0.4089 0.2879 0.0000
vt -0.4284 0.3366 0.0000
vt -0.4475 0.2879 0.0000
vt -0.4455 0.1192 0.0000
vt -0.4244 0.1357 0.0000
vt -0.4284 0.2879 0.0000
vt 0.4146 0.4525 0.0000
vt 0.3883 0.4478 0.0000
vt 0.3921 0.4380 0.0000
vt 0.3679 0.4262 0.0000
vt 0.3455 0.4412 0.0000
vt 0.3211 0.4423 0.0000
vt 0.3445 0.4296 0.0000
vt 0.3662 0.4399 0.0000
vt 0.3495 0.4136 0.0000
vt 0.3364 0.4162 0.0000
vt 0.3258 0.4550 0.0000
vt 0.2931 0.4590 0.0000
vt 0.4597 0.1300 0.0000
vt 0.4332 0.1237 0.0000
vt 0.4373 0.0538 0.0000
vt 0.4014 0.1195 0.0000
vt 0.2872 0.4813 0.0000
vt 0.2791 0.4769 0.0000
vt 0.2996 0.4666 0.0000
vt 0.4925 0.0238 0.0000
vt 0.4624 0.0564 0.0000
vt 0.4609 0.0174 0.0000
vt 0.4395 0.0144 0.0000
vt -0.4574 0.0451 0.0000
vt -0.4819 0.0493 0.0000
vt -0.4614 0.0136 0.0000
vt -0.4297 0.0444 0.0000
vt -0.4339 0.0097 0.0000
vt -0.4838 0.0162 0.0000
vt 0.5162 0.0162 0.0000
vt 0.4951 0.0549 0.0000
vt 0.5004 0.1133 0.0000
vt -0.4191 0.1103 0.0000
vt 0.4084 0.0504 0.0000
vt -0.4742 0.1156 0.0000
vt -0.4996 0.1133 0.0000
vt 0.5258 0.1156 0.0000
vt 0.4104 0.0149 0.0000
vt 0.5181 0.0493 0.0000
vt 0.4636 0.4004 0.0000
vt 0.4552 0.4299 0.0000
vt 0.4409 0.3896 0.0000
vt 0.4577 0.3792 0.0000
vt 0.2830 0.4542 0.0000
vt 0.4095 0.4597 0.0000
vt 0.3973 0.4298 0.0000
vt 0.2214 0.3811 0.0000
vt 0.2392 0.3864 0.0000
vt 0.2223 0.3923 0.0000
vt -0.4576 -0.4434 0.0000
vt -0.4827 -0.4960 0.0000
vt -0.4846 -0.4434 0.0000
vt -0.4937 -0.4986 0.0000
vt 0.4428 0.3317 0.0000
vt 0.4353 0.3537 0.0000
vt 0.4324 0.3423 0.0000
vt 0.3448 0.3292 0.0000
vt 0.3654 0.3305 0.0000
vt 0.3455 0.3377 0.0000
vt 0.4541 0.4437 0.0000
vt 0.4301 0.4493 0.0000
vt 0.4272 0.4301 0.0000
vt 0.4192 0.4505 0.0000
vt -0.4575 -0.4433 0.0000
vt -0.4825 -0.4959 0.0000
vt -0.4845 -0.4433 0.0000
vt -0.4940 -0.4987 0.0000
vt 0.4006 0.3170 0.0000
vt 0.3981 0.3422 0.0000
vt 0.3905 0.3290 0.0000
vt 0.2732 0.4757 0.0000
vt 0.2618 0.4739 0.0000
vt 0.2367 0.4703 0.0000
vt 0.2374 0.4530 0.0000
vt 0.2926 0.4371 0.0000
vt 0.2296 0.4123 0.0000
vt 0.2481 0.3970 0.0000
vt 0.2574 0.4448 0.0000
vt 0.2254 0.4234 0.0000
vt 0.2044 0.4044 0.0000
vt 0.2253 0.4028 0.0000
vt 0.3656 0.3392 0.0000
vt 0.4207 0.3817 0.0000
vt 0.4610 0.3703 0.0000
vt 0.4443 0.3480 0.0000
vt 0.4633 0.3617 0.0000
vt 0.3156 0.4275 0.0000
vt 0.2735 0.3906 0.0000
vt 0.2049 0.3849 0.0000
vt 0.2052 0.3945 0.0000
vt 0.3695 0.4147 0.0000
vt 0.2872 0.3398 0.0000
vt 0.2975 0.3480 0.0000
vt 0.2677 0.3509 0.0000
vt 0.4918 -0.4877 0.0000
vt 0.4706 -0.4436 0.0000
vt 0.4923 -0.4436 0.0000
vt 0.2355 0.3762 0.0000
vt 0.2656 0.3650 0.0000
vt 0.4070 0.3316 0.0000
vt 0.2534 0.3453 0.0000
vt 0.2719 0.4524 0.0000
vt 0.2745 0.4391 0.0000
vt 0.3023 0.3822 0.0000
vt 0.3280 0.3472 0.0000
vt 0.3064 0.3330 0.0000
vt 0.3260 0.3314 0.0000
vt 0.3694 0.3732 0.0000
vt 0.3308 0.3761 0.0000
vt 0.3459 0.3731 0.0000
vt -0.4943 -0.4435 0.0000
vt -0.4476 -0.4993 0.0000
vt -0.4579 -0.4433 0.0000
vt -0.4465 -0.4433 0.0000
vt 0.2521 0.3609 0.0000
vt 0.4708 -0.4444 0.0000
vt 0.4577 -0.4980 0.0000
vt 0.4556 -0.4444 0.0000
vt 0.5063 -0.4986 0.0000
vt 0.5057 -0.4435 0.0000
vt -0.4584 -0.4961 0.0000
vt -0.4849 -0.4433 0.0000
vt -0.4830 -0.4960 0.0000
vt -0.4940 -0.4434 0.0000
vt 0.5063 -0.4985 0.0000
vt 0.4924 -0.4444 0.0000
vt 0.5060 -0.4434 0.0000
vt 0.4919 -0.4885 0.0000
vt 0.4722 -0.4886 0.0000
vt 0.4919 0.5115 0.0000
vt 0.4923 0.4976 0.0000
vt 0.4722 0.5114 0.0000
vt 0.5063 0.5015 0.0000
vt -0.4584 0.5039 0.0000
vt -0.4601 0.4462 0.0000
vt -0.4830 0.5040 0.0000
vt 0.4721 0.4978 0.0000
vt 0.4577 0.5020 0.0000
vt 0.4722 0.4874 0.0000
vt 0.4621 0.4349 0.0000
vt -0.4937 -0.4985 0.0000
vt -0.4807 0.4462 0.0000
vt -0.4937 0.5015 0.0000
vt 0.5055 0.4353 0.0000
vt 0.4919 0.4876 0.0000
vt 0.4901 0.4398 0.0000
vt 0.4745 0.4406 0.0000
vt -0.4777 0.4335 0.0000
vt -0.4945 0.4353 0.0000
vt -0.4629 0.4335 0.0000
vt -0.4476 0.5007 0.0000
vt -0.4487 0.4368 0.0000
vt 0.4930 0.4150 0.0000
vt -0.4796 0.4181 0.0000
vt -0.4616 0.4181 0.0000
vt 0.4884 0.4294 0.0000
vt 0.4755 0.4294 0.0000
vt 0.4707 0.4157 0.0000
vt -0.4943 -0.4437 0.0000
vt -0.4473 -0.4994 0.0000
vt -0.4462 -0.4434 0.0000
vt 0.2916 0.3250 0.0000
vt 0.4576 -0.4972 0.0000
vt 0.4555 -0.4436 0.0000
vt 0.5060 -0.4987 0.0000
vt 0.4920 -0.4441 0.0000
vt 0.5057 -0.4437 0.0000
vt 0.4721 -0.4878 0.0000
vt 0.4921 0.4984 0.0000
vt 0.4721 0.5122 0.0000
vt 0.4918 0.5123 0.0000
vt 0.5063 0.5014 0.0000
vt -0.4581 -0.4961 0.0000
vt -0.4581 0.5039 0.0000
vt -0.4804 0.4461 0.0000
vt -0.4827 0.5040 0.0000
vt -0.4937 0.5014 0.0000
vt 0.4918 0.4884 0.0000
vt 0.4720 0.4986 0.0000
vt 0.4576 0.5028 0.0000
vt 0.4721 0.4882 0.0000
vt -0.4598 0.4461 0.0000
vt -0.4473 0.5006 0.0000
vt -0.4626 0.4335 0.0000
vt -0.4774 0.4335 0.0000
vt -0.4485 0.4367 0.0000
vt -0.4794 0.4181 0.0000
vt -0.4613 0.4181 0.0000
vt -0.4580 -0.4960 0.0000
vt 0.4703 -0.4441 0.0000
vt 0.4718 -0.4883 0.0000
vt 0.4915 -0.4882 0.0000
vt 0.5060 0.5013 0.0000
vt 0.4918 0.4979 0.0000
vt 0.4915 0.5118 0.0000
vt -0.4461 -0.4433 0.0000
vt 0.4573 -0.4977 0.0000
vt 0.4552 -0.4441 0.0000
vt -0.4803 0.4462 0.0000
vt -0.4825 0.5041 0.0000
vt -0.4580 0.5040 0.0000
vt -0.4944 0.4355 0.0000
vt -0.4940 0.5013 0.0000
vt 0.5056 0.4355 0.0000
vt 0.4915 0.4879 0.0000
vt -0.4471 -0.4993 0.0000
vt -0.4483 0.4368 0.0000
vt -0.4471 0.5007 0.0000
vt 0.4718 0.5117 0.0000
vt 0.4717 0.4981 0.0000
vt 0.4573 0.5023 0.0000
vt 0.4718 0.4877 0.0000
vt -0.4597 0.4462 0.0000
vt -0.4625 0.4336 0.0000
vt -0.4773 0.4336 0.0000
vt -0.4612 0.4182 0.0000
vt -0.4792 0.4182 0.0000
vt 0.3595 -0.4752 0.0000
vt 0.3560 -0.4543 0.0000
vt 0.3721 -0.4335 0.0000
vt 0.2065 0.4166 0.0000
vt 0.4694 0.3827 0.0000
vt 0.4211 -0.4818 0.0000
vt 0.4070 -0.4831 0.0000
vt 0.4223 -0.4485 0.0000
vt 0.4343 -0.4664 0.0000
vt 0.3942 -0.4642 0.0000
vt 0.3964 -0.4254 0.0000
vt 0.4142 -0.4316 0.0000
vt 0.4439 -0.4588 0.0000
vt 0.4358 -0.4794 0.0000
vt 0.3759 -0.4621 0.0000
vt 0.3936 -0.4739 0.0000
vt 0.4070 0.5169 0.0000
vt 0.4017 0.4918 0.0000
vt 0.3936 0.5261 0.0000
vt 0.4211 0.5182 0.0000
vt 0.4358 0.5206 0.0000
vt 0.4151 0.4931 0.0000
vt 0.4102 0.4822 0.0000
vt 0.3870 0.5006 0.0000
vt 0.3835 0.4884 0.0000
vt 0.3721 0.4887 0.0000
vt 0.3735 -0.4725 0.0000
vt 0.3870 -0.4994 0.0000
vt 0.3912 0.4749 0.0000
vt 0.4354 0.4707 0.0000
vt 0.4086 0.4717 0.0000
vt 0.3716 -0.4959 0.0000
vt 0.4477 -0.4760 0.0000
vt 0.4352 0.4958 0.0000
vt 0.4312 0.4810 0.0000
vt 0.4477 0.5240 0.0000
vt 0.3716 0.5041 0.0000
vt 0.4468 0.4941 0.0000
vt 0.3618 -0.4997 0.0000
vt 0.3667 0.4779 0.0000
vt 0.3618 0.5003 0.0000
vt 0.4517 0.2310 0.0000
vt 0.4517 0.2321 0.0000
vt -0.4461 0.1715 0.0000
vt -0.4564 0.1465 0.0000
vt -0.4753 0.1431 0.0000
vt -0.4991 0.1410 0.0000
vt -0.4700 0.1765 0.0000
vt 0.4300 0.1739 0.0000
vt 0.4366 0.1419 0.0000
vt 0.4593 0.1481 0.0000
vt 0.4595 0.1298 0.0000
vt -0.4185 0.1623 0.0000
vt -0.4247 0.1355 0.0000
vt 0.3999 0.1699 0.0000
vt -0.4459 0.1194 0.0000
vt 0.4976 0.1687 0.0000
vt 0.5009 0.1410 0.0000
vt 0.4938 0.2344 0.0000
vt 0.5300 0.1765 0.0000
vt -0.3940 0.2192 0.0000
vt 0.4947 0.2147 0.0000
vt 0.5381 0.2338 0.0000
vt 0.3880 0.4479 0.0000
vt 0.3920 0.4381 0.0000
vt 0.4147 0.4523 0.0000
vt 0.3445 0.4294 0.0000
vt 0.3155 0.4274 0.0000
vt 0.2927 0.4371 0.0000
vt 0.4330 0.1238 0.0000
vt 0.4373 0.0537 0.0000
vt 0.4610 0.0173 0.0000
vt 0.4397 0.0142 0.0000
vt 0.4623 0.0563 0.0000
vt 0.4926 0.0240 0.0000
vt -0.4611 0.0137 0.0000
vt -0.4297 0.0446 0.0000
vt -0.4338 0.0098 0.0000
vt -0.4815 0.0492 0.0000
vt -0.4836 0.0163 0.0000
vt -0.4571 0.0453 0.0000
vt 0.4949 0.0552 0.0000
vt 0.5164 0.0163 0.0000
vt -0.4190 0.1107 0.0000
vt 0.4084 0.0498 0.0000
vt 0.5004 0.1135 0.0000
vt -0.4748 0.1158 0.0000
vt 0.5185 0.0492 0.0000
vt 0.5252 0.1158 0.0000
vt 0.4107 0.0145 0.0000
vt -0.4996 0.1135 0.0000
vt 0.3694 0.4146 0.0000
vt 0.4352 0.3539 0.0000
vt 0.4428 0.3320 0.0000
vt 0.4323 0.3424 0.0000
vt 0.4442 0.3483 0.0000
vt 0.4635 0.3617 0.0000
vt 0.2744 0.4390 0.0000
vt 0.2479 0.3971 0.0000
vt -0.3614 -0.2304 0.0000
vt -0.3105 -0.2488 0.0000
vt -0.3254 -0.2729 0.0000
vt -0.3892 -0.2848 0.0000
vt -0.2709 -0.2670 0.0000
vt -0.2662 -0.2514 0.0000
vt -0.3254 -0.2734 0.0000
vt -0.3617 -0.2307 0.0000
vt -0.3895 -0.2850 0.0000
vt -0.1643 -0.0369 0.0000
vt -0.1552 -0.0734 0.0000
vt -0.1424 -0.0666 0.0000
vt -0.1271 -0.0586 0.0000
vt 0.3190 -0.3580 0.0000
vt 0.3365 -0.4354 0.0000
vt 0.3307 -0.3670 0.0000
vt 0.3129 -0.3625 0.0000
vt 0.3199 -0.3459 0.0000
vt 0.2919 -0.3932 0.0000
vt 0.3073 -0.3489 0.0000
vt -0.1773 -0.0719 0.0000
vt -0.1840 -0.1032 0.0000
vt 0.3260 -0.3974 0.0000
vt -0.0824 -0.0290 0.0000
vt -0.0722 -0.0089 0.0000
vt -0.0855 -0.0200 0.0000
vt -0.1360 -0.3313 0.0000
vt -0.1947 -0.3611 0.0000
vt -0.1339 -0.3202 0.0000
vt 0.2468 0.3488 0.0000
vt -0.2613 -0.3290 0.0000
vt -0.2092 -0.2853 0.0000
vt -0.2686 -0.2948 0.0000
vt -0.2192 -0.2589 0.0000
vt -0.3220 -0.2995 0.0000
vt -0.3155 -0.3311 0.0000
vt -0.3217 -0.2995 0.0000
vt -0.2688 -0.2951 0.0000
vt -0.2614 -0.3288 0.0000
vt -0.2062 -0.3141 0.0000
vt -0.1392 -0.2695 0.0000
vt -0.2064 -0.3137 0.0000
vt -0.4397 -0.4337 0.0000
vt -0.4587 -0.4340 0.0000
vt -0.4405 -0.4124 0.0000
vt -0.1807 -0.2092 0.0000
vt -0.2055 -0.1538 0.0000
vt -0.2262 -0.1643 0.0000
vt -0.4726 -0.3815 0.0000
vt -0.4983 -0.3897 0.0000
vt -0.4738 -0.3979 0.0000
vt -0.4987 -0.4340 0.0000
vt -0.1820 -0.1220 0.0000
vt -0.2140 -0.1300 0.0000
vt -0.2391 -0.1385 0.0000
vt -0.2707 -0.0996 0.0000
vt -0.2641 -0.0245 0.0000
vt -0.2345 -0.0167 0.0000
vt -0.2554 -0.0103 0.0000
vt -0.3000 -0.0311 0.0000
vt -0.0152 -0.0998 0.0000
vt -0.0678 -0.1448 0.0000
vt -0.0067 -0.1432 0.0000
vt -0.2566 -0.1823 0.0000
vt -0.2598 -0.2186 0.0000
vt -0.2522 -0.2223 0.0000
vt -0.2754 -0.2404 0.0000
vt -0.2404 -0.1737 0.0000
vt -0.2286 -0.2164 0.0000
vt -0.2229 -0.2427 0.0000
vt -0.3328 -0.1580 0.0000
vt -0.3348 -0.1879 0.0000
vt -0.3515 -0.1611 0.0000
vt -0.3494 -0.1961 0.0000
vt -0.3145 -0.1456 0.0000
vt -0.3196 -0.0163 0.0000
vt -0.3367 -0.0069 0.0000
vt -0.3242 -0.0304 0.0000
vt -0.3477 -0.0411 0.0000
vt -0.1194 -0.3433 0.0000
vt -0.1358 -0.3311 0.0000
vt -0.1464 -0.3436 0.0000
vt -0.1822 -0.3856 0.0000
vt -0.1686 -0.3970 0.0000
vt 0.0516 -0.3791 0.0000
vt 0.0617 -0.4070 0.0000
vt 0.0145 -0.3842 0.0000
vt -0.1156 -0.3207 0.0000
vt -0.1462 -0.3434 0.0000
vt 0.4317 -0.3710 0.0000
vt 0.4446 -0.4126 0.0000
vt 0.4279 -0.4063 0.0000
vt 0.4086 -0.4194 0.0000
vt -0.1748 -0.1834 0.0000
vt -0.1807 -0.2089 0.0000
vt -0.1000 -0.1960 0.0000
vt -0.2480 -0.0439 0.0000
vt -0.4197 -0.0340 0.0000
vt -0.4346 -0.0385 0.0000
vt -0.4381 -0.0260 0.0000
vt -0.4427 -0.0100 0.0000
vt -0.4592 -0.0203 0.0000
vt -0.4553 -0.0304 0.0000
vt -0.3713 0.4868 0.0000
vt -0.3713 0.5577 0.0000
vt -0.3995 0.4868 0.0000
vt -0.3430 0.4868 0.0000
vt -0.3880 0.5461 0.0000
vt -0.2417 -0.0439 0.0000
vt -0.4373 -0.0762 0.0000
vt -0.3432 -0.0359 0.0000
vt -0.3395 -0.0191 0.0000
vt -0.3383 -0.0733 0.0000
vt -0.1341 -0.3196 0.0000
vt -0.1943 -0.3615 0.0000
vt 0.2747 -0.3580 0.0000
vt 0.3004 -0.3433 0.0000
vt 0.3145 -0.3702 0.0000
vt -0.1035 -0.1843 0.0000
vt -0.1138 -0.1525 0.0000
vt 0.2158 -0.3641 0.0000
vt 0.2037 -0.3909 0.0000
vt 0.2699 -0.3684 0.0000
vt 0.0670 0.4057 0.0000
vt 0.0255 0.3896 0.0000
vt 0.0728 0.4187 0.0000
vt 0.3120 -0.3733 0.0000
vt -0.3489 -0.2173 0.0000
vt -0.3049 -0.2345 0.0000
vt -0.0652 -0.0272 0.0000
vt -0.0674 -0.0314 0.0000
vt 0.0368 -0.4397 0.0000
vt 0.0704 -0.4355 0.0000
vt 0.0814 -0.4453 0.0000
vt 0.0680 -0.4661 0.0000
vt -0.4303 -0.4219 0.0000
vt -0.4202 -0.4025 0.0000
vt -0.4199 -0.4241 0.0000
vt 0.3936 -0.3804 0.0000
vt 0.4120 -0.3698 0.0000
vt 0.3886 -0.4056 0.0000
vt -0.4330 -0.3991 0.0000
vt 0.0412 -0.4740 0.0000
vt -0.0599 -0.1448 0.0000
vt -0.1029 -0.0998 0.0000
vt -0.1138 -0.1432 0.0000
vt -0.2649 -0.1861 0.0000
vt 0.3255 -0.4182 0.0000
vt 0.3206 -0.4306 0.0000
vt 0.3099 -0.3759 0.0000
vt 0.2979 -0.4327 0.0000
vt 0.2809 -0.3760 0.0000
vt -0.0924 -0.2869 0.0000
vt -0.0507 -0.2739 0.0000
vt -0.0512 -0.2609 0.0000
vt -0.1446 -0.1191 0.0000
vt -0.1656 -0.1143 0.0000
vt -0.1551 -0.1369 0.0000
vt -0.0505 -0.2741 0.0000
vt 0.1678 0.4125 0.0000
vt 0.1888 0.4130 0.0000
vt 0.1790 0.4858 0.0000
vt 0.1826 0.5488 0.0000
vt 0.1664 0.5504 0.0000
vt 0.0967 -0.3814 0.0000
vt 0.0432 -0.3557 0.0000
vt 0.0519 0.3710 0.0000
vt -0.3582 -0.0345 0.0000
vt -0.2928 -0.0674 0.0000
vt -0.3093 -0.0495 0.0000
vt -0.1439 -0.1034 0.0000
vt -0.1594 -0.1112 0.0000
vt 0.1226 -0.4390 0.0000
vt 0.1979 -0.4265 0.0000
vt 0.1664 -0.4496 0.0000
vt 0.1343 0.4772 0.0000
vt 0.1226 0.5610 0.0000
vt 0.1826 -0.4512 0.0000
vt 0.2665 -0.4341 0.0000
vt 0.1889 -0.4105 0.0000
vt 0.4486 -0.3780 0.0000
vt -0.2789 -0.0812 0.0000
vt -0.2009 -0.1058 0.0000
vt -0.1337 -0.1359 0.0000
vt 0.4919 -0.4340 0.0000
vt 0.4922 -0.3909 0.0000
vt 0.4787 -0.4338 0.0000
vt -0.2569 -0.0743 0.0000
vt 0.3248 -0.4151 0.0000
vt 0.4598 -0.4273 0.0000
vt 0.4743 -0.3852 0.0000
vt 0.1680 0.4125 0.0000
vt 0.1983 -0.4029 0.0000
vt 0.3305 -0.4059 0.0000
vt 0.2664 -0.4341 0.0000
vt -0.1030 -0.1799 0.0000
vt -0.0576 -0.1937 0.0000
vt -0.0174 -0.1802 0.0000
vt 0.1926 -0.3478 0.0000
vt -0.2189 -0.0876 0.0000
vt -0.2119 -0.0615 0.0000
vt -0.2550 -0.0854 0.0000
vt -0.1082 -0.0991 0.0000
vt -0.0590 -0.0433 0.0000
vt -0.1573 -0.2252 0.0000
vt -0.1471 -0.2404 0.0000
vt -0.3270 -0.2139 0.0000
vt -0.3269 -0.2139 0.0000
vt 0.0569 -0.3799 0.0000
vt 0.0266 -0.4397 0.0000
vt 0.0793 -0.4935 0.0000
vt 0.1217 -0.4396 0.0000
vt -0.4289 -0.4340 0.0000
vt -0.3431 0.4868 0.0000
vt -0.0175 -0.1799 0.0000
vt -0.0629 -0.1937 0.0000
vt -0.4198 -0.4340 0.0000
vt 0.2014 0.4891 0.0000
vt 0.3863 -0.4172 0.0000
vt -0.0933 -0.2184 0.0000
vt -0.0067 -0.1525 0.0000
vt -0.2277 -0.0950 0.0000
vt -0.2244 -0.1165 0.0000
vt -0.0636 -0.0490 0.0000
vt 0.2011 -0.3599 0.0000
vt 0.0778 -0.3581 0.0000
vt -0.3543 0.5461 0.0000
vt -0.1693 -0.1323 0.0000
vt 0.5013 -0.4340 0.0000
vt -0.3713 -0.4539 0.0000
vt -0.3701 -0.4087 0.0000
vt -0.3543 -0.4539 0.0000
vt 0.0808 0.5204 0.0000
vt 0.0821 0.4822 0.0000
vt 0.0416 0.4654 0.0000
vt 0.0482 0.4858 0.0000
vt 0.0656 0.4515 0.0000
vt 0.0179 0.5065 0.0000
vt 0.0143 0.4893 0.0000
vt 0.0286 0.4654 0.0000
vt 0.0508 0.4654 0.0000
vt 0.0482 0.4306 0.0000
vt 0.0829 0.4893 0.0000
vt 0.1217 0.5604 0.0000
vt 0.0793 0.5065 0.0000
vt 0.0412 0.5260 0.0000
vt -0.3880 -0.4539 0.0000
vt -0.2352 -0.1116 0.0000
vt -0.0925 -0.0491 0.0000
vt -0.0988 -0.0311 0.0000
vt 0.2728 -0.4510 0.0000
vt 0.2970 -0.4494 0.0000
vt 0.5017 -0.3897 0.0000
vt 0.0808 -0.4796 0.0000
vt 0.3480 -0.3824 0.0000
vt -0.0157 -0.2755 0.0000
vt -0.0678 -0.2314 0.0000
vt -0.0154 -0.2750 0.0000
vt -0.0386 -0.2874 0.0000
vt -0.0270 -0.3065 0.0000
vt -0.0575 -0.3107 0.0000
vt -0.0096 -0.3236 0.0000
vt -0.0655 -0.3412 0.0000
vt -0.1037 -0.3440 0.0000
vt -0.1041 -0.3031 0.0000
vt 0.1881 0.3726 0.0000
vt -0.3713 0.5461 0.0000
vt 0.0251 0.3329 0.0000
vt 0.0300 -0.4328 0.0000
vt -0.0104 -0.3234 0.0000
vt -0.0269 -0.3071 0.0000
vt 0.1167 0.4207 0.0000
vt 0.0230 0.3940 0.0000
vt 0.0523 0.3952 0.0000
vt 0.0333 0.3827 0.0000
vt 0.0035 0.4086 0.0000
vt 0.0493 0.4379 0.0000
vt 0.0385 0.3772 0.0000
vt 0.0291 0.4399 0.0000
vt 0.0252 0.4379 0.0000
vt 0.0115 0.4520 0.0000
vt 0.0246 0.3668 0.0000
vt 0.0201 0.3710 0.0000
vt -0.4337 -0.3927 0.0000
vt -0.4236 -0.3923 0.0000
vt 0.3960 -0.3684 0.0000
vt -0.4414 -0.3912 0.0000
vt -0.4256 -0.3823 0.0000
vt -0.4651 -0.3218 0.0000
vt 0.4012 -0.3601 0.0000
vt 0.4360 -0.3154 0.0000
vt 0.4528 -0.3224 0.0000
vt 0.4486 -0.3210 0.0000
vt -0.4582 -0.3208 0.0000
vt 0.4336 -0.3090 0.0000
vt 0.4463 -0.3109 0.0000
vt 0.4422 -0.3170 0.0000
vt -0.4371 -0.3850 0.0000
vt -0.4635 -0.3143 0.0000
vt 0.4595 -0.3211 0.0000
vt 0.5349 -0.3218 0.0000
vt -0.1842 -0.0393 0.0000
vt -0.1986 -0.0667 0.0000
vt -0.1983 -0.0912 0.0000
vt -0.1935 -0.0265 0.0000
vt -0.2348 -0.0444 0.0000
vt -0.1699 -0.0423 0.0000
vt -0.1723 -0.0045 0.0000
vt -0.1587 -0.0315 0.0000
vt 0.0179 -0.4935 0.0000
vt -0.1327 -0.3074 0.0000
vt -0.1997 -0.3401 0.0000
vt -0.1322 -0.2934 0.0000
vt -0.0822 -0.2414 0.0000
vt -0.4191 -0.0644 0.0000
vt -0.0614 -0.2902 0.0000
vt -0.0242 0.3391 0.0000
vt -0.0429 0.4016 0.0000
vt -0.0803 0.4319 0.0000
vt -0.0129 -0.3971 0.0000
vt -0.0374 -0.3925 0.0000
vt -0.0688 -0.3940 0.0000
vt -0.0197 0.4278 0.0000
vt -0.0352 0.4375 0.0000
vt -0.0614 0.4370 0.0000
vt -0.0458 0.4453 0.0000
vt -0.0918 -0.2659 0.0000
vt -0.0932 -0.2499 0.0000
vt -0.0727 -0.3734 0.0000
vt -0.0618 -0.3574 0.0000
vt -0.0499 -0.3707 0.0000
vt 0.2016 0.4894 0.0000
vt -0.1994 -0.3406 0.0000
vt -0.1334 -0.3070 0.0000
vt -0.3572 -0.0626 0.0000
vt -0.0489 -0.3717 0.0000
vt -0.1073 -0.1099 0.0000
vt -0.2688 -0.1579 0.0000
vt -0.2533 -0.1470 0.0000
vt -0.0344 -0.0747 0.0000
vt -0.3161 -0.1153 0.0000
vt -0.2839 -0.1207 0.0000
vt -0.3128 -0.1015 0.0000
vt -0.3191 -0.1318 0.0000
vt -0.3356 -0.1228 0.0000
vt -0.3409 -0.1341 0.0000
vt -0.2912 -0.1365 0.0000
vt -0.3437 -0.1400 0.0000
vt -0.0918 -0.0786 0.0000
vt -0.2763 -0.1072 0.0000
vt -0.2950 -0.1490 0.0000
vt -0.2768 -0.1652 0.0000
vt -0.0657 -0.0655 0.0000
vt -0.4652 -0.2745 0.0000
vt -0.4603 -0.3025 0.0000
vt -0.4647 -0.2991 0.0000
vt -0.4779 -0.2968 0.0000
vt -0.4745 -0.3007 0.0000
vt -0.4591 -0.2745 0.0000
vt -0.4730 -0.2516 0.0000
vt -0.4760 -0.2769 0.0000
vt -0.4792 -0.2549 0.0000
vt -0.4792 -0.2769 0.0000
vt -0.4973 -0.2726 0.0000
vt -0.4853 -0.2993 0.0000
vt -0.4940 -0.2726 0.0000
vt -0.4876 -0.2951 0.0000
vt 0.4812 -0.2746 0.0000
vt 0.5027 -0.2726 0.0000
vt 0.5124 -0.2951 0.0000
vt 0.5147 -0.2993 0.0000
vt 0.4867 -0.2907 0.0000
vt 0.4794 -0.2573 0.0000
vt -0.4865 -0.2506 0.0000
vt -0.4977 -0.2511 0.0000
vt 0.5060 -0.2726 0.0000
vt 0.4794 -0.2540 0.0000
vt -0.4930 -0.2540 0.0000
vt 0.4990 -0.2544 0.0000
vt 0.5070 -0.2540 0.0000
vt 0.4867 -0.2957 0.0000
vt 0.4526 -0.2821 0.0000
vt 0.4591 -0.2943 0.0000
vt 0.4570 -0.2812 0.0000
vt 0.4632 -0.2897 0.0000
vt 0.4545 -0.2655 0.0000
vt 0.5023 -0.2511 0.0000
vt 0.4376 -0.2932 0.0000
vt 0.4449 -0.2888 0.0000
vt 0.4513 -0.2627 0.0000
vt 0.4308 -0.2718 0.0000
vt 0.4365 -0.2829 0.0000
vt 0.4365 -0.2741 0.0000
vt 0.4288 -0.2845 0.0000
vt -0.3140 -0.0891 0.0000
vt -0.3292 -0.1080 0.0000
vt -0.0131 -0.1099 0.0000
vt -0.0861 -0.0747 0.0000
vt -0.0287 -0.0786 0.0000
vt -0.0547 -0.0655 0.0000
vt 0.4260 -0.1057 0.0000
vt 0.4716 -0.0751 0.0000
vt 0.4171 -0.0726 0.0000
vt 0.4290 -0.0405 0.0000
vt 0.4524 -0.1271 0.0000
vt 0.4571 -0.0216 0.0000
vt 0.4861 -0.1287 0.0000
vt 0.4909 -0.0230 0.0000
vt 0.5144 -0.1098 0.0000
vt 0.5174 -0.0443 0.0000
vt 0.5266 -0.0775 0.0000
vt -0.3785 -0.3166 0.0000
vt -0.3816 -0.3010 0.0000
vt -0.3154 -0.3317 0.0000
vt -0.2573 -0.3597 0.0000
vt -0.2572 -0.3598 0.0000
vt -0.1976 -0.3488 0.0000
vt -0.1973 -0.3492 0.0000
vt -0.2496 -0.3678 0.0000
vt -0.3132 -0.3729 0.0000
vt -0.2497 -0.3677 0.0000
vt -0.3132 -0.3730 0.0000
vt -0.2388 -0.3793 0.0000
vt -0.2764 -0.4008 0.0000
vt -0.2389 -0.3791 0.0000
vt -0.2980 -0.3844 0.0000
vt -0.3266 -0.4207 0.0000
vt -0.3104 -0.4289 0.0000
vt -0.2980 -0.3845 0.0000
vt -0.3267 -0.4208 0.0000
vt -0.3381 -0.4150 0.0000
vt -0.3105 -0.4289 0.0000
vt -0.3850 -0.1737 0.0000
vt -0.3712 -0.0961 0.0000
vt -0.3644 -0.1527 0.0000
vt -0.4032 -0.0970 0.0000
vt -0.4067 -0.1539 0.0000
vt -0.3868 -0.1109 0.0000
vt -0.3496 -0.1186 0.0000
vt -0.4235 -0.1207 0.0000
vt -0.3746 -0.0442 0.0000
vt -0.4028 -0.0471 0.0000
vt -0.1144 0.4005 0.0000
vt -0.1538 0.4293 0.0000
vt -0.1132 0.4215 0.0000
vt -0.1573 0.3964 0.0000
vt -0.4203 -0.0081 0.0000
vt -0.2011 0.4343 0.0000
vt -0.2045 0.3981 0.0000
vt -0.2220 0.4362 0.0000
vt -0.2249 0.3785 0.0000
vt -0.2341 0.3979 0.0000
vt -0.2340 0.4385 0.0000
vt -0.4025 -0.0104 0.0000
vt -0.3885 -0.0498 0.0000
vt -0.4298 -0.0435 0.0000
vt -0.2539 0.4417 0.0000
vt -0.2572 0.3972 0.0000
vt -0.2938 0.4453 0.0000
vt -0.3897 -0.0096 0.0000
vt -0.3768 -0.0097 0.0000
vt -0.4095 -0.0815 0.0000
vt -0.2957 0.4011 0.0000
vt -0.3592 -0.0063 0.0000
vt -0.1559 -0.4121 0.0000
vt -0.0974 -0.3983 0.0000
vt -0.1360 -0.4252 0.0000
vt 0.3636 0.2887 0.0000
vt -0.2094 0.4887 0.0000
vt -0.2101 0.5367 0.0000
vt -0.1869 0.5288 0.0000
vt -0.1869 -0.4712 0.0000
vt -0.3658 -0.0803 0.0000
vt -0.3868 -0.1113 0.0000
vt -0.3851 -0.1714 0.0000
vt -0.2101 -0.4633 0.0000
vt -0.2305 -0.4517 0.0000
vt -0.1037 0.4352 0.0000
vt -0.1406 0.4668 0.0000
vt -0.1000 0.4606 0.0000
vt -0.4361 -0.0803 0.0000
vt -0.4108 -0.1463 0.0000
vt -0.1427 0.4369 0.0000
vt -0.1863 0.4756 0.0000
vt -0.1927 0.4403 0.0000
vt -0.2392 0.4461 0.0000
vt -0.2393 -0.4379 0.0000
vt -0.2641 -0.4892 0.0000
vt -0.2754 -0.4754 0.0000
vt -0.2380 0.4977 0.0000
vt -0.2641 0.5108 0.0000
vt -0.2873 0.4561 0.0000
vt -0.2316 0.4847 0.0000
vt -0.3608 -0.1449 0.0000
vt -0.2767 0.4965 0.0000
vt -0.3393 -0.0776 0.0000
vt -0.4034 -0.2642 0.0000
vt -0.3848 -0.3441 0.0000
vt -0.4028 -0.2639 0.0000
vt -0.4246 -0.2893 0.0000
vt -0.4274 -0.2776 0.0000
vt -0.4282 -0.2784 0.0000
vt -0.3380 -0.4150 0.0000
vt -0.4025 -0.3695 0.0000
vt -0.3848 -0.3438 0.0000
vt -0.4023 -0.3692 0.0000
vt -0.4215 -0.3027 0.0000
vt -0.4223 -0.3031 0.0000
vt -0.4387 -0.3322 0.0000
vt -0.4386 -0.3323 0.0000
vt -0.4272 -0.3183 0.0000
vt -0.4273 -0.3185 0.0000
vt -0.4344 -0.3115 0.0000
vt -0.4461 -0.3224 0.0000
vt -0.4351 -0.3117 0.0000
vt -0.4462 -0.3228 0.0000
vt -0.4293 -0.2994 0.0000
vt -0.0741 -0.4663 0.0000
vt -0.0129 -0.4950 0.0000
vt -0.0741 -0.4950 0.0000
vt -0.0741 0.4763 0.0000
vt -0.0880 0.5050 0.0000
vt -0.0741 0.5050 0.0000
vt -0.0880 -0.4663 0.0000
vt -0.0880 -0.4950 0.0000
vt -0.0880 0.4763 0.0000
vt -0.0579 0.5050 0.0000
vt -0.0880 -0.4376 0.0000
vt -0.0579 -0.4663 0.0000
vt -0.0129 -0.4663 0.0000
vt -0.0741 -0.4376 0.0000
vt -0.0129 -0.4376 0.0000
vt -0.0579 0.4763 0.0000
vt -0.0532 -0.4097 0.0000
vt -0.0579 -0.4950 0.0000
vt -0.0407 -0.4950 0.0000
vt -0.0407 0.4763 0.0000
vt -0.0579 -0.4376 0.0000
vt -0.0407 -0.4663 0.0000
vt -0.4325 -0.2796 0.0000
vt -0.0129 0.4763 0.0000
vt -0.0407 -0.4376 0.0000
vt -0.0268 -0.4663 0.0000
vt -0.0129 0.5050 0.0000
vt -0.0268 0.5050 0.0000
vt -0.0268 -0.4376 0.0000
vt -0.0268 0.4763 0.0000
vt -0.0407 0.5050 0.0000
vt -0.0268 -0.4950 0.0000
vt 0.4745 -0.0746 0.0000
vt 0.4350 -0.0363 0.0000
vt 0.4201 -0.0673 0.0000
vt 0.4264 -0.1011 0.0000
vt 0.4648 -0.0201 0.0000
vt 0.4508 -0.1246 0.0000
vt 0.4981 -0.0247 0.0000
vt 0.4842 -0.1290 0.0000
vt 0.5223 -0.0482 0.0000
vt 0.5137 -0.1126 0.0000
vt 0.5283 -0.0818 0.0000
vt -0.1822 0.2740 0.0000
vt -0.1558 0.3165 0.0000
vt -0.1353 0.2714 0.0000
vt -0.1382 0.2283 0.0000
vt -0.1870 0.2308 0.0000
vt -0.0947 0.2638 0.0000
vt -0.3246 0.2840 0.0000
vt -0.2769 0.2651 0.0000
vt -0.3166 0.2663 0.0000
vt -0.3152 0.2177 0.0000
vt -0.3753 0.2215 0.0000
vt -0.3752 0.2658 0.0000
vt -0.0513 0.2389 0.0000
vt -0.0554 0.2289 0.0000
vt -0.0618 0.1926 0.0000
vt -0.1002 0.2195 0.0000
vt -0.1201 0.3100 0.0000
vt -0.3787 0.2788 0.0000
vt -0.2257 0.3544 0.0000
vt -0.1875 0.3754 0.0000
vt -0.1850 0.3648 0.0000
vt -0.1581 0.3784 0.0000
vt -0.1547 0.3650 0.0000
vt -0.1832 0.3219 0.0000
vt -0.1224 0.3789 0.0000
vt -0.1209 0.3688 0.0000
vt -0.2225 0.3680 0.0000
vt -0.2305 0.3171 0.0000
vt -0.2643 0.3534 0.0000
vt -0.0874 0.3883 0.0000
vt -0.3159 0.3760 0.0000
vt -0.2827 0.3819 0.0000
vt -0.3131 0.3971 0.0000
vt -0.2509 0.3700 0.0000
vt -0.2882 0.3687 0.0000
vt -0.0842 0.3773 0.0000
vt -0.3304 0.3413 0.0000
vt -0.2339 0.2698 0.0000
vt -0.0753 0.3160 0.0000
vt -0.3057 0.3285 0.0000
vt -0.2793 0.3189 0.0000
vt -0.2786 0.2182 0.0000
vt -0.2848 0.0935 0.0000
vt -0.2500 0.0904 0.0000
vt -0.2839 0.1463 0.0000
vt -0.1038 0.1614 0.0000
vt -0.1460 0.1630 0.0000
vt -0.2447 0.1529 0.0000
vt -0.1907 0.1665 0.0000
vt -0.2369 0.2239 0.0000
vt -0.3294 0.0991 0.0000
vt -0.3258 0.1601 0.0000
vt -0.3737 0.1723 0.0000
vt -0.3770 0.1016 0.0000
vt -0.3217 0.1767 0.0000
vt -0.2469 0.1705 0.0000
vt -0.2831 0.1668 0.0000
vt -0.0597 0.1538 0.0000
vt 0.2685 -0.0929 0.0000
vt 0.2906 -0.0958 0.0000
vt 0.2980 -0.0786 0.0000
vt 0.2797 -0.1454 0.0000
vt 0.2846 -0.1506 0.0000
vt 0.2974 -0.1268 0.0000
vt 0.2712 -0.0718 0.0000
vt 0.2473 -0.0919 0.0000
vt 0.2213 -0.1250 0.0000
vt 0.2178 -0.1284 0.0000
vt 0.2366 -0.1435 0.0000
vt 0.2723 -0.0678 0.0000
vt 0.2435 -0.0706 0.0000
vt 0.2180 -0.0759 0.0000
vt 0.2423 -0.1523 0.0000
vt 0.2438 -0.1483 0.0000
vt 0.2436 -0.1229 0.0000
vt 0.2865 -0.1111 0.0000
vt 0.2756 -0.1530 0.0000
vt 0.2711 -0.1493 0.0000
vt 0.2604 -0.1537 0.0000
vt 0.2583 -0.1593 0.0000
vt 0.2656 -0.1238 0.0000
vt -0.1073 0.1013 0.0000
vt -0.0497 0.0936 0.0000
vt -0.1537 0.0828 0.0000
vt -0.1527 0.0369 0.0000
vt -0.3665 0.0401 0.0000
vt -0.1045 0.0442 0.0000
vt -0.1385 0.0149 0.0000
vt -0.0955 0.0187 0.0000
vt -0.0563 0.0183 0.0000
vt -0.2022 0.0848 0.0000
vt -0.3262 0.0451 0.0000
vt -0.2075 0.0357 0.0000
vt -0.2628 0.0163 0.0000
vt -0.2866 0.0507 0.0000
vt -0.3132 0.0155 0.0000
vt 0.4509 -0.1979 0.0000
vt 0.4691 -0.1936 0.0000
vt 0.4386 -0.1508 0.0000
vt 0.4094 -0.1650 0.0000
vt -0.1985 0.0151 0.0000
vt -0.2502 0.0468 0.0000
vt 0.4953 -0.1895 0.0000
vt 0.4982 -0.1389 0.0000
vt 0.4766 -0.2370 0.0000
vt 0.4604 -0.2420 0.0000
vt -0.0431 0.0374 0.0000
vt -0.3601 0.0113 0.0000
vt -0.4446 -0.1567 0.0000
vt -0.4368 -0.2048 0.0000
vt -0.4186 -0.1607 0.0000
vt 0.4305 -0.2070 0.0000
vt -0.4592 -0.1959 0.0000
vt -0.4678 -0.1489 0.0000
vt -0.4545 -0.2475 0.0000
vt -0.4756 -0.1913 0.0000
vt 0.5244 -0.1913 0.0000
vt 0.5322 -0.1489 0.0000
vt -0.4704 -0.2447 0.0000
vt 0.5143 -0.2418 0.0000
vt 0.4636 -0.1446 0.0000
vt 0.4960 -0.2390 0.0000
vt 0.2248 -0.2626 0.0000
vt 0.2634 -0.2210 0.0000
vt 0.2212 -0.2253 0.0000
vt 0.2233 -0.1854 0.0000
vt 0.1798 -0.2374 0.0000
vt 0.2430 -0.0665 0.0000
vt 0.2267 -0.0935 0.0000
vt 0.2299 -0.1081 0.0000
vt 0.3713 -0.1795 0.0000
vt 0.3666 -0.1111 0.0000
vt 0.3677 -0.1796 0.0000
vt 0.3099 -0.2263 0.0000
vt 0.3370 -0.2808 0.0000
vt 0.3518 -0.2397 0.0000
vt 0.3981 -0.1781 0.0000
vt 0.3709 -0.1109 0.0000
vt 0.0918 -0.1323 0.0000
vt 0.1543 -0.1322 0.0000
vt 0.1692 -0.2102 0.0000
vt 0.1611 -0.2694 0.0000
vt 0.0840 -0.2187 0.0000
vt 0.3703 -0.2329 0.0000
vt 0.3059 -0.1865 0.0000
vt 0.3079 -0.2610 0.0000
vt 0.2613 -0.1866 0.0000
vt 0.2740 -0.0305 0.0000
vt 0.3037 -0.0712 0.0000
vt 0.3073 -0.0359 0.0000
vt 0.2132 -0.0686 0.0000
vt 0.2098 -0.0336 0.0000
vt 0.3019 -0.1313 0.0000
vt 0.1714 -0.1812 0.0000
vt 0.1608 -0.1402 0.0000
vt 0.3963 -0.1113 0.0000
vt 0.3675 -0.0572 0.0000
vt 0.2228 -0.1647 0.0000
vt 0.2600 -0.1715 0.0000
vt -0.4857 -0.2418 0.0000
vt 0.3636 -0.0580 0.0000
vt 0.3910 -0.0051 0.0000
vt 0.3948 -0.0537 0.0000
vt 0.2413 -0.0306 0.0000
vt 0.2025 -0.0074 0.0000
vt 0.0395 -0.0279 0.0000
vt 0.1022 -0.0553 0.0000
vt 0.0195 -0.0695 0.0000
vt 0.1859 -0.1329 0.0000
vt 0.3513 -0.1097 0.0000
vt 0.3515 -0.0436 0.0000
vt 0.3231 -0.0423 0.0000
vt 0.3200 -0.0447 0.0000
vt 0.3233 -0.1106 0.0000
vt 0.3642 -0.0082 0.0000
vt 0.3584 -0.0090 0.0000
vt 0.1100 -0.0242 0.0000
vt 0.2356 -0.0008 0.0000
vt 0.2345 -0.1486 0.0000
vt 0.4468 -0.2497 0.0000
vt 0.3015 -0.1647 0.0000
vt 0.3162 -0.0090 0.0000
vt 0.0201 -0.1346 0.0000
vt 0.1356 -0.0633 0.0000
vt 0.2833 -0.0007 0.0000
vt 0.3195 -0.1057 0.0000
vt 0.3332 -0.1270 0.0000
vt 0.3611 -0.1304 0.0000
vt 0.3579 -0.1827 0.0000
vt 0.0071 -0.2065 0.0000
vt 0.0016 -0.2668 0.0000
vt 0.1940 -0.2817 0.0000
vt 0.3665 -0.2326 0.0000
vt 0.3975 -0.2325 0.0000
vt 0.3640 -0.2758 0.0000
vt 0.3609 -0.2749 0.0000
vt 0.3010 -0.2836 0.0000
vt 0.3100 -0.3041 0.0000
vt 0.2320 -0.2867 0.0000
vt 0.2666 -0.2875 0.0000
vt 0.2645 -0.2537 0.0000
vt 0.3940 -0.2805 0.0000
vt 0.0834 -0.2782 0.0000
vt 0.0295 -0.3124 0.0000
vt 0.0846 -0.3252 0.0000
vt 0.1369 -0.3099 0.0000
vt 0.2228 -0.3079 0.0000
vt 0.3841 -0.3313 0.0000
vt 0.3602 -0.2804 0.0000
vt 0.3906 -0.2834 0.0000
vt 0.2671 -0.3155 0.0000
vt 0.3531 -0.3273 0.0000
vt 0.3503 -0.3262 0.0000
vt 0.3586 -0.2801 0.0000
vt 0.3502 -0.3741 0.0000
vt 0.3464 -0.3720 0.0000
vt 0.3791 -0.3776 0.0000
vt 0.0209 0.1024 0.0000
vt 0.0396 0.1179 0.0000
vt 0.0403 0.1005 0.0000
vt 0.0497 0.1184 0.0000
vt 0.0507 0.1005 0.0000
vt 0.0218 0.1199 0.0000
vt 0.0011 0.1037 0.0000
vt 0.0014 0.1221 0.0000
vt 0.0011 0.1038 0.0000
vt 0.0728 0.1209 0.0000
vt 0.0732 0.1021 0.0000
vt 0.0391 0.1375 0.0000
vt 0.0485 0.1395 0.0000
vt 0.0716 0.1446 0.0000
vt 0.0228 0.1402 0.0000
vt 0.0014 0.1220 0.0000
vt 0.0025 0.1449 0.0000
vt 0.0025 0.1448 0.0000
vt 0.0385 0.1582 0.0000
vt 0.0450 0.1620 0.0000
vt 0.0651 0.1723 0.0000
vt 0.0267 0.1619 0.0000
vt 0.0087 0.1713 0.0000
vt 0.0327 0.1765 0.0000
vt 0.0373 0.1731 0.0000
vt 0.0402 0.1759 0.0000
vt 0.0516 0.1915 0.0000
vt 0.0229 0.1909 0.0000
vt 0.0088 0.1714 0.0000
vt 0.0382 0.1814 0.0000
vt 0.0388 0.1966 0.0000
# 1226 texture coords

g crash_Shape
usemtl skeleton_shader
s 1
f 1/1/1 2/2/2 3/3/3 
f 4/4/4 5/5/5 6/6/6 
f 7/7/7 4/4/4 6/6/6 
f 8/8/8 3/3/3 9/9/9 
f 10/4/10 11/7/11 12/6/12 
f 13/5/13 10/4/10 12/6/12 
f 14/10/14 9/9/9 15/11/15 
f 16/9/16 14/10/14 15/11/15 
f 17/3/17 18/8/18 16/9/16 
f 19/12/19 20/13/20 7/7/7 
f 21/2/21 22/1/22 17/3/17 
f 5/5/5 22/1/22 21/2/21 
f 6/6/6 5/5/5 21/2/21 
f 13/5/13 12/6/12 2/2/2 
f 18/8/18 23/14/23 14/10/14 
f 9/9/9 14/10/14 8/8/8 
f 24/15/24 1/1/1 8/8/8 
f 14/10/14 16/9/16 18/8/18 
f 22/1/22 25/16/25 18/8/18 
f 26/17/26 10/4/10 13/5/13 
f 19/12/19 11/7/11 20/13/20 
f 18/8/18 17/3/17 22/1/22 
f 5/5/5 27/18/27 22/1/22 
f 13/5/13 2/2/2 1/1/1 
f 3/3/3 8/8/8 1/1/1 
f 28/18/28 13/5/13 1/1/1 
f 4/4/4 29/17/29 5/5/5 
f 20/13/20 11/7/11 30/19/30 
f 10/4/10 31/20/31 30/19/30 
f 7/7/7 20/13/20 32/19/32 
f 30/19/30 11/7/11 10/4/10 
f 7/7/7 32/19/32 4/4/4 
f 33/21/33 34/22/34 35/23/35 
f 35/24/36 28/18/28 36/25/37 
f 33/21/33 35/23/35 36/26/37 
f 37/27/38 33/28/33 36/26/37 
f 24/15/24 38/29/39 36/25/37 
f 38/29/39 39/30/40 36/25/37 
f 40/31/41 41/32/42 42/33/43 
f 35/34/35 40/31/41 42/33/43 
f 31/20/31 35/24/36 42/35/43 
f 43/36/44 25/16/25 44/37/45 
f 27/18/27 45/24/46 44/37/45 
f 46/28/47 47/38/48 44/39/45 
f 45/40/49 46/28/47 44/39/45 
f 13/5/13 28/18/28 26/17/26 
f 48/41/50 49/42/51 50/43/52 
f 51/44/53 52/45/54 50/43/52 
f 49/42/51 53/46/55 50/43/52 
f 27/18/27 5/5/5 29/17/29 
f 54/42/56 55/41/57 56/43/58 
f 57/45/59 58/44/60 56/43/58 
f 26/17/26 35/24/36 31/20/31 
f 10/4/10 26/17/26 31/20/31 
f 4/4/4 32/19/32 59/20/61 
f 29/17/29 4/4/4 59/20/61 
f 24/15/24 36/25/37 28/18/28 
f 35/24/36 26/17/26 28/18/28 
f 1/1/1 24/15/24 28/18/28 
f 25/16/25 22/1/22 27/18/27 
f 44/37/45 25/16/25 27/18/27 
f 29/17/29 45/24/46 27/18/27 
f 60/47/62 61/48/63 62/49/64 
f 61/48/63 63/47/65 62/49/64 
f 64/14/66 60/47/62 24/15/24 
f 65/50/67 62/49/64 66/51/68 
f 63/47/65 43/36/44 66/51/68 
f 62/49/64 63/47/65 66/51/68 
f 60/47/62 62/49/64 67/51/69 
f 38/29/39 60/47/62 67/51/69 
f 68/50/70 69/52/71 67/51/69 
f 62/49/64 68/50/70 67/51/69 
f 64/14/66 14/10/14 70/53/72 
f 14/10/14 23/14/23 70/53/72 
f 8/8/8 14/10/14 64/14/66 
f 24/15/24 8/8/8 64/14/66 
f 70/53/72 60/47/62 64/14/66 
f 18/8/18 25/16/25 23/14/23 
f 63/47/65 70/53/72 23/14/23 
f 71/54/73 72/55/74 54/56/75 
f 32/19/32 20/13/20 73/57/76 
f 59/20/61 32/19/32 73/57/76 
f 74/58/77 75/59/78 73/57/76 
f 75/59/79 54/60/56 49/42/51 
f 20/13/20 30/19/30 76/57/80 
f 31/20/31 42/35/43 76/57/80 
f 30/19/30 31/20/31 76/57/80 
f 24/15/24 60/47/62 38/29/39 
f 63/47/65 25/16/25 43/36/44 
f 70/53/72 61/48/63 60/47/62 
f 23/14/23 25/16/25 63/47/65 
f 61/48/63 70/53/72 63/47/65 
f 43/36/44 44/37/45 77/30/81 
f 78/61/82 66/51/68 77/30/81 
f 66/51/68 43/36/44 77/30/81 
f 38/29/39 67/51/69 39/30/40 
f 67/51/69 69/52/71 39/30/40 
f 79/35/83 73/57/76 48/41/50 
f 73/57/76 75/59/78 48/41/50 
f 50/43/52 79/35/83 48/41/50 
f 76/57/80 42/35/43 55/41/57 
f 75/59/78 76/57/80 55/41/57 
f 42/35/43 56/43/58 55/41/57 
f 73/57/76 20/13/20 74/58/77 
f 20/13/20 76/57/80 74/58/77 
f 74/58/77 76/57/80 75/59/78 
f 55/41/57 54/42/56 75/59/79 
f 49/42/51 48/41/50 75/59/79 
f 71/54/73 80/62/84 72/55/74 
f 49/42/51 54/60/56 72/63/74 
f 81/64/85 77/30/81 82/65/86 
f 77/30/81 47/66/48 82/65/86 
f 83/67/87 81/64/85 82/65/86 
f 52/45/54 84/68/88 82/65/86 
f 77/30/81 44/37/45 47/66/48 
f 85/69/89 82/70/90 47/38/91 
f 86/71/92 45/72/93 79/33/83 
f 45/24/46 59/20/61 79/35/83 
f 59/20/61 73/57/76 79/35/83 
f 87/73/94 46/28/47 45/40/49 
f 29/17/29 59/20/61 45/24/46 
f 88/74/95 79/33/83 52/75/54 
f 79/35/83 50/43/52 52/45/54 
f 82/70/86 89/76/96 52/77/54 
f 90/78/97 91/79/98 92/80/99 
f 86/71/92 93/81/100 87/82/94 
f 94/83/101 46/28/47 87/73/94 
f 85/84/89 47/38/48 46/28/47 
f 95/85/102 85/84/89 46/28/47 
f 87/82/94 45/72/93 86/71/92 
f 96/86/103 93/81/100 86/71/92 
f 86/71/92 79/33/83 88/74/104 
f 96/86/103 86/71/92 88/74/104 
f 92/80/99 96/87/103 88/88/95 
f 90/78/97 97/89/105 85/69/89 
f 82/70/90 85/69/89 89/76/106 
f 92/80/99 88/88/95 97/89/105 
f 89/76/106 85/69/89 97/89/105 
f 88/88/95 89/76/106 97/89/105 
f 87/82/94 93/81/100 94/90/101 
f 93/81/100 98/91/107 94/90/101 
f 95/85/102 46/28/47 94/83/101 
f 90/78/97 85/84/89 95/85/102 
f 99/92/108 90/78/97 95/85/102 
f 94/83/101 100/93/109 95/85/102 
f 101/94/110 93/81/100 96/86/103 
f 92/80/99 102/95/111 96/87/103 
f 92/80/99 97/89/105 90/78/97 
f 52/77/54 89/76/96 88/88/104 
f 98/91/107 93/81/100 101/94/110 
f 96/86/103 102/96/111 101/94/110 
f 103/97/112 104/98/113 101/97/114 
f 102/99/111 105/98/115 101/97/114 
f 106/100/116 100/101/109 98/91/107 
f 101/97/114 104/98/113 98/102/107 
f 91/79/98 90/78/97 99/92/108 
f 95/85/102 100/93/109 99/92/108 
f 94/90/101 98/91/107 100/101/109 
f 103/97/112 105/98/115 102/99/111 
f 92/80/99 91/79/98 102/95/111 
f 107/103/117 108/104/118 109/105/119 
f 108/104/118 110/106/120 109/105/119 
f 111/107/121 112/108/122 113/109/123 
f 114/110/124 111/107/121 113/109/123 
f 115/111/125 110/106/120 113/109/123 
f 116/112/126 115/111/125 113/109/123 
f 112/108/122 116/112/126 113/109/123 
f 111/107/121 117/113/127 112/108/122 
f 117/113/127 118/114/128 112/108/122 
f 119/115/129 99/92/130 120/116/131 
f 99/92/130 100/93/109 120/116/131 
f 121/117/132 119/115/129 120/116/131 
f 122/118/133 121/117/132 120/116/131 
f 123/119/134 107/120/117 124/121/135 
f 117/122/136 125/123/137 124/124/138 
f 124/124/138 121/117/132 123/125/139 
f 126/126/140 127/127/141 114/128/124 
f 128/129/142 114/128/124 108/130/118 
f 114/110/124 110/106/120 108/104/118 
f 114/128/124 127/127/141 111/131/143 
f 124/121/135 118/114/128 117/113/127 
f 111/132/121 129/133/144 117/122/136 
f 91/79/98 99/92/130 119/115/129 
f 102/95/111 91/79/98 119/115/129 
f 121/117/132 125/123/137 119/115/129 
f 102/95/111 119/115/129 130/134/145 
f 119/115/129 129/133/144 130/134/145 
f 100/101/109 106/100/116 122/135/133 
f 120/116/131 100/93/109 122/118/133 
f 128/136/142 121/117/132 122/118/133 
f 128/136/142 123/125/139 121/117/132 
f 98/102/107 104/98/113 106/99/116 
f 128/129/142 122/135/133 106/100/116 
f 103/137/146 126/126/140 106/100/116 
f 102/96/111 130/138/147 103/137/146 
f 130/134/145 129/133/144 103/139/146 
f 106/99/116 104/98/113 103/97/112 
f 101/97/114 105/98/115 103/97/112 
f 121/117/132 124/124/138 125/123/137 
f 129/133/144 119/115/129 125/123/137 
f 125/123/137 117/122/136 129/133/144 
f 108/140/118 123/125/139 128/136/142 
f 126/126/140 103/137/146 127/127/141 
f 129/133/144 111/132/121 127/141/141 
f 103/139/146 129/133/144 127/141/141 
f 128/129/142 106/100/116 126/126/140 
f 114/128/124 128/129/142 126/126/140 
f 131/142/148 132/143/149 133/144/150 
f 134/145/151 131/142/148 133/144/150 
f 135/146/152 118/114/128 107/120/117 
f 123/147/134 108/104/118 107/103/117 
f 136/148/153 109/105/119 110/106/120 
f 114/110/124 113/109/123 110/106/120 
f 137/149/154 138/150/155 139/151/156 
f 140/152/157 141/153/158 142/154/159 
f 141/153/158 143/155/160 142/154/159 
f 144/156/161 145/157/162 142/158/159 
f 146/159/163 147/160/164 148/161/165 
f 149/162/166 150/163/167 151/164/168 
f 150/163/167 152/165/169 151/164/168 
f 133/144/150 132/143/149 151/164/168 
f 147/166/164 153/167/170 154/168/171 
f 153/167/170 155/169/172 154/168/171 
f 156/170/173 157/171/174 154/172/171 
f 135/146/152 152/173/169 150/174/167 
f 149/175/175 158/176/176 150/174/167 
f 159/177/177 112/108/122 118/114/128 
f 124/121/135 107/120/117 118/114/128 
f 160/178/178 161/179/179 162/180/180 
f 158/176/176 163/181/181 162/180/180 
f 150/174/167 158/176/176 162/180/180 
f 134/182/151 164/183/182 160/178/178 
f 162/180/180 163/181/181 160/178/178 
f 163/181/181 134/182/151 160/178/178 
f 147/160/164 157/171/174 165/184/183 
f 157/171/174 166/185/184 165/184/183 
f 148/161/165 147/160/164 165/184/183 
f 167/186/185 166/185/184 145/157/162 
f 144/156/161 168/187/186 145/157/162 
f 168/187/186 169/188/187 145/157/162 
f 107/103/117 109/105/119 136/148/153 
f 166/185/184 151/164/168 136/148/153 
f 151/164/168 152/165/169 136/148/153 
f 116/112/126 112/108/122 170/189/188 
f 159/177/177 171/190/189 170/189/188 
f 135/146/152 107/120/117 152/173/169 
f 107/103/117 136/148/153 152/165/169 
f 169/191/190 139/151/156 167/192/185 
f 134/145/151 166/185/184 167/186/185 
f 145/157/162 169/188/187 167/186/185 
f 172/193/191 110/106/120 115/111/125 
f 173/194/192 174/195/193 175/196/194 
f 176/197/195 173/198/196 175/199/194 
f 177/200/197 178/201/198 138/150/155 
f 140/202/157 145/157/162 157/171/174 
f 145/157/162 166/185/184 157/171/174 
f 156/170/173 140/202/157 157/171/174 
f 136/148/153 110/106/120 172/193/191 
f 144/203/199 175/196/194 178/201/198 
f 171/190/189 138/150/155 178/201/198 
f 175/196/194 174/195/193 178/201/198 
f 135/146/152 150/174/167 179/204/200 
f 150/174/167 162/180/180 179/204/200 
f 170/189/188 112/108/122 159/177/177 
f 118/114/128 135/146/152 159/177/177 
f 135/146/152 180/205/201 159/177/177 
f 180/205/201 161/179/179 159/177/177 
f 179/204/200 180/205/201 135/146/152 
f 167/192/185 139/151/156 164/183/182 
f 139/151/156 138/150/155 164/183/182 
f 181/206/202 178/201/198 174/195/193 
f 182/207/203 181/206/202 174/195/193 
f 183/208/204 184/209/205 174/195/193 
f 133/144/150 151/164/168 166/185/184 
f 136/148/153 185/210/206 166/185/184 
f 179/204/200 162/180/180 180/205/201 
f 162/180/180 161/179/179 180/205/201 
f 164/183/182 138/150/155 161/179/179 
f 160/178/178 164/183/182 161/179/179 
f 186/211/207 170/189/188 181/206/202 
f 171/190/189 178/201/198 181/206/202 
f 170/189/188 171/190/189 181/206/202 
f 186/211/207 148/161/165 187/212/208 
f 148/161/165 165/184/183 187/212/208 
f 185/210/206 115/111/125 187/212/208 
f 115/111/125 116/112/126 187/212/208 
f 161/179/179 138/150/155 171/190/189 
f 159/177/177 161/179/179 171/190/189 
f 182/207/203 148/161/165 186/211/207 
f 116/112/126 170/189/188 186/211/207 
f 187/212/208 116/112/126 186/211/207 
f 187/212/208 165/184/183 185/210/206 
f 172/193/191 115/111/125 185/210/206 
f 136/148/153 172/193/191 185/210/206 
f 165/184/183 166/185/184 185/210/206 
f 186/211/207 181/206/202 182/207/203 
f 174/195/193 184/209/205 182/207/203 
f 142/154/159 143/155/160 144/213/199 
f 188/214/209 168/215/186 144/216/199 
f 178/201/198 189/217/210 144/203/199 
f 189/218/211 188/219/212 144/220/161 
f 143/221/213 175/199/194 144/222/214 
f 189/217/210 178/201/198 177/200/197 
f 190/223/215 169/224/190 168/215/186 
f 137/149/154 139/151/156 169/191/190 
f 169/224/190 191/225/216 137/226/217 
f 177/200/197 138/150/155 137/149/154 
f 192/227/218 177/228/197 137/229/154 
f 189/218/211 193/230/219 194/231/220 
f 193/232/219 195/233/221 194/234/222 
f 192/235/218 195/233/221 193/232/219 
f 177/228/197 193/230/219 189/218/211 
f 190/236/215 196/237/223 191/238/216 
f 191/225/216 169/224/190 190/223/215 
f 190/223/215 168/215/186 188/214/209 
f 189/218/211 194/231/220 188/219/212 
f 194/234/222 197/239/224 188/240/225 
f 197/239/224 198/241/226 188/240/225 
f 198/241/226 199/242/227 188/240/225 
f 137/226/217 191/225/216 192/243/218 
f 191/238/216 200/244/228 192/245/218 
f 193/230/219 177/228/197 192/227/218 
f 201/246/229 202/247/230 192/235/218 
f 194/234/222 195/233/221 197/239/224 
f 202/247/230 198/241/226 197/239/224 
f 202/247/230 197/239/224 195/233/221 
f 192/235/218 202/247/230 195/233/221 
f 203/248/231 198/241/226 202/247/230 
f 204/249/232 199/242/227 198/241/226 
f 191/238/216 196/237/223 200/244/228 
f 205/250/233 201/251/229 200/244/228 
f 206/252/234 205/250/233 200/244/228 
f 190/236/215 188/253/225 196/237/223 
f 206/252/234 200/244/228 196/237/223 
f 199/254/235 206/252/234 196/237/223 
f 192/245/218 200/244/228 201/251/229 
f 203/248/231 202/247/230 201/246/229 
f 207/255/236 203/248/231 201/246/229 
f 207/256/237 201/251/229 205/250/233 
f 206/252/234 208/257/238 205/250/233 
f 204/249/232 198/241/226 203/248/231 
f 209/258/239 210/259/240 203/248/231 
f 203/248/231 210/259/240 204/249/232 
f 210/259/240 208/260/238 204/249/232 
f 196/237/223 188/253/225 199/254/235 
f 208/257/238 206/252/234 199/254/235 
f 204/249/232 208/260/238 199/242/227 
f 205/250/233 208/257/238 207/256/237 
f 209/258/239 203/248/231 207/255/236 
f 210/259/240 209/258/239 207/255/236 
f 210/259/240 207/255/236 208/260/238 
f 154/168/171 155/169/172 156/261/173 
f 211/262/241 140/152/157 156/263/173 
f 183/208/204 174/195/193 156/264/242 
f 174/195/193 173/194/192 156/264/242 
f 173/198/196 211/265/243 156/266/242 
f 155/267/172 183/268/204 156/269/244 
f 212/270/245 173/198/196 176/197/195 
f 213/271/246 212/272/245 176/273/247 
f 143/274/213 213/271/246 176/273/247 
f 214/275/248 141/153/158 140/152/157 
f 142/158/159 145/157/162 140/202/157 
f 214/276/248 215/277/249 141/278/250 
f 141/278/250 215/277/249 143/279/160 
f 176/197/195 175/199/194 143/221/213 
f 216/246/251 217/280/252 143/274/213 
f 214/275/248 140/152/157 211/262/241 
f 173/198/196 212/270/245 211/265/243 
f 212/272/245 218/281/253 211/282/243 
f 218/281/253 219/283/254 211/282/243 
f 219/283/254 220/242/255 211/282/243 
f 217/280/252 219/283/254 218/281/253 
f 218/281/253 212/272/245 213/271/246 
f 217/280/252 218/281/253 213/271/246 
f 143/274/213 217/280/252 213/271/246 
f 217/280/252 221/249/256 219/283/254 
f 221/249/256 220/242/255 219/283/254 
f 222/248/257 221/249/256 217/280/252 
f 215/277/249 214/276/248 223/284/258 
f 214/276/248 211/285/243 223/284/258 
f 224/286/259 225/287/260 223/284/258 
f 220/288/255 224/286/259 223/284/258 
f 223/284/258 225/287/260 215/277/249 
f 225/287/260 216/251/251 215/277/249 
f 226/289/261 216/251/251 225/287/260 
f 224/286/259 227/290/262 225/287/260 
f 222/248/257 228/259/263 221/249/256 
f 228/259/263 227/260/264 221/249/256 
f 229/258/265 228/259/263 222/248/257 
f 223/284/258 211/285/243 220/288/255 
f 227/290/262 224/286/259 220/288/255 
f 221/249/256 227/260/264 220/242/255 
f 143/279/160 215/277/249 216/251/251 
f 222/248/257 217/280/252 216/246/251 
f 226/255/266 222/248/257 216/246/251 
f 225/287/260 227/290/262 226/289/261 
f 229/258/265 222/248/257 226/255/266 
f 228/259/263 229/258/265 226/255/266 
f 228/259/263 226/255/266 227/260/264 
f 146/159/163 182/207/203 184/209/205 
f 230/291/267 153/167/170 147/166/164 
f 154/172/171 157/171/174 147/160/164 
f 184/292/268 183/268/204 231/293/269 
f 231/293/269 183/268/204 232/294/270 
f 155/295/271 233/296/272 232/297/273 
f 230/291/267 147/166/164 146/298/274 
f 148/161/165 182/207/203 146/159/163 
f 184/292/268 234/299/275 146/300/274 
f 235/301/276 153/302/170 230/303/277 
f 153/302/170 236/304/278 155/305/172 
f 232/294/270 183/268/204 155/267/172 
f 236/306/279 237/307/280 155/295/271 
f 230/291/267 146/298/274 234/308/275 
f 238/309/281 230/303/277 234/310/275 
f 184/292/268 231/293/269 234/299/275 
f 231/311/269 239/312/282 234/313/275 
f 239/312/282 240/314/283 234/313/275 
f 240/314/283 238/242/284 234/313/275 
f 239/312/282 232/297/273 233/296/272 
f 155/295/271 237/307/280 233/296/272 
f 231/311/269 232/297/273 239/312/282 
f 233/296/272 240/314/283 239/312/282 
f 241/249/285 238/242/284 240/314/283 
f 237/307/280 241/249/285 240/314/283 
f 240/314/283 233/296/272 237/307/280 
f 242/248/286 241/249/285 237/307/280 
f 235/301/276 230/303/277 243/315/287 
f 238/309/281 244/316/288 243/315/287 
f 244/316/288 245/317/289 243/315/287 
f 243/315/287 245/317/289 235/301/276 
f 245/317/289 236/304/278 235/301/276 
f 243/315/287 230/303/277 238/309/281 
f 246/318/290 244/316/288 238/309/281 
f 241/249/285 246/260/291 238/242/284 
f 247/259/292 246/260/291 241/249/285 
f 248/319/293 236/304/278 245/317/289 
f 249/258/294 241/249/285 242/248/286 
f 249/258/294 248/255/295 247/259/292 
f 153/302/170 235/301/276 236/304/278 
f 242/248/286 237/307/280 236/306/279 
f 248/255/295 242/248/286 236/306/279 
f 245/317/289 244/316/288 246/318/290 
f 247/259/292 248/255/295 246/260/291 
f 247/259/292 241/249/285 249/258/294 
f 245/317/289 246/318/290 248/319/293 
f 249/258/294 242/248/286 248/255/295 
f 250/320/296 251/321/297 163/322/181 
f 167/192/185 164/183/182 134/182/151 
f 163/181/181 251/323/297 134/182/151 
f 133/144/150 166/185/184 134/145/151 
f 251/324/298 131/142/148 134/145/151 
f 252/325/299 253/326/300 132/327/149 
f 131/328/301 252/325/299 132/327/149 
f 149/162/166 151/164/168 132/143/149 
f 254/329/302 163/322/181 158/330/303 
f 132/327/149 253/326/300 149/331/175 
f 251/332/304 255/333/305 131/328/301 
f 255/333/305 252/325/299 131/328/301 
f 256/334/306 163/322/181 254/329/302 
f 158/330/303 149/331/175 254/329/302 
f 253/326/300 257/335/307 254/329/302 
f 254/329/302 149/331/175 253/326/300 
f 253/336/300 258/337/308 257/338/307 
f 252/339/299 255/340/309 259/341/310 
f 258/337/308 252/339/299 259/341/310 
f 253/336/300 252/339/299 258/337/308 
f 259/341/310 260/342/311 258/337/308 
f 257/338/307 258/337/308 261/343/312 
f 262/344/313 263/345/314 261/343/312 
f 250/320/296 163/322/181 256/334/306 
f 254/329/302 257/335/307 256/334/306 
f 256/334/306 257/335/307 264/346/315 
f 257/335/307 261/347/312 264/346/315 
f 262/344/313 258/337/308 265/348/316 
f 258/337/308 260/342/311 265/348/316 
f 260/342/311 266/349/317 265/350/316 
f 261/343/312 258/337/308 262/344/313 
f 256/334/306 264/346/315 250/320/296 
f 264/346/315 267/351/318 250/320/296 
f 255/333/305 251/332/304 250/352/296 
f 259/341/310 255/340/309 268/353/319 
f 269/354/320 259/341/310 268/353/319 
f 255/340/309 250/355/296 268/353/319 
f 264/346/315 261/347/312 267/351/318 
f 261/343/312 263/345/314 267/356/318 
f 260/342/311 259/341/310 269/354/320 
f 268/353/319 270/357/321 269/354/320 
f 262/344/313 265/348/316 263/345/314 
f 250/320/296 267/351/318 270/358/321 
f 267/356/318 266/359/322 270/360/323 
f 268/353/319 250/355/296 270/357/321 
f 263/345/314 265/348/316 266/359/322 
f 267/356/318 263/345/314 266/359/322 
f 260/342/311 269/354/320 266/349/317 
f 269/354/320 270/357/321 266/349/317 
f 36/25/37 39/30/40 37/66/38 
f 271/70/324 272/361/325 37/27/38 
f 272/362/325 33/28/33 37/27/38 
f 37/66/38 39/30/40 271/65/326 
f 39/30/40 273/64/327 271/65/326 
f 273/64/327 274/67/328 271/65/326 
f 42/33/43 41/32/329 57/75/59 
f 56/43/58 42/35/43 57/45/59 
f 275/68/330 58/44/60 57/45/59 
f 276/363/331 277/364/332 278/365/333 
f 279/366/334 280/367/335 278/365/333 
f 281/98/336 279/99/334 278/97/337 
f 282/98/338 283/97/339 278/97/337 
f 284/93/340 285/368/341 286/369/342 
f 287/370/343 288/371/344 286/369/345 
f 277/364/332 289/372/346 284/373/340 
f 289/374/346 285/368/341 284/93/340 
f 284/373/340 290/375/347 277/364/332 
f 282/98/338 278/97/337 277/102/332 
f 281/98/336 283/97/339 279/99/334 
f 287/370/343 291/376/348 279/377/334 
f 272/361/325 271/70/324 292/378/349 
f 271/70/326 57/77/59 292/378/350 
f 287/370/343 293/78/351 291/376/348 
f 287/370/343 286/369/342 293/78/351 
f 276/363/331 278/365/333 280/367/335 
f 279/377/334 291/376/348 280/379/335 
f 293/78/351 286/369/342 285/368/341 
f 277/364/332 276/363/331 289/372/346 
f 276/363/331 34/380/34 289/372/346 
f 272/361/325 292/378/349 294/381/352 
f 41/382/329 291/376/348 294/381/352 
f 291/376/348 293/78/351 294/381/352 
f 292/378/349 41/382/329 294/381/352 
f 294/381/352 293/78/351 272/361/325 
f 293/78/351 285/368/341 272/362/325 
f 40/31/41 280/367/335 41/32/42 
f 280/379/335 291/376/348 41/382/329 
f 276/363/331 280/367/335 40/31/41 
f 35/34/35 34/380/34 40/31/41 
f 272/362/325 285/368/341 33/28/33 
f 285/368/341 289/374/346 33/21/33 
f 276/363/331 40/31/41 34/380/34 
f 33/21/33 289/374/346 34/22/34 
f 292/378/350 57/77/59 41/382/42 
f 295/106/353 296/383/354 297/384/355 
f 296/383/354 298/385/356 297/384/355 
f 299/112/357 300/108/358 301/386/359 
f 300/108/358 302/107/360 301/386/359 
f 302/107/360 303/110/361 301/386/359 
f 295/106/353 304/111/362 301/386/359 
f 304/111/362 299/112/357 301/386/359 
f 305/113/363 302/107/360 300/108/358 
f 306/114/364 305/113/363 300/108/358 
f 307/387/365 308/388/366 300/108/358 
f 284/93/340 286/369/345 309/389/367 
f 286/369/345 288/371/344 309/389/367 
f 310/390/368 311/118/369 309/389/367 
f 288/371/344 310/390/368 309/389/367 
f 310/390/368 312/391/370 313/392/371 
f 314/393/372 305/394/363 312/391/370 
f 303/395/361 315/396/373 296/397/354 
f 313/147/374 298/385/356 296/383/354 
f 316/398/375 303/395/361 302/399/376 
f 316/398/375 317/400/377 303/395/361 
f 318/401/378 302/402/360 305/394/363 
f 287/370/343 279/377/334 288/371/344 
f 314/393/372 310/390/368 288/371/344 
f 290/375/347 284/373/340 311/403/369 
f 284/93/340 309/389/367 311/118/369 
f 310/390/368 315/404/373 311/118/369 
f 288/371/344 279/377/334 319/405/379 
f 318/401/378 288/371/344 319/405/379 
f 313/392/371 315/404/373 310/390/368 
f 315/396/373 303/395/361 317/400/377 
f 290/375/347 315/396/373 317/400/377 
f 283/406/380 317/400/377 316/398/375 
f 302/402/360 318/401/378 316/407/375 
f 318/401/378 283/408/380 316/407/375 
f 313/392/371 296/409/354 315/404/373 
f 305/394/363 314/393/372 318/401/378 
f 312/391/370 310/390/368 314/393/372 
f 288/371/344 318/401/378 314/393/372 
f 281/98/336 278/97/337 283/97/339 
f 282/98/338 290/99/347 283/97/339 
f 319/410/381 279/366/334 283/406/380 
f 318/401/378 319/405/379 283/408/380 
f 282/98/338 277/102/332 290/99/347 
f 311/403/369 315/396/373 290/375/347 
f 317/400/377 283/406/380 290/375/347 
f 320/142/382 321/145/383 322/144/384 
f 303/110/361 296/383/354 295/106/353 
f 301/386/359 303/110/361 295/106/353 
f 323/411/385 304/111/362 295/106/353 
f 297/384/355 324/148/386 295/106/353 
f 325/167/387 326/166/388 327/168/389 
f 328/171/390 329/170/391 327/172/389 
f 330/153/392 331/152/393 332/154/394 
f 333/412/395 334/413/396 332/414/394 
f 335/143/397 322/144/384 336/164/398 
f 337/163/399 338/162/400 336/164/398 
f 339/176/401 337/174/399 340/180/402 
f 341/173/403 342/146/404 337/174/399 
f 313/119/374 312/121/405 298/120/356 
f 306/114/364 342/146/404 298/120/356 
f 298/120/356 312/121/405 306/114/364 
f 312/121/405 305/113/363 306/114/364 
f 300/108/358 308/388/366 306/114/364 
f 343/198/406 344/197/407 345/199/408 
f 346/185/409 347/186/410 333/412/395 
f 348/415/411 334/413/396 333/412/395 
f 332/414/394 331/202/393 333/412/395 
f 349/292/412 350/293/413 351/268/414 
f 300/108/358 299/112/357 307/387/365 
f 298/120/356 342/146/404 341/173/403 
f 337/163/399 336/164/398 341/165/403 
f 324/148/386 298/385/356 341/165/403 
f 341/165/403 336/164/398 324/148/386 
f 297/384/355 298/385/356 324/148/386 
f 336/164/398 346/185/409 324/148/386 
f 340/180/402 337/174/399 352/204/415 
f 337/174/399 342/146/404 352/204/415 
f 346/185/409 333/412/395 328/171/390 
f 331/202/393 329/170/391 328/171/390 
f 333/412/395 331/202/393 328/171/390 
f 327/172/389 326/160/388 328/171/390 
f 353/151/416 347/192/410 354/183/417 
f 347/192/410 321/182/383 354/183/417 
f 355/161/418 356/212/419 357/184/420 
f 326/160/388 355/161/418 357/184/420 
f 328/171/390 326/160/388 357/184/420 
f 295/106/353 324/148/386 323/411/385 
f 358/195/421 345/196/408 359/201/422 
f 360/190/423 361/206/424 359/201/422 
f 362/150/425 360/190/423 359/201/422 
f 363/217/426 364/200/427 359/201/422 
f 345/196/408 334/203/428 359/201/422 
f 353/151/416 365/191/429 347/192/410 
f 365/416/430 333/412/395 347/186/410 
f 346/185/409 321/145/383 347/186/410 
f 342/146/404 306/114/364 308/388/366 
f 366/417/431 342/146/404 308/388/366 
f 343/194/406 345/196/408 358/195/421 
f 359/201/422 361/206/424 358/195/421 
f 361/206/424 367/207/432 358/195/421 
f 368/418/433 340/180/402 366/417/431 
f 340/180/402 352/204/415 366/417/431 
f 352/204/415 342/146/404 366/417/431 
f 369/178/434 340/180/402 368/418/433 
f 362/150/425 354/183/417 368/418/433 
f 366/417/431 308/388/366 368/418/433 
f 354/183/417 369/178/434 368/418/433 
f 336/164/398 322/144/384 346/185/409 
f 370/210/435 324/148/386 346/185/409 
f 328/171/390 357/184/420 346/185/409 
f 322/144/384 321/145/383 346/185/409 
f 362/150/425 371/149/436 353/151/416 
f 371/149/436 365/191/429 353/151/416 
f 353/151/416 354/183/417 362/150/425 
f 368/418/433 360/190/423 362/150/425 
f 364/200/427 371/149/436 362/150/425 
f 359/201/422 364/200/427 362/150/425 
f 360/190/423 307/387/365 361/206/424 
f 307/387/365 372/211/437 361/206/424 
f 372/211/437 367/207/432 361/206/424 
f 299/112/357 304/111/362 356/212/419 
f 355/161/418 372/211/437 356/212/419 
f 304/111/362 370/210/435 356/212/419 
f 308/388/366 307/387/365 360/190/423 
f 368/418/433 308/388/366 360/190/423 
f 307/387/365 299/112/357 372/211/437 
f 299/112/357 356/212/419 372/211/437 
f 349/209/438 358/195/421 367/207/432 
f 355/161/418 373/159/439 367/207/432 
f 323/411/385 324/148/386 370/210/435 
f 346/185/409 357/184/420 370/210/435 
f 304/111/362 323/411/385 370/210/435 
f 357/184/420 356/212/419 370/210/435 
f 374/236/440 375/237/441 376/253/442 
f 363/218/443 334/220/396 376/219/444 
f 377/241/445 378/239/446 376/240/442 
f 378/239/446 379/234/447 376/240/442 
f 380/242/448 377/241/445 376/240/442 
f 381/225/449 371/226/450 382/243/451 
f 364/228/427 383/230/452 382/227/451 
f 384/247/453 385/246/454 382/235/451 
f 386/233/455 379/234/447 378/239/446 
f 377/241/445 384/247/453 378/239/446 
f 384/247/453 382/235/451 386/233/455 
f 383/232/452 379/234/447 386/233/455 
f 378/239/446 384/247/453 386/233/455 
f 374/223/440 376/214/456 348/215/411 
f 365/224/429 374/223/440 348/215/411 
f 381/225/449 365/224/429 371/226/450 
f 364/228/427 382/227/451 371/229/436 
f 381/225/449 374/223/440 365/224/429 
f 348/415/411 333/412/395 365/416/430 
f 387/155/457 332/154/394 334/213/428 
f 348/215/411 376/214/456 334/216/396 
f 363/217/426 359/201/422 334/203/428 
f 345/199/408 387/221/458 334/222/459 
f 364/228/427 363/218/443 383/230/452 
f 386/233/455 382/235/451 383/232/452 
f 363/218/443 376/219/444 379/231/460 
f 383/230/452 363/218/443 379/231/460 
f 377/241/445 388/248/461 384/247/453 
f 388/248/461 385/246/454 384/247/453 
f 389/249/462 388/248/461 377/241/445 
f 390/252/463 391/250/464 392/257/465 
f 393/255/466 394/259/467 392/260/465 
f 394/259/467 389/249/462 392/260/465 
f 395/258/468 388/248/461 394/259/467 
f 392/257/465 391/250/464 393/256/469 
f 395/258/468 394/259/467 393/255/466 
f 376/253/442 375/237/441 380/254/470 
f 389/249/462 377/241/445 380/242/448 
f 392/260/465 389/249/462 380/242/448 
f 394/259/467 388/248/461 389/249/462 
f 392/257/465 380/254/470 390/252/463 
f 395/258/468 393/255/466 388/248/461 
f 396/244/471 382/245/451 385/251/472 
f 393/256/469 391/250/464 385/251/472 
f 388/248/461 393/255/466 385/246/454 
f 374/236/440 381/238/449 375/237/441 
f 390/252/463 380/254/470 375/237/441 
f 396/244/471 390/252/463 375/237/441 
f 381/238/449 382/245/451 396/244/471 
f 375/237/441 381/238/449 396/244/471 
f 391/250/464 390/252/463 396/244/471 
f 385/251/472 391/250/464 396/244/471 
f 330/153/392 332/154/394 387/155/457 
f 345/199/408 344/197/407 387/221/458 
f 397/280/473 398/246/474 387/274/458 
f 399/275/475 331/152/393 330/153/392 
f 400/277/476 399/276/475 330/278/477 
f 399/276/475 401/284/478 402/285/479 
f 403/270/480 343/198/406 402/265/479 
f 404/283/481 405/281/482 402/282/479 
f 405/281/482 403/272/480 402/282/479 
f 406/242/483 404/283/481 402/282/479 
f 397/280/473 387/274/458 407/271/484 
f 405/281/482 397/280/473 407/271/484 
f 404/283/481 397/280/473 405/281/482 
f 408/169/485 327/168/389 329/261/391 
f 331/152/393 402/262/486 329/263/391 
f 358/195/421 351/208/414 329/264/487 
f 343/194/406 358/195/421 329/264/487 
f 402/265/479 343/198/406 329/266/487 
f 351/268/414 408/267/485 329/269/488 
f 399/275/475 402/262/486 331/152/393 
f 343/198/406 403/270/480 344/197/407 
f 407/271/484 387/274/458 344/273/489 
f 403/272/480 407/271/484 344/273/489 
f 405/281/482 407/271/484 403/272/480 
f 409/248/490 398/246/474 397/280/473 
f 410/249/491 397/280/473 404/283/481 
f 330/278/477 387/279/457 400/277/476 
f 398/251/474 411/287/492 400/277/476 
f 411/287/492 401/284/478 400/277/476 
f 412/255/493 413/259/494 414/260/495 
f 413/259/494 410/249/491 414/260/495 
f 414/290/496 411/287/492 412/289/493 
f 415/258/497 413/259/494 412/255/493 
f 415/258/497 409/248/490 413/259/494 
f 400/277/476 387/279/457 398/251/474 
f 412/289/493 411/287/492 398/251/474 
f 409/248/490 412/255/493 398/246/474 
f 402/285/479 401/284/478 406/288/483 
f 410/249/491 404/283/481 406/242/483 
f 414/260/495 410/249/491 406/242/483 
f 415/258/497 412/255/493 409/248/490 
f 409/248/490 397/280/473 410/249/491 
f 413/259/494 409/248/490 410/249/491 
f 414/290/496 416/286/498 411/287/492 
f 416/286/498 401/284/478 411/287/492 
f 414/290/496 406/288/483 416/286/498 
f 399/276/475 400/277/476 401/284/478 
f 416/286/498 406/288/483 401/284/478 
f 325/167/387 327/168/389 408/169/485 
f 417/304/499 325/302/387 408/305/485 
f 351/268/414 418/294/500 408/267/485 
f 419/307/501 417/306/499 408/295/485 
f 420/291/502 326/166/388 325/167/387 
f 325/302/387 421/301/503 420/303/504 
f 373/298/505 420/291/502 422/308/506 
f 420/303/504 423/309/507 422/310/506 
f 350/293/413 349/292/412 422/299/506 
f 424/314/508 425/312/509 422/313/506 
f 423/242/510 424/314/508 422/313/506 
f 425/312/509 350/311/511 422/313/506 
f 367/207/432 372/211/437 355/161/418 
f 326/160/388 373/159/439 355/161/418 
f 351/208/414 358/195/421 349/209/438 
f 367/207/432 373/159/439 349/209/438 
f 326/166/388 420/291/502 373/298/505 
f 422/299/506 349/292/412 373/300/505 
f 419/307/501 408/295/485 426/296/512 
f 350/311/511 425/312/509 426/296/512 
f 424/314/508 426/296/512 425/312/509 
f 419/307/501 426/296/512 424/314/508 
f 427/249/513 419/307/501 424/314/508 
f 428/248/514 417/306/499 419/307/501 
f 351/268/414 350/293/413 418/294/500 
f 426/296/512 408/295/485 418/297/500 
f 350/311/511 426/296/512 418/297/500 
f 429/318/515 430/317/516 431/319/517 
f 432/258/518 433/259/519 431/255/520 
f 434/316/521 430/317/516 429/318/515 
f 431/255/520 433/259/519 429/260/522 
f 433/259/519 427/249/513 429/260/522 
f 421/301/503 325/302/387 417/304/499 
f 431/319/517 430/317/516 417/304/499 
f 428/248/514 431/255/520 417/306/499 
f 432/258/518 431/255/520 428/248/514 
f 427/249/513 432/258/518 428/248/514 
f 434/316/521 435/315/523 430/317/516 
f 428/248/514 419/307/501 427/249/513 
f 433/259/519 432/258/518 427/249/513 
f 429/318/515 423/309/507 434/316/521 
f 420/303/504 435/315/523 423/309/507 
f 427/249/513 424/314/508 423/242/510 
f 429/260/522 427/249/513 423/242/510 
f 417/304/499 430/317/516 421/301/503 
f 430/317/516 435/315/523 421/301/503 
f 434/316/521 423/309/507 435/315/523 
f 420/303/504 421/301/503 435/315/523 
f 436/325/524 335/327/397 437/326/525 
f 338/331/526 438/329/527 437/326/525 
f 439/333/528 320/328/529 436/325/524 
f 440/181/530 340/180/402 369/178/434 
f 354/183/417 321/182/383 369/178/434 
f 321/182/383 440/181/530 369/178/434 
f 441/323/531 440/181/530 321/182/383 
f 339/176/401 340/180/402 440/181/530 
f 442/334/532 438/329/527 440/322/530 
f 441/321/531 443/320/533 440/322/530 
f 436/325/524 320/328/529 335/327/397 
f 320/142/382 322/144/384 335/143/397 
f 336/164/398 338/162/400 335/143/397 
f 338/175/526 337/174/399 339/176/401 
f 440/322/530 438/329/527 339/330/534 
f 444/335/535 437/326/525 438/329/527 
f 440/322/530 443/320/533 442/334/532 
f 437/326/525 335/327/397 338/331/526 
f 339/330/534 438/329/527 338/331/526 
f 445/346/536 442/334/532 443/320/533 
f 446/351/537 445/346/536 443/320/533 
f 441/332/538 439/333/528 443/352/533 
f 439/340/539 447/353/540 443/355/533 
f 436/339/524 448/341/541 439/340/539 
f 438/329/527 442/334/532 444/335/535 
f 444/335/535 442/334/532 445/346/536 
f 439/333/528 441/332/538 320/328/529 
f 441/324/542 321/145/383 320/142/382 
f 449/348/543 450/345/544 451/359/545 
f 450/345/544 446/356/537 451/359/545 
f 452/357/546 453/354/547 451/349/545 
f 453/354/547 454/342/548 451/349/545 
f 446/351/537 443/320/533 452/358/546 
f 451/359/545 446/356/537 452/360/549 
f 447/353/540 453/354/547 452/357/546 
f 443/355/533 447/353/540 452/357/546 
f 455/344/550 456/343/551 450/345/544 
f 456/347/551 445/346/536 446/351/537 
f 450/345/544 456/343/551 446/356/537 
f 448/341/541 453/354/547 447/353/540 
f 439/340/539 448/341/541 447/353/540 
f 455/344/550 450/345/544 449/348/543 
f 457/337/552 455/344/550 449/348/543 
f 454/342/548 457/337/552 449/348/543 
f 451/349/545 454/342/548 449/350/543 
f 448/341/541 457/337/552 454/342/548 
f 444/335/535 445/346/536 456/347/551 
f 457/337/552 444/338/535 456/343/551 
f 436/339/524 437/336/525 457/337/552 
f 437/336/525 444/338/535 457/337/552 
f 456/343/551 455/344/550 457/337/552 
f 454/342/548 453/354/547 448/341/541 
f 436/339/524 457/337/552 448/341/541 
f 458/419/553 459/420/554 460/421/555 
f 461/422/556 458/419/553 460/421/555 
f 462/423/557 463/424/558 464/425/559 
f 465/420/560 458/426/553 464/425/559 
f 458/426/553 466/427/561 464/425/559 
f 467/428/562 468/429/563 469/430/564 
f 470/431/565 467/428/562 469/430/564 
f 471/432/566 472/433/567 473/434/568 
f 474/435/569 475/436/570 473/434/568 
f 476/437/571 477/438/572 474/435/569 
f 477/438/572 475/436/570 474/435/569 
f 478/439/573 479/440/574 468/429/563 
f 471/432/566 475/436/570 477/438/572 
f 477/438/572 480/441/575 471/432/566 
f 481/442/576 482/443/577 483/444/578 
f 484/445/579 485/446/580 486/447/581 
f 83/67/87 487/448/582 81/64/85 
f 488/449/583 489/450/584 490/451/585 
f 491/452/586 462/423/557 490/451/585 
f 462/423/557 492/453/587 490/451/585 
f 492/453/587 493/454/588 490/451/585 
f 494/455/589 495/423/590 496/456/591 
f 495/423/590 497/452/592 496/456/591 
f 498/450/593 499/457/594 496/456/591 
f 500/448/595 274/67/328 273/64/327 
f 491/452/586 490/451/585 489/450/584 
f 501/458/596 502/459/597 489/450/584 
f 488/449/583 501/458/596 489/450/584 
f 496/456/591 497/452/592 498/450/593 
f 503/459/598 504/460/599 498/450/593 
f 504/460/599 499/457/594 498/450/593 
f 505/461/600 506/462/601 507/463/602 
f 508/464/603 509/465/604 510/466/605 
f 511/467/606 512/468/607 513/469/608 
f 514/462/609 515/463/610 513/469/611 
f 516/470/612 514/462/609 513/469/611 
f 515/463/610 511/467/613 513/469/611 
f 517/467/614 507/463/602 518/469/615 
f 506/462/601 519/470/616 518/469/615 
f 507/463/602 506/462/601 518/469/615 
f 520/468/617 517/467/618 518/469/619 
f 521/471/620 522/465/621 523/472/622 
f 522/465/621 524/466/623 523/472/622 
f 525/473/624 526/474/625 523/472/622 
f 514/462/609 527/461/626 515/463/610 
f 528/475/627 529/476/628 530/477/629 
f 531/478/630 528/475/627 530/477/629 
f 532/479/631 533/480/632 534/481/633 
f 535/482/634 534/483/635 536/484/636 
f 534/483/635 537/485/637 536/484/636 
f 538/486/638 536/484/636 539/487/639 
f 540/488/640 508/464/603 539/487/639 
f 508/464/603 538/486/638 539/487/639 
f 541/489/641 542/490/642 543/491/643 
f 544/492/644 545/489/645 543/491/643 
f 545/489/645 546/493/646 543/491/643 
f 547/494/647 548/495/648 549/496/649 
f 548/495/648 550/497/650 549/496/649 
f 551/498/651 547/499/652 549/500/653 
f 552/501/654 553/502/655 549/500/653 
f 554/503/656 555/504/657 556/505/658 
f 557/506/659 547/499/652 551/498/651 
f 549/500/653 553/502/655 551/498/651 
f 558/502/660 559/507/661 560/498/662 
f 484/445/579 561/506/663 560/498/662 
f 562/503/664 563/504/665 564/505/666 
f 565/508/667 566/509/668 567/510/669 
f 568/511/670 565/508/667 567/510/669 
f 522/465/621 569/512/671 570/513/672 
f 569/512/671 505/514/673 570/513/672 
f 571/515/674 529/476/628 528/475/627 
f 572/516/675 573/517/676 574/518/677 
f 484/445/579 560/498/662 559/507/661 
f 558/502/660 575/501/678 559/507/661 
f 576/519/679 484/520/680 559/521/681 
f 506/522/601 577/523/682 569/524/671 
f 519/525/683 578/526/684 569/524/671 
f 578/526/684 506/522/601 569/524/671 
f 530/477/629 529/476/628 579/527/685 
f 531/478/630 530/477/629 579/527/685 
f 579/527/685 529/476/628 571/515/674 
f 486/447/581 561/506/663 484/445/579 
f 574/518/677 573/517/676 484/520/680 
f 573/517/676 485/528/686 484/520/680 
f 580/529/687 581/530/688 547/494/647 
f 582/531/689 580/529/687 547/494/647 
f 557/506/659 583/532/690 547/499/652 
f 583/532/690 582/533/691 547/499/652 
f 584/534/692 585/535/693 586/536/694 
f 587/537/695 533/480/632 588/538/696 
f 476/437/571 589/539/697 590/540/698 
f 480/441/575 477/438/572 590/541/698 
f 591/542/699 592/543/700 71/54/73 
f 54/42/56 56/43/58 71/46/701 
f 58/44/60 591/544/702 71/46/701 
f 586/536/694 585/535/693 593/545/703 
f 594/424/704 460/421/555 459/420/554 
f 595/546/705 596/547/706 459/420/554 
f 596/547/706 594/424/704 459/420/554 
f 597/548/707 482/443/577 598/549/708 
f 599/550/709 554/551/656 600/552/710 
f 601/553/711 599/550/709 600/552/710 
f 602/554/712 603/555/713 604/556/714 
f 603/557/715 605/558/716 604/559/717 
f 606/560/718 603/555/713 602/554/712 
f 507/463/602 606/560/718 602/554/712 
f 599/550/709 601/553/711 607/561/719 
f 608/485/720 609/483/721 610/484/722 
f 611/487/723 612/488/724 610/484/722 
f 613/482/725 614/486/726 610/484/722 
f 609/483/721 613/482/725 610/484/722 
f 615/562/727 616/563/728 609/564/729 
f 616/565/730 613/482/725 609/483/721 
f 594/424/704 612/488/724 495/423/590 
f 540/488/640 463/424/558 462/423/557 
f 617/547/731 595/546/705 465/420/560 
f 463/424/558 617/547/731 465/420/560 
f 464/425/559 463/424/558 465/420/560 
f 595/546/705 458/426/553 465/420/560 
f 598/549/708 482/443/577 481/442/576 
f 586/536/694 593/545/703 480/566/732 
f 593/545/703 472/567/567 480/566/732 
f 472/433/567 471/432/566 480/441/575 
f 593/545/703 585/535/693 618/568/733 
f 619/569/734 472/567/567 618/568/733 
f 620/570/735 619/569/734 618/568/733 
f 621/571/736 622/572/737 623/573/738 
f 510/466/605 509/465/604 624/472/739 
f 509/465/604 625/471/740 624/472/739 
f 626/474/741 627/473/742 624/472/739 
f 628/574/743 626/575/741 624/576/739 
f 629/577/744 630/571/745 631/573/746 
f 632/578/747 633/579/748 568/580/749 
f 567/581/669 634/582/750 568/580/749 
f 604/559/717 605/558/716 568/511/670 
f 605/558/716 565/508/667 568/511/670 
f 574/518/677 484/520/680 576/519/679 
f 635/583/751 564/505/666 563/504/665 
f 562/584/664 556/505/658 563/583/665 
f 555/536/752 636/535/753 563/568/754 
f 49/42/51 72/63/74 53/46/55 
f 637/544/755 51/44/53 53/46/55 
f 638/585/756 637/544/755 53/46/55 
f 547/494/647 581/530/688 548/495/648 
f 581/530/688 639/586/757 548/495/648 
f 554/503/656 556/505/658 562/584/664 
f 640/568/758 641/535/759 562/570/664 
f 628/587/743 528/475/627 642/588/760 
f 531/589/761 468/429/563 642/590/760 
f 468/429/563 626/575/741 642/590/760 
f 643/591/762 644/592/763 645/593/764 
f 646/594/765 643/595/762 645/582/764 
f 647/596/766 645/593/764 644/592/763 
f 476/437/571 648/597/767 644/592/763 
f 649/598/768 589/539/697 644/592/763 
f 650/599/769 647/510/766 644/509/770 
f 579/527/685 571/515/674 651/600/771 
f 571/515/674 628/587/743 651/600/771 
f 624/472/739 625/471/740 651/601/771 
f 628/574/743 624/576/739 651/602/771 
f 625/603/740 652/604/772 651/605/773 
f 531/478/630 579/527/685 648/606/774 
f 579/527/685 651/600/771 648/606/774 
f 476/437/571 531/607/761 648/597/767 
f 650/599/769 644/509/770 648/608/767 
f 651/605/773 653/609/775 648/608/767 
f 654/580/776 645/582/764 647/581/766 
f 655/508/777 654/511/776 647/510/766 
f 656/579/778 657/610/779 654/580/776 
f 658/558/780 659/559/781 654/511/776 
f 655/508/777 658/558/780 654/511/776 
f 614/486/726 570/513/672 611/487/723 
f 570/513/672 612/488/724 611/487/723 
f 610/484/722 614/486/726 611/487/723 
f 620/570/735 584/534/692 660/611/782 
f 584/534/692 661/612/783 660/611/782 
f 635/570/751 636/535/753 660/611/782 
f 566/592/668 662/613/784 660/611/782 
f 634/593/750 566/592/668 660/611/782 
f 615/562/727 609/564/729 608/614/785 
f 615/562/727 596/615/786 663/616/787 
f 562/503/664 564/505/666 640/584/758 
f 635/583/751 661/617/788 640/584/758 
f 649/536/789 641/535/759 640/568/758 
f 664/618/790 665/619/791 472/620/567 
f 470/431/565 531/589/761 472/621/567 
f 597/548/707 598/549/708 472/622/567 
f 483/444/578 597/548/707 472/622/567 
f 593/545/703 618/568/733 472/567/567 
f 521/471/620 523/472/622 666/601/792 
f 667/623/793 668/624/794 612/488/724 
f 544/492/644 663/625/795 595/546/705 
f 663/625/795 596/547/706 595/546/705 
f 587/626/796 544/492/644 595/546/705 
f 554/551/656 562/627/664 643/591/797 
f 600/552/710 554/551/656 643/591/797 
f 562/570/664 641/535/759 643/534/762 
f 483/444/578 482/443/577 597/548/707 
f 563/583/665 556/505/658 555/504/657 
f 599/628/798 669/629/799 555/630/657 
f 634/593/750 660/611/782 555/591/657 
f 660/611/782 636/535/753 555/536/752 
f 495/423/590 612/488/724 497/452/592 
f 612/488/724 668/624/794 497/452/592 
f 615/562/727 608/614/785 596/615/786 
f 608/485/720 594/424/704 596/547/706 
f 507/463/602 670/631/800 505/461/600 
f 569/524/671 577/523/682 505/632/801 
f 667/623/793 570/513/672 505/514/673 
f 587/626/796 595/546/705 617/547/731 
f 537/633/802 533/480/632 617/634/803 
f 571/515/674 528/475/627 628/587/743 
f 642/590/760 626/575/741 628/574/743 
f 618/568/733 585/535/693 620/570/735 
f 617/634/803 533/480/632 587/537/695 
f 588/490/804 544/492/644 587/626/796 
f 671/560/805 515/463/610 672/554/806 
f 673/555/807 672/554/806 659/556/781 
f 658/558/780 673/557/808 659/559/781 
f 602/554/712 604/556/714 674/635/809 
f 568/580/749 633/579/748 674/636/809 
f 604/559/717 568/511/670 674/637/809 
f 507/463/602 602/554/712 670/631/800 
f 602/554/712 674/635/809 670/631/800 
f 667/623/793 505/514/673 670/638/810 
f 615/562/727 663/616/787 542/639/811 
f 542/490/642 663/625/795 544/492/644 
f 543/491/643 542/490/642 544/492/644 
f 588/490/804 545/489/645 544/492/644 
f 675/512/812 509/465/604 508/464/603 
f 527/514/626 675/512/812 508/464/603 
f 676/526/813 516/525/814 675/524/812 
f 514/522/609 676/526/813 675/524/812 
f 677/523/815 514/522/609 675/524/812 
f 678/631/816 515/463/610 527/461/626 
f 677/523/815 675/524/812 527/632/626 
f 508/464/603 679/623/817 527/514/626 
f 540/488/640 462/423/557 491/452/586 
f 680/624/818 540/488/640 491/452/586 
f 534/481/633 533/480/632 537/633/802 
f 620/570/735 585/535/693 584/534/692 
f 681/640/819 523/641/820 664/618/790 
f 472/622/567 598/549/708 664/642/790 
f 598/549/708 481/442/576 664/642/790 
f 642/588/760 528/475/627 531/478/630 
f 470/431/565 469/430/564 531/589/761 
f 469/430/564 468/429/563 531/589/761 
f 474/435/569 473/434/568 531/607/761 
f 473/434/568 472/433/567 531/607/761 
f 661/643/788 590/541/698 649/598/821 
f 644/592/763 643/591/762 649/598/768 
f 590/540/698 589/539/697 649/598/768 
f 640/644/758 661/643/788 649/598/821 
f 643/534/762 641/535/759 649/536/789 
f 520/468/617 518/469/619 519/470/616 
f 506/522/601 682/645/822 519/525/683 
f 682/645/822 578/526/684 519/525/683 
f 569/512/671 522/465/621 519/646/683 
f 495/423/590 460/421/555 594/424/704 
f 608/485/720 610/484/722 594/424/704 
f 610/484/722 612/488/724 594/424/704 
f 519/646/683 522/465/621 521/471/620 
f 683/604/823 519/647/824 521/603/620 
f 666/605/792 683/604/823 521/603/620 
f 684/648/825 685/649/826 682/650/827 
f 686/651/828 643/595/762 687/652/829 
f 688/653/830 689/654/831 687/652/829 
f 643/595/762 646/594/765 687/652/829 
f 689/654/831 686/651/828 687/652/829 
f 637/544/755 690/655/832 687/652/829 
f 669/656/833 689/654/831 691/657/834 
f 689/654/831 692/658/835 691/657/834 
f 693/594/836 555/595/657 691/652/834 
f 692/659/835 694/660/837 691/661/834 
f 555/662/657 669/663/799 691/661/834 
f 688/653/830 692/658/835 689/654/831 
f 607/664/838 686/651/828 689/654/831 
f 682/650/827 685/649/826 578/665/684 
f 540/488/640 536/484/636 463/424/558 
f 537/485/637 617/547/731 463/424/558 
f 536/484/636 537/485/637 463/424/558 
f 509/465/604 516/646/612 625/471/740 
f 516/647/612 652/604/772 625/603/740 
f 84/68/88 52/45/54 51/44/53 
f 50/43/52 53/46/55 51/44/53 
f 71/46/701 56/43/58 58/44/60 
f 666/666/839 523/641/820 681/640/819 
f 664/642/790 481/442/576 681/667/840 
f 481/442/576 619/668/734 681/667/840 
f 619/569/734 666/669/839 681/670/840 
f 513/469/608 512/468/607 516/470/841 
f 695/645/842 514/522/609 516/525/814 
f 509/465/604 675/512/812 516/646/612 
f 512/671/607 652/604/772 516/647/612 
f 686/672/843 607/561/719 601/553/711 
f 600/552/710 686/672/843 601/553/711 
f 640/584/758 564/505/666 635/583/751 
f 563/568/754 636/535/753 635/570/751 
f 635/583/751 660/611/782 661/617/788 
f 584/534/692 586/536/694 661/612/783 
f 586/536/694 480/566/732 661/612/783 
f 480/441/575 590/541/698 661/673/788 
f 629/577/744 631/573/746 633/674/748 
f 631/573/746 674/675/809 633/674/748 
f 696/675/844 623/573/738 656/676/778 
f 697/677/845 698/678/846 656/676/778 
f 623/573/738 622/572/737 656/676/778 
f 699/679/847 700/680/848 274/681/849 
f 500/682/595 701/683/850 274/681/849 
f 630/571/745 699/679/847 274/681/849 
f 275/68/330 271/65/326 274/67/328 
f 700/684/851 275/68/330 274/67/328 
f 539/487/639 536/484/636 540/488/640 
f 680/624/818 679/623/817 540/488/640 
f 505/632/801 577/523/682 506/522/601 
f 684/685/852 682/645/822 506/522/601 
f 702/649/853 703/648/854 695/650/842 
f 555/595/657 693/594/836 634/582/750 
f 702/649/853 695/650/842 676/665/813 
f 695/645/842 516/525/814 676/526/813 
f 53/46/55 80/686/84 638/585/756 
f 481/442/576 483/444/578 619/668/734 
f 483/444/578 472/622/567 619/668/734 
f 599/550/709 555/687/657 554/551/656 
f 704/679/855 621/571/736 83/681/856 
f 705/688/857 704/679/855 83/681/856 
f 706/683/858 487/682/582 83/681/856 
f 82/65/86 84/68/88 83/67/87 
f 84/68/88 705/684/859 83/67/87 
f 51/44/53 657/610/779 84/68/88 
f 57/45/59 271/65/326 275/68/330 
f 632/578/747 58/44/60 275/68/330 
f 656/676/778 698/678/846 705/688/857 
f 84/68/88 656/579/778 705/684/859 
f 707/689/860 633/674/748 700/680/848 
f 633/579/748 275/68/330 700/684/851 
f 677/523/815 527/632/626 514/522/609 
f 695/645/842 703/685/854 514/522/609 
f 568/580/749 634/582/750 693/594/836 
f 691/652/834 708/690/861 693/594/836 
f 645/582/764 654/580/776 646/594/765 
f 709/690/862 687/652/829 646/594/765 
f 275/68/330 633/579/748 632/578/747 
f 568/580/749 708/690/861 632/578/747 
f 709/690/862 654/580/776 657/610/779 
f 656/579/778 84/68/88 657/610/779 
f 578/665/684 685/649/826 684/648/825 
f 506/522/601 578/526/684 684/685/852 
f 702/649/853 676/665/813 703/648/854 
f 676/526/813 514/522/609 703/685/854 
f 710/691/863 637/544/755 711/692/864 
f 712/693/865 710/691/863 711/692/864 
f 638/585/756 711/692/864 637/544/755 
f 687/652/829 709/690/862 637/544/755 
f 710/691/863 591/694/699 637/544/755 
f 591/694/699 713/695/866 637/544/755 
f 713/695/866 690/655/832 637/544/755 
f 646/594/765 654/580/776 709/690/862 
f 657/610/779 51/44/53 709/690/862 
f 51/44/53 637/544/755 709/690/862 
f 591/544/702 58/44/60 708/690/861 
f 568/580/749 693/594/836 708/690/861 
f 58/44/60 632/578/747 708/690/861 
f 710/696/863 592/543/700 591/542/699 
f 691/661/834 694/660/837 591/542/699 
f 708/690/861 691/652/834 591/544/702 
f 692/659/835 714/697/867 694/660/837 
f 713/695/866 694/698/837 714/699/868 
f 688/653/830 713/695/866 714/699/868 
f 715/700/869 592/543/700 710/696/863 
f 638/585/756 80/686/84 715/701/869 
f 80/62/84 71/54/73 715/700/869 
f 71/54/73 592/543/700 715/700/869 
f 53/46/55 72/63/74 80/686/84 
f 714/699/868 692/658/835 688/653/830 
f 687/652/829 690/655/832 688/653/830 
f 591/694/699 694/698/837 713/695/866 
f 688/653/830 690/655/832 713/695/866 
f 711/692/864 638/585/756 712/693/865 
f 715/701/869 710/691/863 712/693/865 
f 638/585/756 715/701/869 712/693/865 
f 600/552/710 643/591/797 686/672/843 
f 590/541/698 477/438/572 476/437/571 
f 644/592/763 589/539/697 476/437/571 
f 474/435/569 531/607/761 476/437/571 
f 620/570/735 660/611/782 662/613/784 
f 619/569/734 620/570/735 662/613/784 
f 666/669/839 619/569/734 662/613/784 
f 716/609/870 666/605/792 662/608/784 
f 566/509/668 716/609/870 662/608/784 
f 717/702/871 718/703/872 603/555/713 
f 718/704/872 605/558/716 603/557/715 
f 717/702/871 603/555/713 606/560/718 
f 719/705/873 717/702/871 606/560/718 
f 634/593/750 567/596/669 566/592/668 
f 720/599/874 716/609/870 566/509/668 
f 721/706/875 718/703/872 717/702/871 
f 606/560/718 507/463/602 719/705/873 
f 722/707/876 517/467/618 520/468/617 
f 718/704/872 721/708/877 605/558/716 
f 719/705/873 507/463/602 517/467/614 
f 520/671/617 519/647/824 683/604/823 
f 605/558/716 723/709/878 565/508/667 
f 683/604/823 666/605/792 716/609/870 
f 724/710/879 683/604/823 716/609/870 
f 720/599/874 725/711/880 716/609/870 
f 566/509/668 565/508/667 720/599/874 
f 721/706/875 722/707/881 726/712/882 
f 723/709/878 605/558/716 726/713/882 
f 727/714/883 723/709/878 726/713/882 
f 725/711/880 565/508/667 728/715/884 
f 723/709/878 727/714/883 728/715/884 
f 565/508/667 723/709/878 728/715/884 
f 727/714/883 724/710/879 728/715/884 
f 729/716/885 719/705/873 722/707/881 
f 719/705/873 517/467/614 722/707/881 
f 727/717/883 726/712/882 722/707/881 
f 724/710/879 727/714/883 722/718/886 
f 683/604/823 724/710/879 722/718/886 
f 520/671/617 683/604/823 722/719/876 
f 716/609/870 725/711/880 724/710/879 
f 720/599/874 565/508/667 725/711/880 
f 728/715/884 724/710/879 725/711/880 
f 726/713/882 605/558/716 721/708/877 
f 721/706/875 717/702/871 729/716/885 
f 717/702/871 719/705/873 729/716/885 
f 722/707/881 721/706/875 729/716/885 
f 655/508/777 647/510/766 650/599/769 
f 650/599/769 648/608/767 653/609/775 
f 651/605/773 652/604/772 653/609/775 
f 652/604/772 730/710/887 653/609/775 
f 650/599/769 731/711/888 655/508/777 
f 515/463/610 732/705/889 511/467/613 
f 733/708/890 734/704/891 658/558/780 
f 511/467/606 735/707/892 512/468/607 
f 515/463/610 671/560/805 732/705/889 
f 734/703/891 733/706/893 736/702/894 
f 736/702/894 732/705/889 671/560/805 
f 673/555/807 736/702/894 671/560/805 
f 671/560/805 672/554/806 673/555/807 
f 734/703/891 736/702/894 673/555/807 
f 658/558/780 734/704/891 673/557/808 
f 732/705/889 736/702/894 737/716/895 
f 736/702/894 733/706/893 737/716/895 
f 733/706/893 735/707/896 737/716/895 
f 658/558/780 738/713/897 733/708/890 
f 650/599/769 653/609/775 731/711/888 
f 730/710/887 739/715/898 731/711/888 
f 731/711/888 653/609/775 730/710/887 
f 740/714/899 739/715/898 730/710/887 
f 511/467/613 732/705/889 735/707/896 
f 732/705/889 737/716/895 735/707/896 
f 738/712/897 740/717/899 735/707/896 
f 730/710/887 652/604/772 735/718/900 
f 740/714/899 730/710/887 735/718/900 
f 652/604/772 512/671/607 735/719/892 
f 658/558/780 655/508/777 741/709/901 
f 741/709/901 655/508/777 739/715/898 
f 655/508/777 731/711/888 739/715/898 
f 740/714/899 741/709/901 739/715/898 
f 735/707/896 733/706/893 738/712/897 
f 658/558/780 741/709/901 738/713/897 
f 741/709/901 740/714/899 738/713/897 
f 478/439/573 742/720/902 743/721/903 
f 664/618/790 526/722/904 743/721/903 
f 664/618/790 743/721/903 665/619/791 
f 744/723/905 470/724/565 665/619/791 
f 472/620/567 665/619/791 470/724/565 
f 478/439/573 468/429/563 745/725/906 
f 742/720/902 478/439/573 745/725/906 
f 467/428/562 746/726/907 745/725/906 
f 745/725/906 468/429/563 467/428/562 
f 665/619/791 742/720/902 744/723/905 
f 742/720/902 746/726/907 744/723/905 
f 467/428/562 470/431/565 744/727/908 
f 665/619/791 743/721/903 742/720/902 
f 745/725/906 746/726/907 742/720/902 
f 471/432/566 473/434/568 475/436/570 
f 467/428/562 744/727/908 746/726/907 
f 607/664/838 689/654/831 669/656/833 
f 607/561/719 669/728/909 599/550/709 
f 561/506/663 486/447/581 747/729/910 
f 486/447/581 748/730/911 747/729/910 
f 500/682/595 561/506/663 701/683/850 
f 561/506/663 747/729/910 701/683/850 
f 747/729/910 749/731/912 701/683/850 
f 612/488/724 570/513/672 667/623/793 
f 670/638/810 674/675/913 667/623/793 
f 750/732/914 668/624/794 667/623/793 
f 674/675/913 750/732/914 667/623/793 
f 751/733/915 485/528/686 573/517/676 
f 572/516/675 751/733/915 573/517/676 
f 498/450/593 497/452/592 668/624/794 
f 747/729/910 748/730/911 749/731/912 
f 274/681/849 701/683/850 630/571/745 
f 701/683/850 749/731/912 630/571/745 
f 752/734/916 699/679/847 630/571/745 
f 629/577/744 752/734/916 630/571/745 
f 749/731/912 503/459/598 630/571/745 
f 753/735/917 631/736/918 630/737/919 
f 754/738/920 707/739/921 699/740/847 
f 707/689/860 700/680/848 699/679/847 
f 674/741/809 631/736/918 753/735/917 
f 750/742/922 674/741/809 753/735/917 
f 755/743/923 756/744/924 753/735/917 
f 503/459/598 668/624/794 755/745/923 
f 668/624/794 756/746/925 755/745/923 
f 630/571/745 503/459/598 755/745/923 
f 753/735/917 630/737/919 755/743/923 
f 754/738/920 699/740/847 752/747/916 
f 756/746/925 668/624/794 750/732/914 
f 753/735/917 756/744/924 750/742/922 
f 754/738/920 752/747/916 629/748/926 
f 754/738/920 629/748/926 757/749/927 
f 629/577/744 633/674/748 757/677/927 
f 498/450/593 668/624/794 503/459/598 
f 749/731/912 504/460/599 503/459/598 
f 754/738/920 757/749/927 707/739/921 
f 757/677/927 633/674/748 707/689/860 
f 659/556/781 672/554/806 696/635/844 
f 656/579/778 654/580/776 696/750/928 
f 654/511/776 659/559/781 696/637/928 
f 758/751/929 583/532/690 759/752/930 
f 583/532/690 557/506/659 759/752/930 
f 759/752/930 557/506/659 706/683/858 
f 760/731/931 759/752/930 706/683/858 
f 557/506/659 487/682/582 706/683/858 
f 508/464/603 540/488/640 679/623/817 
f 761/732/932 696/675/933 679/623/817 
f 696/675/933 678/638/816 679/623/817 
f 680/624/818 761/732/932 679/623/817 
f 582/531/689 762/753/934 580/529/687 
f 672/554/806 515/463/610 678/631/816 
f 696/635/844 672/554/806 678/631/816 
f 527/514/626 679/623/817 678/638/816 
f 491/452/586 489/450/584 680/624/818 
f 763/746/935 761/732/932 680/624/818 
f 758/751/929 759/752/930 760/731/931 
f 706/683/858 83/681/856 621/571/736 
f 760/731/931 706/683/858 621/571/736 
f 764/734/936 622/572/737 621/571/736 
f 623/736/937 765/735/938 621/737/736 
f 698/739/939 766/738/940 704/740/855 
f 764/734/936 621/571/736 704/679/855 
f 705/688/857 698/678/846 704/679/855 
f 697/754/845 766/738/940 698/739/939 
f 680/624/818 489/450/584 502/459/597 
f 501/458/596 760/731/931 502/459/597 
f 760/731/931 621/571/736 502/459/597 
f 622/748/941 766/738/940 697/754/845 
f 656/676/778 622/572/737 697/677/845 
f 764/747/936 766/738/940 622/748/941 
f 763/744/935 765/735/938 761/742/942 
f 704/740/855 766/738/940 764/747/936 
f 763/746/935 680/624/818 767/745/943 
f 502/459/597 621/571/736 767/745/943 
f 680/624/818 502/459/597 767/745/943 
f 621/737/736 765/735/938 767/743/944 
f 623/736/937 696/741/928 765/735/938 
f 696/741/928 761/742/942 765/735/938 
f 763/744/935 767/743/944 765/735/938 
f 588/538/696 533/480/632 545/755/945 
f 532/565/946 534/483/635 535/482/634 
f 768/756/947 532/565/946 535/482/634 
f 508/464/603 510/466/605 538/486/638 
f 535/482/634 536/484/636 538/486/638 
f 769/757/948 535/482/634 538/486/638 
f 510/466/605 769/757/948 538/486/638 
f 770/758/949 533/480/632 532/479/631 
f 771/759/950 772/760/951 773/761/952 
f 774/762/953 772/760/951 771/759/950 
f 773/761/952 775/763/954 771/759/950 
f 775/763/954 776/764/955 771/759/950 
f 777/765/956 772/760/951 774/762/953 
f 776/764/955 778/766/957 774/762/953 
f 771/759/950 776/764/955 774/762/953 
f 545/755/945 533/480/632 546/767/958 
f 774/762/953 778/766/957 546/493/646 
f 773/761/952 779/768/959 626/474/741 
f 779/768/959 627/473/742 626/474/741 
f 468/429/563 479/440/574 626/575/741 
f 777/765/956 769/757/948 772/760/951 
f 773/761/952 772/760/951 779/768/959 
f 774/762/953 546/493/646 777/765/956 
f 780/769/960 768/756/947 777/765/956 
f 768/756/947 769/757/948 777/765/956 
f 777/765/956 546/493/646 780/769/960 
f 770/770/961 768/756/947 780/769/960 
f 546/767/958 533/480/632 780/771/962 
f 780/771/962 533/480/632 770/758/949 
f 770/770/961 532/565/946 768/756/947 
f 535/482/634 769/757/948 768/756/947 
f 627/473/742 772/760/951 769/757/948 
f 510/466/605 627/473/742 769/757/948 
f 510/466/605 624/472/739 627/473/742 
f 779/768/959 772/760/951 627/473/742 
f 781/772/963 782/773/964 783/774/965 
f 784/775/966 781/772/963 783/774/965 
f 785/776/967 782/773/964 786/777/968 
f 782/773/964 781/772/963 786/777/968 
f 787/778/969 788/779/970 786/777/968 
f 789/780/971 786/777/968 781/772/963 
f 790/781/972 789/780/971 781/772/963 
f 784/775/966 782/773/964 785/776/967 
f 783/774/965 782/773/964 784/775/966 
f 790/781/972 781/772/963 784/775/966 
f 791/782/973 790/781/972 784/775/966 
f 791/782/973 789/780/971 790/781/972 
f 785/776/967 786/777/968 788/779/970 
f 792/783/974 785/776/967 788/779/970 
f 787/778/969 793/784/975 788/779/970 
f 786/777/968 789/780/971 787/778/969 
f 784/775/966 785/776/967 794/785/976 
f 791/782/973 784/775/966 794/785/976 
f 795/786/977 791/787/973 794/788/978 
f 792/789/979 796/790/980 794/788/978 
f 794/785/976 785/776/967 792/783/974 
f 795/786/977 797/791/981 791/787/973 
f 792/783/974 788/779/970 793/784/975 
f 798/792/982 799/793/983 793/784/975 
f 800/786/984 792/789/979 793/794/975 
f 801/795/985 800/786/984 793/794/975 
f 793/784/975 787/778/969 798/792/982 
f 787/778/969 789/780/971 798/792/982 
f 802/796/986 799/793/983 798/792/982 
f 798/792/982 789/780/971 802/796/986 
f 789/780/971 791/782/973 802/796/986 
f 791/787/973 803/797/987 802/798/988 
f 796/790/980 792/789/979 804/799/989 
f 800/786/984 805/800/990 804/799/989 
f 795/786/977 794/788/978 796/790/980 
f 804/799/989 806/801/991 796/790/980 
f 807/802/992 797/791/981 795/786/977 
f 796/790/980 808/803/993 795/786/977 
f 804/799/989 792/789/979 800/786/984 
f 809/804/994 801/795/985 797/791/981 
f 801/795/985 803/797/987 797/791/981 
f 791/787/973 797/791/981 803/797/987 
f 801/795/985 793/794/975 799/805/995 
f 803/797/987 801/795/985 799/805/995 
f 802/798/988 803/797/987 799/805/995 
f 810/806/996 808/803/993 806/801/991 
f 804/799/989 805/800/990 806/801/991 
f 805/800/990 810/806/996 806/801/991 
f 796/790/980 806/801/991 808/803/993 
f 810/806/996 811/807/997 808/803/993 
f 800/786/984 801/795/985 805/800/990 
f 812/808/998 813/809/999 805/800/990 
f 809/804/994 797/791/981 807/802/992 
f 795/786/977 808/803/993 807/802/992 
f 814/810/1000 809/804/994 807/802/992 
f 805/800/990 801/795/985 812/808/998 
f 801/795/985 809/804/994 812/808/998 
f 809/804/994 813/809/999 812/808/998 
f 813/809/999 809/804/994 815/811/1001 
f 815/811/1001 814/810/1000 813/809/999 
f 807/802/992 808/803/993 814/810/1000 
f 815/811/1001 809/804/994 814/810/1000 
f 811/807/997 816/812/1002 814/810/1000 
f 805/800/990 813/809/999 816/812/1002 
f 813/809/999 814/810/1000 816/812/1002 
f 805/800/990 816/812/1002 810/806/996 
f 816/812/1002 811/807/997 810/806/996 
f 814/810/1000 808/803/993 811/807/997 
f 773/761/952 626/474/741 479/813/574 
f 478/439/573 743/721/903 479/440/574 
f 773/761/952 817/814/1003 775/763/954 
f 817/814/1003 818/759/1004 775/763/954 
f 541/489/641 543/491/643 778/766/957 
f 543/491/643 546/493/646 778/766/957 
f 776/764/955 819/493/1005 778/766/957 
f 775/763/954 818/759/1004 776/764/955 
f 773/761/952 479/813/574 817/814/1003 
f 820/761/1006 818/759/1004 817/814/1003 
f 479/813/574 820/761/1006 817/814/1003 
f 615/562/727 542/639/811 541/815/1007 
f 522/465/621 570/513/672 524/466/623 
f 524/466/623 570/513/672 614/486/726 
f 613/482/725 821/757/1008 614/486/726 
f 616/565/730 822/756/1009 613/482/725 
f 615/562/727 823/816/1010 616/563/728 
f 823/770/1011 822/756/1009 616/565/730 
f 541/489/641 778/766/957 819/493/1005 
f 615/562/727 541/815/1007 819/817/1012 
f 819/493/1005 776/764/955 824/762/1013 
f 825/765/1014 819/493/1005 824/762/1013 
f 776/764/955 818/759/1004 824/762/1013 
f 826/760/1015 824/762/1013 818/759/1004 
f 523/472/622 524/466/623 525/473/624 
f 524/466/623 821/757/1008 525/473/624 
f 821/757/1008 826/760/1015 525/473/624 
f 524/466/623 614/486/726 821/757/1008 
f 822/756/1009 825/765/1014 821/757/1008 
f 821/757/1008 613/482/725 822/756/1009 
f 823/770/1011 827/769/1016 822/756/1009 
f 615/562/727 827/818/1017 823/816/1010 
f 819/493/1005 825/765/1014 827/769/1016 
f 615/562/727 819/817/1012 827/818/1017 
f 822/756/1009 827/769/1016 825/765/1014 
f 825/765/1014 824/762/1013 826/760/1015 
f 818/759/1004 820/761/1006 826/760/1015 
f 821/757/1008 825/765/1014 826/760/1015 
f 820/761/1006 479/813/574 828/768/1018 
f 826/760/1015 820/761/1006 828/768/1018 
f 525/473/624 826/760/1015 828/768/1018 
f 828/768/1018 479/813/574 526/474/625 
f 525/473/624 828/768/1018 526/474/625 
f 664/618/790 523/641/820 526/722/904 
f 479/440/574 743/721/903 526/722/904 
f 829/807/1019 830/812/1020 831/806/1021 
f 830/812/1020 832/800/1022 831/806/1021 
f 833/810/1023 834/809/1024 830/812/1020 
f 834/809/1024 835/808/1025 830/812/1020 
f 830/812/1020 829/807/1019 833/810/1023 
f 836/804/1026 837/811/1027 833/810/1023 
f 837/811/1027 834/809/1024 833/810/1023 
f 829/807/1019 838/802/1028 833/810/1023 
f 836/804/1026 834/809/1024 837/811/1027 
f 834/809/1024 836/804/1026 835/808/1025 
f 839/795/1029 832/800/1022 835/808/1025 
f 836/804/1026 839/795/1029 835/808/1025 
f 838/802/1028 840/791/1030 836/804/1026 
f 836/804/1026 833/810/1023 838/802/1028 
f 841/803/1031 842/790/1032 838/802/1028 
f 843/786/1033 840/791/1030 838/802/1028 
f 829/807/1019 831/806/1021 841/803/1031 
f 838/802/1028 829/807/1019 841/803/1031 
f 844/801/1034 842/790/1032 841/803/1031 
f 830/812/1020 835/808/1025 832/800/1022 
f 839/795/1029 845/786/1035 832/800/1022 
f 841/803/1031 831/806/1021 844/801/1034 
f 831/806/1021 832/800/1022 844/801/1034 
f 832/800/1022 845/786/1035 844/801/1034 
f 839/795/1029 846/797/1036 847/805/1037 
f 848/794/1038 839/795/1029 847/805/1037 
f 846/797/1036 849/798/1039 847/805/1037 
f 844/801/1034 845/786/1035 850/799/1040 
f 851/789/1041 842/790/1032 850/799/1040 
f 844/801/1034 850/799/1040 842/790/1032 
f 852/788/1042 843/786/1033 842/790/1032 
f 840/791/1030 853/787/1043 846/797/1036 
f 838/802/1028 842/790/1032 843/786/1033 
f 839/795/1029 836/804/1026 840/791/1030 
f 846/797/1036 839/795/1029 840/791/1030 
f 843/786/1033 853/787/1043 840/791/1030 
f 854/779/1044 851/783/1041 848/784/1038 
f 847/793/1037 855/792/1045 848/784/1038 
f 855/792/1045 856/778/1046 848/784/1038 
f 850/799/1040 845/786/1035 848/794/1038 
f 845/786/1035 839/795/1029 848/794/1038 
f 857/776/1047 852/785/1048 851/783/1041 
f 850/799/1040 848/794/1038 851/789/1041 
f 858/780/1049 855/792/1045 849/796/1050 
f 853/782/1043 858/780/1049 849/796/1050 
f 846/797/1036 853/787/1043 849/798/1039 
f 847/793/1037 849/796/1050 855/792/1045 
f 858/780/1049 856/778/1046 855/792/1045 
f 857/776/1047 859/775/1051 852/785/1048 
f 853/787/1043 843/786/1033 852/788/1042 
f 842/790/1032 851/789/1041 852/788/1042 
f 853/782/1043 852/785/1048 859/775/1051 
f 858/780/1049 860/777/1052 856/778/1046 
f 857/776/1047 851/783/1041 854/779/1044 
f 848/784/1038 856/778/1046 854/779/1044 
f 861/773/1053 859/775/1054 857/776/1055 
f 858/780/1049 853/782/1043 862/781/1056 
f 853/782/1043 859/775/1051 862/781/1056 
f 860/777/1052 858/780/1049 863/772/1057 
f 862/781/1058 859/775/1054 863/772/1057 
f 858/780/1049 862/781/1058 863/772/1057 
f 863/772/1057 859/775/1054 864/774/1059 
f 861/773/1053 863/772/1057 864/774/1059 
f 854/779/1060 856/778/1046 860/777/1052 
f 857/776/1055 854/779/1060 860/777/1052 
f 863/772/1057 861/773/1053 860/777/1052 
f 864/774/1059 859/775/1054 861/773/1053 
f 857/776/1055 860/777/1052 861/773/1053 
f 865/819/1061 866/820/1062 867/821/1063 
f 867/821/1063 866/820/1062 868/822/1064 
f 869/823/1065 866/820/1062 865/819/1061 
f 868/822/1064 866/820/1062 870/824/1066 
f 871/825/1067 866/820/1062 869/823/1065 
f 870/824/1066 866/820/1062 872/826/1068 
f 873/827/1069 866/820/1062 871/825/1067 
f 872/826/1068 866/820/1062 874/828/1070 
f 875/829/1071 866/820/1062 873/827/1069 
f 874/828/1070 866/820/1062 875/829/1071 
f 462/423/557 464/425/559 492/453/587 
f 876/830/1072 493/454/588 492/453/587 
f 464/425/559 877/831/1073 492/453/587 
f 878/831/1074 460/421/555 494/455/589 
f 460/421/555 495/423/590 494/455/589 
f 879/832/1075 880/830/1076 494/455/589 
f 749/731/912 748/730/911 504/460/599 
f 758/751/929 760/731/931 501/458/596 
f 879/832/1075 496/456/591 499/457/594 
f 504/460/599 881/833/1077 499/457/594 
f 882/834/1078 501/458/596 488/449/583 
f 490/451/585 493/454/588 488/449/583 
f 486/447/581 883/835/1079 748/730/911 
f 884/836/1080 583/532/690 758/751/929 
f 758/751/929 501/458/596 882/834/1078 
f 885/837/1081 758/751/929 882/834/1078 
f 886/838/1082 885/837/1081 882/834/1078 
f 488/449/583 493/454/588 882/834/1078 
f 504/460/599 748/730/911 881/833/1077 
f 748/730/911 887/839/1083 881/833/1077 
f 887/839/1083 888/840/1084 881/833/1077 
f 889/841/1085 884/836/1080 885/837/1081 
f 890/842/1086 889/841/1085 885/837/1081 
f 891/843/1087 892/842/1088 887/839/1083 
f 883/835/1079 891/843/1087 887/839/1083 
f 890/842/1086 885/837/1081 893/844/1089 
f 894/845/1090 895/846/1091 893/844/1089 
f 887/839/1083 892/842/1088 896/847/1092 
f 894/848/1093 897/849/1094 896/847/1092 
f 887/839/1083 748/730/911 883/835/1079 
f 485/446/580 891/843/1087 883/835/1079 
f 486/447/581 485/446/580 883/835/1079 
f 582/533/691 583/532/690 884/836/1080 
f 758/751/929 885/837/1081 884/836/1080 
f 889/841/1085 582/533/691 884/836/1080 
f 896/847/1092 895/850/1095 894/848/1093 
f 895/851/1096 898/852/1097 890/853/1098 
f 893/844/1089 895/846/1091 890/842/1086 
f 895/850/1095 896/847/1092 892/842/1088 
f 899/854/1099 895/851/1096 892/855/1100 
f 900/856/1101 898/852/1097 895/851/1096 
f 890/853/1098 762/753/934 889/857/1102 
f 751/733/915 892/855/1100 891/858/1103 
f 889/857/1102 762/753/934 582/531/689 
f 751/733/915 891/858/1103 485/528/686 
f 762/753/934 890/853/1098 898/852/1097 
f 900/856/1101 901/859/1104 898/852/1097 
f 900/856/1101 895/851/1096 899/854/1099 
f 892/855/1100 751/733/915 899/854/1099 
f 902/860/1105 900/856/1101 899/854/1099 
f 903/861/1106 904/862/1107 905/863/1106 
f 904/862/1107 903/861/1106 906/864/1107 
f 572/516/675 576/519/679 907/865/1108 
f 904/862/1107 906/864/1107 908/866/1109 
f 908/866/1109 906/864/1107 909/867/1110 
f 572/516/675 899/854/1099 751/733/915 
f 574/518/677 576/519/679 572/516/675 
f 907/865/1108 902/860/1105 572/516/675 
f 910/868/1111 909/867/1110 911/869/1111 
f 912/870/1112 910/868/1111 911/869/1111 
f 908/866/1109 909/867/1110 910/868/1111 
f 913/871/1113 910/868/1111 912/870/1112 
f 899/854/1099 572/516/675 902/860/1105 
f 914/872/1114 915/873/1115 902/860/1105 
f 902/860/1105 907/865/1108 914/872/1114 
f 907/865/1108 916/874/1116 914/872/1114 
f 913/871/1113 912/870/1112 917/875/1117 
f 918/876/1117 919/877/1118 917/875/1117 
f 917/875/1117 912/870/1112 918/876/1117 
f 915/873/1115 914/872/1114 920/878/1119 
f 921/879/1120 915/873/1115 920/878/1119 
f 914/872/1114 922/880/1121 920/878/1119 
f 900/856/1101 902/860/1105 915/873/1115 
f 901/859/1104 900/856/1101 915/873/1115 
f 919/877/1118 918/876/1117 923/881/1118 
f 924/876/1122 919/877/1118 923/881/1118 
f 925/870/1123 926/875/1122 924/876/1122 
f 919/877/1118 924/876/1122 926/875/1122 
f 927/882/1124 901/859/1104 921/879/1120 
f 639/586/757 898/852/1097 901/859/1104 
f 915/873/1115 921/879/1120 901/859/1104 
f 928/871/1123 926/875/1122 925/870/1123 
f 929/868/1125 928/871/1123 925/870/1123 
f 929/868/1125 925/870/1123 930/869/1125 
f 931/867/1126 929/868/1125 930/869/1125 
f 581/530/688 580/529/687 639/586/757 
f 580/529/687 762/753/934 639/586/757 
f 901/859/1104 927/882/1124 639/586/757 
f 898/852/1097 639/586/757 762/753/934 
f 932/866/1126 929/868/1125 931/867/1126 
f 933/864/1127 932/866/1126 931/867/1126 
f 548/495/648 639/586/757 927/882/1124 
f 934/862/1127 932/866/1126 933/864/1127 
f 935/861/1128 934/862/1127 933/864/1127 
f 934/862/1127 935/861/1128 936/863/1128 
f 937/883/1129 560/498/662 500/682/595 
f 560/498/662 561/506/663 500/682/595 
f 273/884/327 69/885/1130 500/682/595 
f 557/506/659 551/498/651 487/682/582 
f 551/498/651 938/883/1131 487/682/582 
f 81/884/85 487/682/582 78/885/1132 
f 65/50/67 66/51/68 78/61/82 
f 77/30/81 81/64/85 78/61/82 
f 273/64/327 39/30/40 69/52/71 
f 68/50/70 62/49/64 939/886/1133 
f 62/49/64 65/50/67 939/886/1133 
f 939/887/1134 940/888/1135 68/889/1136 
f 78/885/1132 938/883/1131 65/890/1137 
f 941/888/1138 939/887/1134 65/889/1137 
f 942/891/1139 920/878/1119 943/892/1140 
f 944/893/1141 942/891/1139 943/892/1140 
f 920/878/1119 922/880/1121 943/892/1140 
f 922/880/1121 944/893/1141 943/892/1140 
f 921/879/1120 920/878/1119 942/891/1139 
f 550/497/650 921/879/1120 942/891/1139 
f 914/872/1114 916/874/1116 922/880/1121 
f 558/502/660 560/498/662 937/883/1129 
f 500/682/595 69/885/1130 937/883/1129 
f 69/885/1130 68/890/1136 937/883/1129 
f 940/894/1135 945/895/1142 937/883/1129 
f 78/885/1132 487/682/582 938/883/1131 
f 551/498/651 553/502/655 938/883/1131 
f 946/896/1143 947/897/1144 948/898/1145 
f 937/883/1129 945/895/1142 558/502/660 
f 916/874/1116 559/521/681 575/899/1146 
f 949/900/1147 916/874/1116 575/899/1146 
f 576/519/679 559/521/681 916/874/1116 
f 907/865/1108 576/519/679 916/874/1116 
f 946/896/1143 950/901/1144 947/897/1144 
f 950/901/1144 951/902/1148 947/897/1144 
f 950/901/1144 952/903/1149 951/902/1148 
f 952/903/1149 953/904/1150 951/902/1148 
f 949/905/1151 558/502/660 945/895/1142 
f 940/894/1135 954/906/1152 945/895/1142 
f 575/501/678 558/502/660 949/905/1151 
f 945/895/1142 944/907/1153 949/905/1151 
f 922/880/1121 916/874/1116 949/900/1147 
f 937/883/1129 68/890/1136 940/894/1135 
f 955/908/1154 954/909/1155 940/888/1135 
f 956/910/1156 957/911/1150 953/904/1150 
f 951/902/1148 953/904/1150 957/911/1150 
f 940/888/1135 939/887/1134 955/908/1154 
f 939/887/1134 941/888/1138 955/908/1154 
f 944/907/1153 945/895/1142 954/906/1152 
f 958/895/1157 944/907/1153 954/906/1152 
f 955/908/1154 941/888/1138 954/909/1155 
f 959/912/1158 942/891/1139 944/893/1141 
f 922/880/1121 949/900/1147 944/893/1141 
f 957/911/1150 956/910/1156 960/913/1156 
f 956/910/1156 961/911/1159 960/913/1156 
f 962/904/1159 963/902/1160 961/911/1159 
f 961/911/1159 956/910/1156 962/904/1159 
f 964/903/1161 963/902/1160 962/904/1159 
f 65/890/1137 938/883/1131 941/894/1162 
f 550/497/650 942/891/1139 959/912/1158 
f 944/907/1153 958/895/1157 959/905/1163 
f 941/894/1162 938/883/1131 958/895/1157 
f 954/906/1152 941/894/1162 958/895/1157 
f 553/502/655 959/905/1163 958/895/1157 
f 965/901/1164 963/902/1160 964/903/1161 
f 965/901/1164 966/897/1164 963/902/1160 
f 965/901/1164 967/896/1165 966/897/1164 
f 927/882/1124 921/879/1120 550/497/650 
f 548/495/648 927/882/1124 550/497/650 
f 550/497/650 959/912/1158 552/914/1166 
f 549/496/649 550/497/650 552/914/1166 
f 958/895/1157 938/883/1131 553/502/655 
f 552/501/654 959/905/1163 553/502/655 
f 966/897/1164 967/896/1165 968/898/1167 
f 969/915/1168 466/427/561 458/426/553 
f 595/546/705 459/420/554 458/419/553 
f 876/830/1072 970/916/1169 493/454/588 
f 494/455/589 496/456/591 879/832/1075 
f 499/457/594 881/833/1077 879/832/1075 
f 969/917/1170 458/419/553 461/422/556 
f 460/421/555 878/831/1074 461/422/556 
f 971/918/1171 972/919/1172 461/422/556 
f 877/831/1073 464/425/559 466/427/561 
f 972/920/1173 973/918/1174 466/427/561 
f 893/844/1089 885/837/1081 886/838/1082 
f 897/921/1175 893/844/1089 886/838/1082 
f 882/834/1078 493/454/588 886/838/1082 
f 970/916/1169 974/922/1176 886/838/1082 
f 493/454/588 970/916/1169 886/838/1082 
f 879/832/1075 881/833/1077 888/840/1084 
f 887/839/1083 896/847/1092 888/840/1084 
f 975/923/1177 879/832/1075 888/840/1084 
f 896/847/1092 897/849/1094 888/840/1084 
f 974/924/1178 975/923/1177 888/840/1084 
f 877/831/1073 976/925/1179 876/830/1072 
f 977/926/1180 878/831/1074 880/830/1076 
f 876/830/1072 492/453/587 877/831/1073 
f 973/918/1174 976/925/1179 877/831/1073 
f 466/427/561 973/918/1174 877/831/1073 
f 971/918/1171 461/422/556 878/831/1074 
f 494/455/589 880/830/1076 878/831/1074 
f 974/924/1178 888/840/1084 897/849/1094 
f 894/845/1090 893/844/1089 897/921/1175 
f 886/838/1082 974/922/1176 897/921/1175 
f 970/916/1169 978/927/1181 974/922/1176 
f 978/928/1182 975/923/1177 974/924/1178 
f 880/830/1076 879/832/1075 975/923/1177 
f 979/929/1183 880/830/1076 975/923/1177 
f 876/830/1072 980/930/1184 970/916/1169 
f 980/930/1184 978/927/1181 970/916/1169 
f 981/931/1185 982/932/1186 980/930/1184 
f 976/925/1179 981/931/1185 980/930/1184 
f 983/933/1187 977/926/1180 979/929/1183 
f 980/930/1184 982/932/1186 978/927/1181 
f 979/929/1183 975/923/1177 978/928/1182 
f 982/934/1188 979/929/1183 978/928/1182 
f 980/930/1184 876/830/1072 976/925/1179 
f 984/935/1189 981/931/1185 976/925/1179 
f 973/918/1174 984/935/1189 976/925/1179 
f 971/918/1171 878/831/1074 977/926/1180 
f 880/830/1076 979/929/1183 977/926/1180 
f 985/935/1190 971/918/1171 977/926/1180 
f 986/936/1191 987/937/1192 988/938/1193 
f 985/939/1190 989/940/1194 988/941/1193 
f 990/942/1195 988/938/1193 989/943/1194 
f 983/944/1196 991/945/1197 989/940/1194 
f 992/946/1198 986/936/1191 990/942/1195 
f 989/943/1194 993/947/1199 990/942/1195 
f 988/938/1193 990/942/1195 986/936/1191 
f 994/948/1200 987/937/1192 986/936/1191 
f 995/949/1201 996/950/1202 986/936/1191 
f 985/935/1190 977/926/1180 983/933/1187 
f 989/940/1194 985/939/1190 983/944/1196 
f 982/951/1186 991/945/1197 983/944/1196 
f 995/949/1201 986/936/1191 992/946/1198 
f 997/952/1203 995/949/1201 992/946/1198 
f 997/952/1203 996/950/1202 995/949/1201 
f 983/933/1187 979/929/1183 982/934/1188 
f 993/947/1199 989/943/1194 991/953/1204 
f 998/954/1205 993/947/1199 991/953/1204 
f 982/951/1186 981/955/1206 991/945/1197 
f 999/956/1207 990/942/1195 993/947/1199 
f 1000/957/1208 999/956/1207 993/947/1199 
f 466/427/561 969/915/1168 972/920/1173 
f 969/917/1170 461/422/556 972/919/1172 
f 1001/958/1209 973/918/1174 972/920/1210 
f 971/918/1171 1001/958/1211 972/919/1212 
f 971/918/1171 985/935/1190 1001/958/1211 
f 984/935/1189 973/918/1174 1001/958/1209 
f 985/939/1190 988/941/1193 1001/959/1213 
f 992/946/1198 990/942/1195 999/956/1207 
f 997/952/1203 992/946/1198 999/956/1207 
f 1002/960/1214 997/952/1203 999/956/1207 
f 994/948/1200 1003/961/1215 987/937/1192 
f 1001/959/1213 988/941/1193 987/962/1192 
f 1004/963/1216 1001/959/1213 987/962/1192 
f 986/936/1191 996/950/1202 994/948/1200 
f 996/950/1202 1003/961/1215 994/948/1200 
f 996/950/1202 997/952/1203 1005/964/1217 
f 1005/964/1217 997/952/1203 1002/960/1214 
f 984/965/1189 998/966/1205 981/955/1206 
f 996/950/1202 1005/964/1217 1003/961/1215 
f 1005/964/1217 1002/960/1214 1003/961/1215 
f 1000/957/1208 1004/967/1216 1003/961/1215 
f 1002/960/1214 999/956/1207 1000/957/1208 
f 1003/961/1215 1002/960/1214 1000/957/1208 
f 993/947/1199 998/954/1205 1000/957/1208 
f 1004/967/1216 1000/957/1208 998/954/1205 
f 991/945/1197 981/955/1206 998/966/1205 
f 987/937/1192 1003/961/1215 1004/967/1216 
f 984/965/1189 1001/959/1213 1004/963/1216 
f 998/966/1205 984/965/1189 1004/963/1216 
f 1006/968/1218 1007/969/1219 1008/970/1220 
f 1006/968/1218 1008/970/1220 1009/971/1221 
f 1006/968/1218 1010/972/1222 1007/969/1219 
f 1006/968/1218 1009/971/1221 1011/973/1223 
f 1006/968/1218 1012/974/1224 1010/972/1222 
f 1006/968/1218 1011/973/1223 1013/975/1225 
f 1006/968/1218 1014/976/1226 1012/974/1224 
f 1006/968/1218 1013/975/1225 1015/977/1227 
f 1006/968/1218 1016/978/1228 1014/976/1226 
f 1006/968/1218 1015/977/1227 1016/978/1228 
f 1017/979/1229 1018/980/1229 1019/981/1229 
f 1020/982/1230 1021/983/1230 1019/981/1230 
f 1022/984/1231 1020/982/1231 1019/981/1231 
f 1023/985/1232 1024/986/1232 1025/987/1232 
f 1026/988/1233 1027/989/1233 1025/987/1233 
f 1025/987/1234 1027/989/1234 1028/990/1234 
f 1022/984/1235 1029/991/1235 1028/992/1235 
f 1027/993/1236 1030/994/1236 1028/992/1236 
f 1031/995/1237 1032/981/1237 1033/984/1237 
f 1034/994/1238 1035/992/1238 1033/984/1238 
f 1019/981/1239 1036/995/1239 1022/984/1239 
f 1028/992/1240 1030/994/1240 1022/984/1240 
f 1025/987/1241 1028/990/1241 1029/996/1241 
f 1035/990/1242 1037/987/1242 1029/996/1242 
f 1025/987/1243 1029/996/1243 1023/985/1243 
f 1029/996/1244 1037/987/1244 1023/985/1244 
f 1038/997/1245 2/998/1245 1039/999/1245 
f 2/998/1246 12/1000/1246 1039/999/1246 
f 1040/1001/1247 1041/1002/1247 1039/999/1247 
f 1039/999/1248 12/1000/1248 1040/1001/1248 
f 12/1000/1249 11/1003/1249 1040/1001/1249 
f 1042/1004/1250 1018/980/1250 1040/1001/1250 
f 3/1005/1251 2/998/1251 1038/997/1251 
f 1043/1006/1252 1044/1007/1252 1038/997/1252 
f 1040/1001/1253 11/1003/1253 1042/1004/1253 
f 11/1003/1254 19/1008/1254 1042/1004/1254 
f 1044/1009/1255 15/1010/1255 9/1011/1255 
f 3/1005/1256 1038/997/1256 9/1012/1256 
f 1045/1013/1257 15/1010/1257 1044/1009/1257 
f 9/1012/1258 1038/997/1258 1044/1007/1258 
f 1045/1013/1259 1046/1007/1259 15/1010/1259 
f 7/1003/1260 1047/1004/1260 19/1008/1260 
f 15/1010/1261 1046/1007/1261 16/1012/1261 
f 6/1000/1262 1048/1001/1262 7/1003/1262 
f 21/998/1263 1049/999/1263 6/1000/1263 
f 17/1005/1264 1050/997/1264 21/998/1264 
f 1042/1004/1265 19/1008/1265 1051/1014/1265 
f 19/1008/1266 1047/1004/1266 1051/1014/1266 
f 1047/1004/1267 1031/995/1267 1051/1014/1267 
f 1044/1009/1268 1052/1015/1268 1045/1013/1268 
f 7/1003/1269 1048/1001/1269 1047/1004/1269 
f 1053/980/1270 1047/1004/1270 1048/1001/1270 
f 6/1000/1271 1049/999/1271 1048/1001/1271 
f 1050/997/1272 16/1012/1272 1046/1007/1272 
f 1054/1002/1273 1048/1001/1273 1049/999/1273 
f 21/998/1274 1050/997/1274 1049/999/1274 
f 1050/997/1275 1055/1006/1275 1049/999/1275 
f 17/1005/1276 16/1012/1276 1050/997/1276 
f 1046/1007/1277 1055/1006/1277 1050/997/1277 
f 1043/1006/1278 1039/999/1278 1041/1002/1278 
f 1018/980/1279 1017/979/1279 1041/1002/1279 
f 1038/997/1280 1039/999/1280 1043/1006/1280 
f 1041/1002/1281 1056/1016/1281 1043/1006/1281 
f 1041/1002/1282 1040/1001/1282 1018/980/1282 
f 1057/1017/1283 1022/984/1283 1036/995/1283 
f 1018/980/1284 1042/1004/1284 1036/995/1284 
f 1042/1004/1285 1051/1014/1285 1036/995/1285 
f 1019/981/1286 1018/980/1286 1036/995/1286 
f 1023/985/1287 1058/1018/1287 1052/1015/1287 
f 1024/986/1288 1023/985/1288 1052/1019/1288 
f 1044/1007/1289 1043/1006/1289 1052/1019/1289 
f 1043/1006/1290 1056/1016/1290 1052/1019/1290 
f 1029/991/1291 1022/984/1291 1057/1017/1291 
f 1033/984/1292 1029/991/1292 1057/1017/1292 
f 1036/995/1293 1051/1014/1293 1057/1017/1293 
f 1051/1014/1294 1031/995/1294 1057/1017/1294 
f 1059/1019/1295 1045/1013/1295 1058/1018/1295 
f 1045/1013/1296 1052/1015/1296 1058/1018/1296 
f 1058/1018/1297 1023/985/1297 1059/1019/1297 
f 1046/1007/1298 1045/1013/1298 1059/1019/1298 
f 1055/1006/1299 1046/1007/1299 1059/1019/1299 
f 1060/1016/1300 1055/1006/1300 1059/1019/1300 
f 1023/985/1301 1061/986/1301 1059/1019/1301 
f 1033/984/1302 1057/1017/1302 1031/995/1302 
f 1047/1004/1303 1053/980/1303 1031/995/1303 
f 1053/980/1304 1032/981/1304 1031/995/1304 
f 1048/1001/1305 1054/1002/1305 1053/980/1305 
f 1060/1016/1306 1054/1002/1306 1055/1006/1306 
f 1062/979/1307 1053/980/1307 1054/1002/1307 
f 1049/999/1308 1055/1006/1308 1054/1002/1308 
f 1061/986/1309 1023/985/1309 1037/987/1309 
f 1063/988/1310 1064/1020/1310 1037/987/1310 
f 1065/982/1311 1033/984/1311 1032/981/1311 
f 1053/980/1312 1062/979/1312 1032/981/1312 
f 1066/989/1313 1037/987/1313 1035/990/1313 
f 1029/991/1314 1033/984/1314 1035/992/1314 
f 1067/1021/1315 1068/1022/1315 1069/1023/1315 
f 1070/1024/1316 1065/982/1316 1071/1025/1316 
f 1072/1026/1317 1068/1022/1317 1073/1027/1317 
f 1060/1016/1318 1059/1019/1318 1061/986/1318 
f 1037/987/1319 1064/1020/1319 1061/986/1319 
f 1064/1020/1320 1074/1028/1320 1061/986/1320 
f 1075/1029/1321 1069/1023/1321 1076/1030/1321 
f 1077/1031/1322 1078/1032/1322 1076/1030/1322 
f 1069/1023/1323 1068/1022/1323 1072/1026/1323 
f 1076/1030/1324 1069/1023/1324 1079/1033/1324 
f 1077/1031/1325 1076/1030/1325 1079/1033/1325 
f 1072/1026/1326 1073/1027/1326 1080/1034/1326 
f 1081/1035/1327 1072/1026/1327 1080/1034/1327 
f 1073/1027/1328 1074/1028/1328 1080/1034/1328 
f 1079/1033/1329 1069/1023/1329 1081/1035/1329 
f 1069/1023/1330 1072/1026/1330 1081/1035/1330 
f 1063/988/1331 1037/987/1331 1066/989/1331 
f 1077/1031/1332 1063/988/1332 1066/989/1332 
f 1070/1024/1333 1077/1036/1333 1066/993/1333 
f 1077/1031/1334 1079/1033/1334 1063/988/1334 
f 1079/1033/1335 1081/1035/1335 1063/988/1335 
f 1066/993/1336 1035/992/1336 1034/994/1336 
f 1065/982/1337 1070/1024/1337 1034/994/1337 
f 1070/1024/1338 1066/993/1338 1034/994/1338 
f 1033/984/1339 1065/982/1339 1034/994/1339 
f 1081/1035/1340 1080/1034/1340 1064/1020/1340 
f 1063/988/1341 1081/1035/1341 1064/1020/1341 
f 1061/986/1342 1074/1028/1342 1060/1016/1342 
f 1074/1028/1343 1062/979/1343 1060/1016/1343 
f 1082/983/1344 1071/1025/1344 1065/982/1344 
f 1064/1020/1345 1080/1034/1345 1074/1028/1345 
f 1082/983/1346 1062/979/1346 1074/1028/1346 
f 1082/983/1347 1032/981/1347 1062/979/1347 
f 1054/1002/1348 1060/1016/1348 1062/979/1348 
f 1065/982/1349 1032/981/1349 1082/983/1349 
f 1073/1027/1350 1071/1025/1350 1082/983/1350 
f 1074/1028/1351 1073/1027/1351 1082/983/1351 
f 1083/1037/1352 1084/1038/1352 1085/1039/1352 
f 1086/1040/1353 1087/1041/1353 1085/1042/1353 
f 1083/1037/1354 1085/1039/1354 1088/1043/1354 
f 1089/1044/1355 1083/1037/1355 1088/1043/1355 
f 1090/1045/1356 1091/1046/1356 1092/1047/1356 
f 1088/1043/1357 1093/1048/1357 1094/1049/1357 
f 1089/1044/1358 1088/1043/1358 1094/1049/1358 
f 1090/1050/1359 1089/1044/1359 1094/1049/1359 
f 1092/1047/1360 1095/1051/1360 1096/1052/1360 
f 1097/1053/1361 1092/1047/1361 1096/1052/1361 
f 1085/1042/1362 1084/1054/1362 1086/1040/1362 
f 1098/1055/1363 1087/1041/1363 1086/1040/1363 
f 1098/1055/1364 1086/1040/1364 1099/1056/1364 
f 1100/1057/1365 1098/1055/1365 1099/1056/1365 
f 1096/1052/1366 1101/1058/1366 1100/1057/1366 
f 1102/1059/1367 1096/1052/1367 1100/1057/1367 
f 1070/1024/1368 1071/1025/1368 1103/1060/1368 
f 1078/1061/1369 1070/1024/1369 1103/1060/1369 
f 1104/1062/1370 1105/1063/1370 1103/1060/1370 
f 1106/1064/1371 1075/1029/1371 1078/1032/1371 
f 1077/1036/1372 1070/1024/1372 1078/1061/1372 
f 1103/1060/1373 1107/1065/1373 1078/1061/1373 
f 1108/1066/1374 1107/1065/1374 1105/1063/1374 
f 1103/1060/1375 1105/1063/1375 1107/1065/1375 
f 1109/1067/1376 1110/1068/1376 1107/1065/1376 
f 1103/1060/1377 1071/1025/1377 1104/1062/1377 
f 1111/1069/1378 1105/1063/1378 1104/1062/1378 
f 1071/1025/1379 1111/1069/1379 1104/1062/1379 
f 1067/1021/1380 1069/1023/1380 1075/1029/1380 
f 1076/1030/1381 1078/1032/1381 1075/1029/1381 
f 1106/1064/1382 1112/1070/1382 1075/1029/1382 
f 1071/1025/1383 1073/1027/1383 1111/1069/1383 
f 1068/1022/1384 1113/1071/1384 1111/1069/1384 
f 1073/1027/1385 1068/1022/1385 1111/1069/1385 
f 1114/1072/1386 1115/1073/1386 1116/1074/1386 
f 1117/1075/1387 1118/1076/1387 1116/1077/1387 
f 1110/1078/1388 1117/1075/1388 1116/1077/1388 
f 1119/1079/1389 1105/1063/1389 1113/1071/1389 
f 1105/1063/1390 1111/1069/1390 1113/1071/1390 
f 1067/1021/1391 1120/1080/1391 1068/1022/1391 
f 1075/1029/1392 1112/1070/1392 1067/1021/1392 
f 1121/1081/1393 1119/1082/1393 1118/1076/1393 
f 1117/1075/1394 1102/1083/1394 1118/1076/1394 
f 1097/1084/1395 1102/1083/1395 1117/1075/1395 
f 1114/1072/1396 1113/1071/1396 1120/1080/1396 
f 1113/1071/1397 1068/1022/1397 1120/1080/1397 
f 1078/1061/1398 1107/1065/1398 1106/1085/1398 
f 1110/1086/1399 1116/1074/1399 1106/1064/1399 
f 1107/1065/1400 1110/1068/1400 1106/1085/1400 
f 1106/1064/1401 1116/1074/1401 1112/1070/1401 
f 1116/1074/1402 1115/1073/1402 1112/1070/1402 
f 1109/1087/1403 1122/1088/1403 1110/1089/1403 
f 1122/1090/1404 1117/1075/1404 1110/1078/1404 
f 1097/1084/1405 1117/1075/1405 1122/1090/1405 
f 1123/1091/1406 1122/1088/1406 1109/1087/1406 
f 1108/1092/1407 1123/1091/1407 1109/1087/1407 
f 1107/1065/1408 1108/1066/1408 1109/1067/1408 
f 1124/1093/1409 1122/1088/1409 1123/1091/1409 
f 1120/1080/1410 1067/1021/1410 1115/1073/1410 
f 1067/1021/1411 1112/1070/1411 1115/1073/1411 
f 1114/1072/1412 1120/1080/1412 1115/1073/1412 
f 1125/1094/1413 1123/1091/1413 1108/1092/1413 
f 1119/1082/1414 1125/1095/1414 1108/1096/1414 
f 1089/1097/1415 1123/1091/1415 1125/1094/1415 
f 1121/1081/1416 1083/1098/1416 1125/1095/1416 
f 1119/1079/1417 1113/1071/1417 1114/1072/1417 
f 1116/1077/1418 1118/1076/1418 1114/1099/1418 
f 1118/1076/1419 1119/1082/1419 1114/1099/1419 
f 1125/1095/1420 1119/1082/1420 1121/1081/1420 
f 1084/1100/1421 1083/1098/1421 1121/1081/1421 
f 1118/1076/1422 1084/1100/1422 1121/1081/1422 
f 1108/1066/1423 1105/1063/1423 1119/1079/1423 
f 1126/1101/1424 1127/1102/1424 1128/1103/1424 
f 1129/1104/1425 1130/1105/1425 1128/1103/1425 
f 1094/1049/1426 1131/1106/1426 1090/1050/1426 
f 1124/1107/1427 1089/1044/1427 1090/1050/1427 
f 1092/1047/1428 1124/1108/1428 1090/1045/1428 
f 1132/1109/1429 1133/1110/1429 1134/1111/1429 
f 1135/1112/1430 1136/1113/1430 1134/1114/1430 
f 1137/1115/1431 1138/1116/1431 1132/1109/1431 
f 1139/1117/1432 1140/1118/1432 1137/1119/1432 
f 1141/1120/1433 1142/1121/1433 1137/1119/1433 
f 1132/1109/1434 1143/1122/1434 1137/1115/1434 
f 1144/1123/1435 1127/1102/1435 1135/1112/1435 
f 1134/1114/1436 1144/1123/1436 1135/1112/1436 
f 1145/1124/1437 1136/1113/1437 1135/1112/1437 
f 1127/1102/1438 1145/1124/1438 1135/1112/1438 
f 1146/1125/1439 1128/1103/1439 1127/1102/1439 
f 1088/1043/1440 1085/1039/1440 1093/1048/1440 
f 1147/1126/1441 1131/1106/1441 1093/1048/1441 
f 1148/1127/1442 1149/1128/1442 1093/1048/1442 
f 1094/1049/1443 1093/1048/1443 1131/1106/1443 
f 1090/1050/1444 1131/1106/1444 1091/1129/1444 
f 1131/1106/1445 1150/1130/1445 1091/1129/1445 
f 1085/1042/1446 1087/1041/1446 1148/1131/1446 
f 1093/1048/1447 1085/1039/1447 1148/1127/1447 
f 1130/1105/1448 1129/1104/1448 1151/1132/1448 
f 1129/1104/1449 1152/1133/1449 1151/1132/1449 
f 1153/1109/1450 1130/1111/1450 1151/1110/1450 
f 1153/1109/1451 1151/1110/1451 1154/1116/1451 
f 1155/1134/1452 1156/1115/1452 1154/1116/1452 
f 1154/1116/1453 1157/1135/1453 1155/1134/1453 
f 1158/1136/1454 1152/1133/1454 1129/1104/1454 
f 1146/1125/1455 1159/1137/1455 1129/1104/1455 
f 1089/1097/1456 1125/1094/1456 1083/1138/1456 
f 1154/1116/1457 1152/1139/1457 1157/1135/1457 
f 1160/1140/1458 1161/1141/1458 1157/1135/1458 
f 1150/1130/1459 1162/1142/1459 1152/1143/1459 
f 1154/1116/1460 1151/1110/1460 1152/1139/1460 
f 1155/1134/1461 1157/1135/1461 1161/1141/1461 
f 1160/1144/1462 1163/1145/1462 1161/1146/1462 
f 1158/1136/1463 1091/1046/1463 1150/1147/1463 
f 1164/1148/1464 1160/1149/1464 1165/1150/1464 
f 1166/1151/1465 1167/1152/1465 1165/1150/1465 
f 1160/1140/1466 1157/1135/1466 1165/1153/1466 
f 1157/1135/1467 1166/1154/1467 1165/1153/1467 
f 1164/1155/1468 1163/1145/1468 1160/1144/1468 
f 1152/1143/1469 1162/1142/1469 1166/1156/1469 
f 1162/1142/1470 1147/1126/1470 1166/1156/1470 
f 1157/1135/1471 1152/1139/1471 1166/1154/1471 
f 1168/1157/1472 1091/1046/1472 1158/1136/1472 
f 1150/1147/1473 1152/1133/1473 1158/1136/1473 
f 1095/1051/1474 1168/1157/1474 1158/1136/1474 
f 1159/1137/1475 1095/1051/1475 1158/1136/1475 
f 1129/1104/1476 1159/1137/1476 1158/1136/1476 
f 1150/1130/1477 1131/1106/1477 1162/1142/1477 
f 1095/1051/1478 1092/1047/1478 1168/1157/1478 
f 1092/1047/1479 1091/1046/1479 1168/1157/1479 
f 1101/1058/1480 1096/1052/1480 1095/1051/1480 
f 1097/1084/1481 1122/1090/1481 1124/1158/1481 
f 1124/1108/1482 1092/1047/1482 1097/1053/1482 
f 1124/1093/1483 1123/1091/1483 1089/1097/1483 
f 1098/1055/1484 1100/1057/1484 1101/1058/1484 
f 1101/1058/1485 1095/1051/1485 1159/1137/1485 
f 1169/1159/1486 1101/1058/1486 1159/1137/1486 
f 1097/1053/1487 1096/1052/1487 1102/1059/1487 
f 1099/1056/1488 1086/1040/1488 1102/1059/1488 
f 1100/1057/1489 1099/1056/1489 1102/1059/1489 
f 1086/1040/1490 1084/1054/1490 1102/1059/1490 
f 1084/1100/1491 1118/1076/1491 1102/1083/1491 
f 1129/1104/1492 1128/1103/1492 1146/1125/1492 
f 1162/1142/1493 1131/1106/1493 1147/1126/1493 
f 1093/1048/1494 1149/1128/1494 1147/1126/1494 
f 1149/1128/1495 1170/1160/1495 1147/1126/1495 
f 1142/1121/1496 1155/1161/1496 1139/1117/1496 
f 1155/1161/1497 1161/1146/1497 1139/1117/1497 
f 1139/1117/1498 1161/1146/1498 1163/1145/1498 
f 1164/1155/1499 1171/1162/1499 1163/1145/1499 
f 1101/1058/1500 1169/1159/1500 1098/1055/1500 
f 1166/1156/1501 1147/1126/1501 1172/1163/1501 
f 1147/1126/1502 1170/1160/1502 1172/1163/1502 
f 1167/1152/1503 1166/1151/1503 1172/1164/1503 
f 1164/1148/1504 1165/1150/1504 1167/1152/1504 
f 1173/1135/1505 1164/1140/1505 1167/1153/1505 
f 1172/1154/1506 1173/1135/1506 1167/1153/1506 
f 1169/1159/1507 1148/1131/1507 1087/1041/1507 
f 1098/1055/1508 1169/1159/1508 1087/1041/1508 
f 1148/1131/1509 1169/1159/1509 1149/1165/1509 
f 1169/1159/1510 1170/1166/1510 1149/1165/1510 
f 1159/1137/1511 1146/1125/1511 1169/1159/1511 
f 1169/1159/1512 1133/1167/1512 1170/1166/1512 
f 1173/1135/1513 1172/1154/1513 1170/1139/1513 
f 1139/1117/1514 1163/1145/1514 1171/1162/1514 
f 1164/1140/1515 1173/1135/1515 1171/1141/1515 
f 1173/1135/1516 1140/1134/1516 1171/1141/1516 
f 1146/1125/1517 1127/1102/1517 1144/1123/1517 
f 1169/1159/1518 1146/1125/1518 1144/1123/1518 
f 1138/1116/1519 1170/1139/1519 1133/1110/1519 
f 1144/1123/1520 1134/1114/1520 1133/1167/1520 
f 1169/1159/1521 1144/1123/1521 1133/1167/1521 
f 1139/1117/1522 1171/1162/1522 1140/1118/1522 
f 1173/1135/1523 1138/1116/1523 1140/1134/1523 
f 1133/1110/1524 1132/1109/1524 1138/1116/1524 
f 1173/1135/1525 1170/1139/1525 1138/1116/1525 
f 1137/1115/1526 1140/1134/1526 1138/1116/1526 
f 1139/1117/1527 1137/1119/1527 1142/1121/1527 
f 1156/1168/1528 1155/1161/1528 1142/1121/1528 
f 1174/1169/1529 1156/1168/1529 1142/1121/1529 
f 1175/1170/1530 1128/1103/1530 1130/1105/1530 
f 1153/1109/1531 1175/1171/1531 1130/1111/1531 
f 1154/1116/1532 1156/1115/1532 1153/1109/1532 
f 1156/1115/1533 1174/1172/1533 1153/1109/1533 
f 1137/1115/1534 1143/1122/1534 1141/1172/1534 
f 1143/1122/1535 1176/1173/1535 1141/1172/1535 
f 1132/1109/1536 1134/1111/1536 1136/1171/1536 
f 1177/1174/1537 1143/1122/1537 1136/1171/1537 
f 1178/1175/1538 1177/1176/1538 1136/1113/1538 
f 1179/1177/1539 1180/1178/1539 1181/1179/1539 
f 1180/1178/1540 1178/1175/1540 1181/1179/1540 
f 1178/1175/1541 1136/1113/1541 1145/1124/1541 
f 1127/1102/1542 1181/1179/1542 1145/1124/1542 
f 1181/1179/1543 1178/1175/1543 1145/1124/1543 
f 1132/1109/1544 1136/1171/1544 1143/1122/1544 
f 1182/1180/1545 1183/1122/1545 1174/1172/1545 
f 1174/1169/1546 1142/1121/1546 1184/1181/1546 
f 1142/1121/1433 1141/1120/1433 1184/1181/1433 
f 1182/1182/1547 1174/1169/1547 1184/1181/1547 
f 1185/1183/1548 1182/1182/1548 1184/1181/1548 
f 1186/1184/1549 1185/1183/1549 1184/1181/1549 
f 1141/1120/1550 1186/1184/1550 1184/1181/1550 
f 1181/1179/1551 1127/1102/1551 1126/1101/1551 
f 1179/1177/1552 1181/1179/1552 1126/1101/1552 
f 1175/1170/1553 1179/1177/1553 1126/1101/1553 
f 1175/1171/1554 1153/1109/1554 1183/1122/1554 
f 1153/1109/1555 1174/1172/1555 1183/1122/1555 
f 1126/1101/1556 1128/1103/1556 1175/1170/1556 
f 1187/1185/1557 1179/1177/1557 1175/1170/1557 
f 1183/1122/1558 1187/1174/1558 1175/1171/1558 
f 1185/1186/1559 1188/1187/1559 1182/1188/1559 
f 1189/1189/1560 1179/1177/1560 1187/1185/1560 
f 1190/1190/1561 1189/1191/1561 1187/1192/1561 
f 1190/1190/1562 1187/1192/1562 1188/1187/1562 
f 1187/1174/1563 1183/1122/1563 1188/1173/1563 
f 1183/1122/1564 1182/1180/1564 1188/1173/1564 
f 1189/1189/1565 1178/1175/1565 1180/1178/1565 
f 1176/1193/1566 1177/1194/1566 1189/1191/1566 
f 1180/1178/1567 1179/1177/1567 1189/1189/1567 
f 1176/1193/1568 1189/1191/1568 1190/1190/1568 
f 1190/1190/1569 1188/1187/1569 1185/1186/1569 
f 1186/1195/1570 1190/1190/1570 1185/1186/1570 
f 1189/1189/1571 1177/1176/1571 1178/1175/1571 
f 1176/1173/1572 1143/1122/1572 1177/1174/1572 
f 1176/1193/1573 1190/1190/1573 1186/1195/1573 
f 1141/1172/1574 1176/1173/1574 1186/1180/1574 
f 1191/1021/1575 1192/1029/1575 1193/1023/1575 
f 1194/1022/1576 1195/1026/1576 1196/1027/1576 
f 1020/982/1577 1197/1024/1577 1198/1025/1577 
f 1196/1027/1578 1021/983/1578 1198/1025/1578 
f 1197/1024/1579 1199/1060/1579 1198/1025/1579 
f 1200/1020/1580 1025/987/1580 1024/986/1580 
f 1052/1019/1581 1056/1016/1581 1024/986/1581 
f 1193/1023/1582 1192/1029/1582 1201/1030/1582 
f 1201/1030/1583 1202/1031/1583 1203/1033/1583 
f 1193/1023/1584 1201/1030/1584 1203/1033/1584 
f 1194/1022/1585 1193/1023/1585 1195/1026/1585 
f 1193/1023/1586 1204/1035/1586 1195/1026/1586 
f 1205/1028/1587 1196/1027/1587 1206/1034/1587 
f 1196/1027/1588 1195/1026/1588 1206/1034/1588 
f 1195/1026/1589 1204/1035/1589 1206/1034/1589 
f 1204/1035/1590 1200/1020/1590 1206/1034/1590 
f 1193/1023/1591 1203/1033/1591 1204/1035/1591 
f 1203/1033/1592 1026/988/1592 1204/1035/1592 
f 1196/1027/1593 1205/1028/1593 1021/983/1593 
f 1056/1016/1594 1041/1002/1594 1017/979/1594 
f 1019/981/1595 1021/983/1595 1017/979/1595 
f 1021/983/1596 1205/1028/1596 1017/979/1596 
f 1200/1020/1597 1024/986/1597 1205/1028/1597 
f 1206/1034/1598 1200/1020/1598 1205/1028/1598 
f 1198/1025/1599 1021/983/1599 1020/982/1599 
f 1205/1028/1600 1024/986/1600 1056/1016/1600 
f 1017/979/1601 1205/1028/1601 1056/1016/1601 
f 1026/988/1602 1025/987/1602 1200/1020/1602 
f 1204/1035/1603 1026/988/1603 1200/1020/1603 
f 1020/982/1604 1022/984/1604 1030/994/1604 
f 1027/993/1605 1197/1024/1605 1030/994/1605 
f 1197/1024/1606 1020/982/1606 1030/994/1606 
f 1203/1033/1607 1202/1031/1607 1026/988/1607 
f 1026/988/1608 1202/1031/1608 1027/989/1608 
f 1202/1036/1609 1197/1024/1609 1027/993/1609 
f 1207/1038/1610 1208/1037/1610 1209/1039/1610 
f 1209/1039/1611 1208/1037/1611 1210/1043/1611 
f 1208/1037/1612 1211/1044/1612 1210/1043/1612 
f 1212/1046/1613 1213/1045/1613 1214/1047/1613 
f 1211/1044/1614 1213/1050/1614 1215/1049/1614 
f 1210/1043/1615 1211/1044/1615 1215/1049/1615 
f 1214/1047/1616 1216/1053/1616 1217/1052/1616 
f 1218/1051/1617 1214/1047/1617 1217/1052/1617 
f 1219/1055/1618 1220/1056/1618 1221/1040/1618 
f 1207/1054/1619 1209/1042/1619 1221/1040/1619 
f 1219/1055/1620 1222/1057/1620 1220/1056/1620 
f 1217/1052/1621 1223/1059/1621 1222/1057/1621 
f 1224/1058/1622 1217/1052/1622 1222/1057/1622 
f 1202/1031/1623 1201/1030/1623 1225/1032/1623 
f 1192/1029/1624 1226/1064/1624 1225/1032/1624 
f 1197/1024/1625 1202/1036/1625 1225/1061/1625 
f 1227/1065/1626 1199/1060/1626 1225/1061/1626 
f 1197/1024/1627 1225/1061/1627 1199/1060/1627 
f 1228/1063/1628 1229/1062/1628 1199/1060/1628 
f 1230/1066/1629 1231/1079/1629 1228/1063/1629 
f 1227/1065/1630 1230/1066/1630 1228/1063/1630 
f 1232/1068/1631 1233/1067/1631 1227/1065/1631 
f 1228/1063/1632 1199/1060/1632 1227/1065/1632 
f 1234/1069/1633 1198/1025/1633 1229/1062/1633 
f 1198/1025/1634 1199/1060/1634 1229/1062/1634 
f 1228/1063/1635 1234/1069/1635 1229/1062/1635 
f 1225/1032/1636 1201/1030/1636 1192/1029/1636 
f 1235/1070/1637 1226/1064/1637 1192/1029/1637 
f 1236/1076/1638 1237/1075/1638 1238/1077/1638 
f 1237/1075/1639 1232/1078/1639 1238/1077/1639 
f 1194/1022/1640 1196/1027/1640 1234/1069/1640 
f 1196/1027/1641 1198/1025/1641 1234/1069/1641 
f 1239/1071/1642 1194/1022/1642 1234/1069/1642 
f 1234/1069/1643 1228/1063/1643 1239/1071/1643 
f 1228/1063/1644 1231/1079/1644 1239/1071/1644 
f 1231/1079/1645 1240/1072/1645 1239/1071/1645 
f 1191/1021/1646 1193/1023/1646 1194/1022/1646 
f 1241/1080/1647 1191/1021/1647 1194/1022/1647 
f 1223/1083/1648 1237/1075/1648 1236/1076/1648 
f 1231/1082/1649 1242/1081/1649 1236/1076/1649 
f 1223/1083/1650 1216/1084/1650 1237/1075/1650 
f 1194/1022/1651 1239/1071/1651 1241/1080/1651 
f 1239/1071/1652 1240/1072/1652 1241/1080/1652 
f 1240/1072/1653 1238/1074/1653 1243/1073/1653 
f 1241/1080/1654 1240/1072/1654 1243/1073/1654 
f 1235/1070/1655 1191/1021/1655 1243/1073/1655 
f 1191/1021/1656 1241/1080/1656 1243/1073/1656 
f 1207/1100/1657 1236/1076/1657 1242/1081/1657 
f 1231/1082/1658 1244/1095/1658 1242/1081/1658 
f 1236/1076/1659 1238/1077/1659 1240/1099/1659 
f 1231/1082/1660 1236/1076/1660 1240/1099/1660 
f 1245/1091/1661 1211/1097/1661 1244/1094/1661 
f 1208/1098/1662 1242/1081/1662 1244/1095/1662 
f 1245/1091/1663 1244/1094/1663 1230/1092/1663 
f 1244/1095/1664 1231/1082/1664 1230/1096/1664 
f 1246/1088/1665 1247/1093/1665 1245/1091/1665 
f 1245/1091/1666 1230/1092/1666 1233/1087/1666 
f 1246/1088/1667 1245/1091/1667 1233/1087/1667 
f 1230/1066/1668 1227/1065/1668 1233/1067/1668 
f 1237/1075/1669 1216/1084/1669 1246/1090/1669 
f 1246/1088/1670 1233/1087/1670 1232/1089/1670 
f 1237/1075/1671 1246/1090/1671 1232/1078/1671 
f 1243/1073/1672 1238/1074/1672 1235/1070/1672 
f 1238/1074/1673 1226/1064/1673 1235/1070/1673 
f 1192/1029/1674 1191/1021/1674 1235/1070/1674 
f 1238/1074/1675 1232/1086/1675 1226/1064/1675 
f 1232/1068/1676 1227/1065/1676 1226/1085/1676 
f 1227/1065/1677 1225/1061/1677 1226/1085/1677 
f 1248/1105/1678 1249/1104/1678 1250/1103/1678 
f 1249/1104/1679 1251/1125/1679 1250/1103/1679 
f 1252/1102/1680 1253/1101/1680 1250/1103/1680 
f 1253/1101/1681 1254/1170/1681 1250/1103/1681 
f 1247/1108/1682 1214/1047/1682 1213/1045/1682 
f 1255/1113/1683 1256/1112/1683 1257/1114/1683 
f 1258/1110/1684 1259/1109/1684 1257/1111/1684 
f 1260/1118/1685 1261/1117/1685 1262/1119/1685 
f 1263/1121/1686 1264/1120/1686 1262/1119/1686 
f 1265/1123/1687 1257/1114/1687 1256/1112/1687 
f 1266/1124/1688 1252/1102/1688 1256/1112/1688 
f 1252/1102/1689 1265/1123/1689 1256/1112/1689 
f 1251/1125/1690 1265/1123/1690 1252/1102/1690 
f 1250/1103/1691 1251/1125/1691 1252/1102/1691 
f 1209/1039/1692 1210/1043/1692 1267/1048/1692 
f 1210/1043/1693 1215/1049/1693 1267/1048/1693 
f 1268/1128/1694 1269/1127/1694 1267/1048/1694 
f 1270/1106/1695 1271/1126/1695 1267/1048/1695 
f 1267/1048/1696 1215/1049/1696 1270/1106/1696 
f 1215/1049/1697 1213/1050/1697 1270/1106/1697 
f 1270/1106/1698 1213/1050/1698 1212/1129/1698 
f 1272/1130/1699 1270/1106/1699 1212/1129/1699 
f 1273/1041/1700 1209/1042/1700 1269/1131/1700 
f 1209/1039/1701 1267/1048/1701 1269/1127/1701 
f 1274/1109/1702 1275/1116/1702 1276/1110/1702 
f 1277/1133/1703 1249/1104/1703 1276/1132/1703 
f 1249/1104/1704 1248/1105/1704 1276/1132/1704 
f 1278/1168/1705 1263/1121/1705 1279/1161/1705 
f 1280/1135/1706 1275/1116/1706 1279/1134/1706 
f 1244/1094/1707 1211/1097/1707 1208/1138/1707 
f 1207/1100/1708 1242/1081/1708 1208/1098/1708 
f 1262/1115/1709 1259/1109/1709 1281/1116/1709 
f 1259/1109/1710 1258/1110/1710 1281/1116/1710 
f 1262/1115/1711 1281/1116/1711 1260/1134/1711 
f 1281/1116/1712 1282/1135/1712 1260/1134/1712 
f 1283/1162/1713 1261/1117/1713 1260/1118/1713 
f 1257/1114/1714 1265/1123/1714 1258/1167/1714 
f 1265/1123/1715 1284/1159/1715 1258/1167/1715 
f 1285/1139/1716 1281/1116/1716 1258/1110/1716 
f 1251/1125/1717 1284/1159/1717 1265/1123/1717 
f 1260/1134/1718 1282/1135/1718 1283/1141/1718 
f 1282/1135/1719 1286/1140/1719 1283/1141/1719 
f 1287/1145/1720 1261/1117/1720 1283/1162/1720 
f 1268/1128/1721 1271/1126/1721 1285/1160/1721 
f 1258/1167/1722 1284/1159/1722 1285/1166/1722 
f 1282/1135/1723 1281/1116/1723 1285/1139/1723 
f 1288/1154/1724 1282/1135/1724 1285/1139/1724 
f 1251/1125/1725 1289/1137/1725 1284/1159/1725 
f 1284/1159/1726 1269/1131/1726 1268/1165/1726 
f 1285/1166/1727 1284/1159/1727 1268/1165/1727 
f 1221/1040/1728 1209/1042/1728 1273/1041/1728 
f 1219/1055/1729 1221/1040/1729 1273/1041/1729 
f 1269/1131/1730 1284/1159/1730 1273/1041/1730 
f 1284/1159/1731 1219/1055/1731 1273/1041/1731 
f 1290/1150/1732 1286/1148/1732 1291/1152/1732 
f 1286/1140/1733 1282/1135/1733 1291/1153/1733 
f 1282/1135/1734 1288/1154/1734 1291/1153/1734 
f 1285/1160/1735 1271/1126/1735 1288/1163/1735 
f 1271/1126/1736 1292/1156/1736 1288/1163/1736 
f 1292/1151/1737 1291/1152/1737 1288/1164/1737 
f 1284/1159/1738 1224/1058/1738 1219/1055/1738 
f 1283/1162/1739 1286/1155/1739 1287/1145/1739 
f 1293/1146/1740 1261/1117/1740 1287/1145/1740 
f 1286/1155/1741 1294/1144/1741 1287/1145/1741 
f 1293/1146/1742 1279/1161/1742 1261/1117/1742 
f 1279/1161/1743 1263/1121/1743 1261/1117/1743 
f 1268/1128/1744 1267/1048/1744 1271/1126/1744 
f 1270/1106/1745 1295/1142/1745 1271/1126/1745 
f 1295/1142/1746 1292/1156/1746 1271/1126/1746 
f 1236/1076/1747 1207/1100/1747 1223/1083/1747 
f 1207/1054/1748 1221/1040/1748 1223/1059/1748 
f 1221/1040/1749 1220/1056/1749 1223/1059/1749 
f 1220/1056/1750 1222/1057/1750 1223/1059/1750 
f 1217/1052/1751 1216/1053/1751 1223/1059/1751 
f 1251/1125/1752 1249/1104/1752 1289/1137/1752 
f 1224/1058/1753 1284/1159/1753 1289/1137/1753 
f 1222/1057/1754 1219/1055/1754 1224/1058/1754 
f 1247/1107/1755 1213/1050/1755 1211/1044/1755 
f 1245/1091/1756 1247/1093/1756 1211/1097/1756 
f 1214/1047/1757 1247/1108/1757 1216/1053/1757 
f 1246/1090/1758 1216/1084/1758 1247/1158/1758 
f 1224/1058/1759 1289/1137/1759 1218/1051/1759 
f 1217/1052/1760 1224/1058/1760 1218/1051/1760 
f 1212/1046/1761 1214/1047/1761 1296/1157/1761 
f 1214/1047/1762 1218/1051/1762 1296/1157/1762 
f 1270/1106/1763 1272/1130/1763 1295/1142/1763 
f 1272/1130/1764 1277/1143/1764 1295/1142/1764 
f 1289/1137/1765 1249/1104/1765 1297/1136/1765 
f 1218/1051/1766 1289/1137/1766 1297/1136/1766 
f 1296/1157/1767 1218/1051/1767 1297/1136/1767 
f 1212/1046/1768 1296/1157/1768 1297/1136/1768 
f 1277/1133/1769 1272/1147/1769 1297/1136/1769 
f 1295/1142/1770 1277/1143/1770 1292/1156/1770 
f 1277/1139/1771 1280/1135/1771 1292/1154/1771 
f 1294/1149/1772 1286/1148/1772 1290/1150/1772 
f 1291/1152/1773 1292/1151/1773 1290/1150/1773 
f 1280/1135/1774 1294/1140/1774 1290/1153/1774 
f 1292/1154/1775 1280/1135/1775 1290/1153/1775 
f 1212/1046/1776 1297/1136/1776 1272/1147/1776 
f 1287/1145/1777 1294/1144/1777 1293/1146/1777 
f 1280/1135/1778 1279/1134/1778 1293/1141/1778 
f 1297/1136/1779 1249/1104/1779 1277/1133/1779 
f 1276/1110/1780 1275/1116/1780 1277/1139/1780 
f 1277/1139/1781 1275/1116/1781 1280/1135/1781 
f 1293/1141/1782 1294/1140/1782 1280/1135/1782 
f 1262/1119/1783 1261/1117/1783 1263/1121/1783 
f 1278/1168/1784 1298/1169/1784 1263/1121/1784 
f 1279/1134/1785 1275/1116/1785 1278/1115/1785 
f 1274/1109/1786 1276/1110/1786 1248/1111/1786 
f 1254/1171/1787 1274/1109/1787 1248/1111/1787 
f 1250/1103/1788 1254/1170/1788 1248/1105/1788 
f 1278/1115/1789 1275/1116/1789 1274/1109/1789 
f 1299/1122/1790 1262/1115/1790 1264/1172/1790 
f 1300/1173/1791 1299/1122/1791 1264/1172/1791 
f 1266/1124/1792 1256/1112/1792 1255/1113/1792 
f 1301/1176/1793 1302/1175/1793 1255/1113/1793 
f 1257/1111/1794 1259/1109/1794 1255/1171/1794 
f 1299/1122/1795 1301/1174/1795 1255/1171/1795 
f 1302/1175/1796 1303/1178/1796 1304/1179/1796 
f 1303/1178/1797 1305/1177/1797 1304/1179/1797 
f 1304/1179/1798 1252/1102/1798 1266/1124/1798 
f 1302/1175/1799 1304/1179/1799 1266/1124/1799 
f 1255/1113/1800 1302/1175/1800 1266/1124/1800 
f 1255/1171/1801 1259/1109/1801 1299/1122/1801 
f 1259/1109/1802 1262/1115/1802 1299/1122/1802 
f 1278/1115/1803 1274/1109/1803 1298/1172/1803 
f 1264/1120/1686 1263/1121/1686 1306/1181/1686 
f 1307/1184/1804 1264/1120/1804 1306/1181/1804 
f 1263/1121/1805 1298/1169/1805 1306/1181/1805 
f 1308/1183/1806 1307/1184/1806 1306/1181/1806 
f 1309/1182/1807 1308/1183/1807 1306/1181/1807 
f 1298/1169/1808 1309/1182/1808 1306/1181/1808 
f 1252/1102/1809 1304/1179/1809 1253/1101/1809 
f 1304/1179/1810 1305/1177/1810 1253/1101/1810 
f 1305/1177/1811 1254/1170/1811 1253/1101/1811 
f 1300/1173/1812 1264/1172/1812 1307/1180/1812 
f 1310/1189/1813 1302/1175/1813 1301/1176/1813 
f 1299/1122/1814 1300/1173/1814 1301/1174/1814 
f 1310/1189/1815 1303/1178/1815 1302/1175/1815 
f 1311/1190/1816 1307/1195/1816 1308/1186/1816 
f 1300/1193/1817 1307/1195/1817 1311/1190/1817 
f 1310/1191/1818 1300/1193/1818 1311/1190/1818 
f 1305/1177/1819 1303/1178/1819 1310/1189/1819 
f 1301/1194/1820 1300/1193/1820 1310/1191/1820 
f 1311/1190/1821 1308/1186/1821 1312/1187/1821 
f 1313/1192/1822 1311/1190/1822 1312/1187/1822 
f 1314/1122/1823 1313/1174/1823 1312/1173/1823 
f 1298/1172/1824 1314/1122/1824 1312/1173/1824 
f 1310/1191/1825 1311/1190/1825 1313/1192/1825 
f 1305/1177/1826 1310/1189/1826 1313/1185/1826 
f 1312/1187/1827 1308/1186/1827 1309/1188/1827 
f 1298/1172/1828 1312/1173/1828 1309/1180/1828 
f 1313/1174/1829 1314/1122/1829 1254/1171/1829 
f 1305/1177/1830 1313/1185/1830 1254/1170/1830 
f 1298/1172/1831 1274/1109/1831 1314/1122/1831 
f 1274/1109/1832 1254/1171/1832 1314/1122/1832 
f 1315/1196/1833 1316/1197/1833 1317/1198/1833 
f 1316/1197/1834 1318/1199/1834 1317/1198/1834 
f 1317/1198/1835 1318/1199/1835 1319/1200/1835 
f 1320/1201/1836 1316/1197/1836 1315/1196/1836 
f 1321/1202/1837 1320/1201/1837 1315/1196/1837 
f 1322/1201/1838 1323/1203/1838 1321/1204/1838 
f 1319/1200/1839 1324/1205/1839 1325/1206/1839 
f 1322/1201/1840 1321/1204/1840 1326/1196/1840 
f 1327/1198/1841 1328/1197/1841 1326/1196/1841 
f 1325/1206/1842 1329/1199/1842 1330/1200/1842 
f 1330/1200/1843 1329/1199/1843 1327/1198/1843 
f 1320/1201/1844 1331/1207/1844 1316/1197/1844 
f 1331/1207/1845 1332/1208/1845 1316/1197/1845 
f 1324/1205/1846 1319/1200/1846 1318/1199/1846 
f 1316/1197/1847 1332/1208/1847 1318/1199/1847 
f 1332/1208/1848 1333/1209/1848 1318/1199/1848 
f 1334/1210/1849 1331/1207/1849 1320/1201/1849 
f 1323/1211/1850 1334/1210/1850 1320/1201/1850 
f 1335/1210/1851 1336/1212/1851 1323/1203/1851 
f 1320/1201/1852 1321/1202/1852 1323/1211/1852 
f 1336/1213/1853 1334/1210/1853 1323/1211/1853 
f 1329/1199/1854 1325/1206/1854 1324/1205/1854 
f 1333/1209/1855 1329/1199/1855 1324/1205/1855 
f 1318/1199/1856 1333/1209/1856 1324/1205/1856 
f 1335/1210/1857 1323/1203/1857 1322/1201/1857 
f 1326/1196/1858 1328/1197/1858 1322/1201/1858 
f 1337/1207/1859 1335/1210/1859 1322/1201/1859 
f 1338/1208/1860 1328/1197/1860 1329/1199/1860 
f 1333/1209/1861 1338/1208/1861 1329/1199/1861 
f 1337/1207/1862 1322/1201/1862 1328/1197/1862 
f 1327/1198/1863 1329/1199/1863 1328/1197/1863 
f 1338/1208/1864 1337/1207/1864 1328/1197/1864 
f 1334/1210/1865 1339/1214/1865 1331/1207/1865 
f 1331/1207/1866 1340/1215/1866 1332/1208/1866 
f 1340/1215/1867 1341/1216/1867 1332/1208/1867 
f 1342/1217/1868 1339/1214/1868 1334/1210/1868 
f 1343/1218/1869 1342/1217/1869 1334/1210/1869 
f 1335/1210/1870 1344/1217/1870 1336/1212/1870 
f 1343/1218/1871 1334/1210/1871 1336/1213/1871 
f 1332/1208/1872 1341/1216/1872 1333/1209/1872 
f 1345/1214/1873 1344/1217/1873 1335/1210/1873 
f 1346/1215/1874 1337/1207/1874 1338/1208/1874 
f 1333/1209/1875 1341/1216/1875 1338/1208/1875 
f 1345/1214/1876 1335/1210/1876 1337/1207/1876 
f 1346/1215/1877 1345/1214/1877 1337/1207/1877 
f 1347/1219/1878 1348/1220/1878 1339/1214/1878 
f 1331/1207/1879 1339/1214/1879 1340/1215/1879 
f 1339/1214/1880 1349/1221/1880 1340/1215/1880 
f 1349/1221/1881 1350/1222/1881 1340/1215/1881 
f 1347/1219/1882 1339/1214/1882 1342/1217/1882 
f 1351/1223/1883 1347/1219/1883 1342/1217/1883 
f 1351/1223/1884 1342/1217/1884 1343/1218/1884 
f 1336/1212/1885 1344/1217/1885 1343/1224/1885 
f 1344/1217/1886 1351/1223/1886 1343/1224/1886 
f 1350/1222/1887 1346/1215/1887 1341/1216/1887 
f 1340/1215/1888 1350/1222/1888 1341/1216/1888 
f 1345/1214/1889 1352/1219/1889 1344/1217/1889 
f 1338/1208/1890 1341/1216/1890 1346/1215/1890 
f 1353/1221/1891 1345/1214/1891 1346/1215/1891 
f 1354/1220/1892 1352/1219/1892 1345/1214/1892 
f 1353/1221/1893 1354/1220/1893 1345/1214/1893 
f 1347/1219/1894 1355/1225/1894 1348/1220/1894 
f 1339/1214/1895 1348/1220/1895 1349/1221/1895 
f 1355/1225/1896 1356/1226/1896 1349/1221/1896 
f 1349/1221/1897 1348/1220/1897 1355/1225/1897 
f 1356/1226/1898 1347/1219/1898 1351/1223/1898 
f 1344/1217/1899 1352/1219/1899 1351/1223/1899 
f 1356/1226/1900 1353/1221/1900 1350/1222/1900 
f 1349/1221/1901 1356/1226/1901 1350/1222/1901 
f 1355/1225/1902 1347/1219/1902 1356/1226/1902 
f 1351/1223/1903 1357/1225/1903 1356/1226/1903 
f 1353/1221/1904 1356/1226/1904 1357/1225/1904 
f 1357/1225/1905 1351/1223/1905 1352/1219/1905 
f 1354/1220/1906 1357/1225/1906 1352/1219/1906 
f 1346/1215/1907 1350/1222/1907 1353/1221/1907 
f 1353/1221/1908 1357/1225/1908 1354/1220/1908 
# 0 polygons - 2620 triangles

